outfit_id,season,occasion,brand_coherence,season_fit,style_score,color_score,fit_score,style_consistency,formality_match,occasion_fit,contrast_score,clash_penalty,harmony_type,proportion_score,silhouette_balance,fit_quality,final_score,label,source_label
"O00001","summer","casual",1,0.95,0.34,1,0.84,0.38,0.09,0.62,0.92,0,"monochromatic",0.8,0.9,0.8,0.4,"average","good"
"O00002","all-season","casual",0.88,0.85,0.54,0.93,0.84,0.48,0.5,0.88,0.88,0,"monochromatic",0.8,0.9,0.79,0.75,"good","average"
"O00003","summer","date",1,0.45,0.23,0.85,0.84,0.08,0.28,0.68,0.78,0,"mixed_harmonious",0.8,0.9,0.8,0.4,"average","average"
"O00004","winter","office",1,0.6,0.67,0.81,0.84,0.69,0.75,0.78,0.59,0,"mixed_harmonious",0.8,0.9,0.8,0.76,"good","average"
"O00005","all-season","travel",0.88,0.85,0.54,0.93,0.87,0.54,0.5,0.72,0.88,0,"monochromatic",0.8,0.9,0.89,0.76,"good","good"
"O00006","autumn","travel",1,0.6,0.69,0.92,0.84,0.74,0.75,0.72,0.82,0,"mixed_harmonious",0.8,0.9,0.8,0.8,"good","average"
"O00007","all-season","casual",0.88,0.85,0.47,0.85,0.84,0.18,0.75,0.88,0.78,0,"mixed_harmonious",0.8,0.9,0.8,0.42,"average","average"
"O00008","all-season","casual",0.88,0.85,0.32,0.93,0.84,0.07,0.5,0.88,0.88,0,"monochromatic",0.8,0.9,0.79,0.34,"bad","good"
"O00009","summer","date",0.88,0.95,0.27,0.81,0.87,0.09,0.18,0.9,0.59,0,"mixed_harmonious",0.8,0.9,0.89,0.4,"average","good"
"O00010","autumn","casual",0.88,0.6,0.56,1,0.84,0.44,0.75,0.88,0.92,0,"monochromatic",0.8,0.9,0.8,0.78,"good","good"
"O00011","summer","gym",0.88,0.95,0.11,0.98,0.84,0.08,0.09,0.25,0.9,0,"neutral_dominant",0.8,0.9,0.8,0.34,"bad","average"
"O00012","spring","office",1,0.95,0.23,0.98,0.84,0.07,0.09,0.93,0.9,0,"neutral_dominant",0.8,0.9,0.8,0.34,"bad","average"
"O00013","autumn","casual",1,0.6,0.58,0.98,0.84,0.44,0.75,0.88,0.9,0,"neutral_dominant",0.8,0.9,0.8,0.78,"good","average"
"O00014","spring","office",1,0.95,0.62,1,0.84,0.43,0.75,0.93,0.92,0,"monochromatic",0.8,0.9,0.8,0.8,"good","average"
"O00015","summer","casual",0.88,0.95,0.53,1,0.84,0.38,0.75,0.88,0.92,0,"monochromatic",0.8,0.9,0.8,0.76,"good","average"
"O00016","spring","date",1,0.95,0.61,1,0.84,0.42,0.75,0.9,0.92,0,"monochromatic",0.8,0.9,0.8,0.8,"good","good"
"O00017","winter","casual",1,0.95,0.51,0.92,0.84,0.32,0.75,0.88,0.82,0,"mixed_harmonious",0.8,0.9,0.8,0.73,"good","average"
"O00018","winter","office",0.88,0.6,0.59,1,0.84,0.48,0.75,0.93,0.92,0,"monochromatic",0.8,0.9,0.8,0.79,"good","bad"
"O00019","winter","casual",1,0.95,0.64,0.98,0.84,0.48,0.75,0.88,0.91,0,"analogous",0.8,0.9,0.8,0.8,"good","good"
"O00020","winter","gym",1,0.95,0.51,0.98,0.84,0.29,0.75,0.92,0.91,0,"analogous",0.8,0.9,0.8,0.75,"good","average"
"O00021","autumn","date",0.88,0.95,0.11,1,0.84,0.07,0.09,0.32,0.92,0,"monochromatic",0.8,0.9,0.8,0.34,"bad","average"
"O00022","all-season","travel",0.88,0.85,0.37,0.78,0.84,0.44,0.09,0.72,0.63,0,"mixed_harmonious",0.8,0.9,0.79,0.4,"average","average"
"O00023","all-season","casual",1,0.85,0.55,0.85,0.84,0.32,0.75,0.88,0.78,0,"mixed_harmonious",0.8,0.9,0.8,0.73,"good","good"
"O00024","autumn","casual",1,0.95,0.78,0.94,0.84,0.63,1,0.88,0.9,0,"monochromatic",0.8,0.9,0.8,0.85,"good","average"
"O00025","all-season","casual",0.88,0.85,0.59,0.93,0.84,0.43,0.75,0.88,0.88,0,"monochromatic",0.8,0.9,0.8,0.77,"good","average"
"O00026","all-season","office",0.88,0.85,0.29,0.93,0.84,0.44,0.09,0.28,0.88,0,"monochromatic",0.8,0.9,0.79,0.4,"average","average"
"O00027","all-season","office",0.88,0.85,0.61,0.91,0.87,0.46,0.75,0.93,0.86,0,"neutral_dominant",0.8,0.9,0.89,0.78,"good","average"
"O00028","all-season","date",1,0.85,0.56,0.85,0.84,0.44,0.75,0.9,0.8,0,"complementary",0.8,0.9,0.8,0.73,"good","good"
"O00029","summer","casual",0.62,0.8,0.5,1,0.84,0.42,0.75,0.88,0.92,0,"monochromatic",0.8,0.9,0.8,0.75,"good","good"
"O00030","autumn","casual",1,0.95,0.7,0.81,0.84,0.62,0.75,0.88,0.62,0,"complementary",0.8,0.9,0.8,0.78,"good","average"
"O00031","winter","weekend",1,0.6,0.69,0.92,0.84,0.69,0.75,0.88,0.84,0,"complementary",0.8,0.9,0.8,0.8,"good","bad"
"O00032","winter","weekend",0.62,0.95,0.56,1,0.84,0.42,0.75,0.88,0.92,0,"monochromatic",0.8,0.9,0.8,0.78,"good","good"
"O00033","summer","event",1,0.95,0.51,1,0.84,0.3,0.75,0.94,0.92,0,"monochromatic",0.8,0.9,0.8,0.76,"good","bad"
"O00034","autumn","casual",1,0.95,0.7,1,0.84,0.62,0.75,0.88,0.92,0,"monochromatic",0.8,0.9,0.8,0.83,"good","average"
"O00035","all-season","office",0.88,0.85,0.67,0.93,0.84,0.49,1,0.78,0.88,0,"monochromatic",0.8,0.9,0.8,0.8,"good","good"
"O00036","autumn","casual",1,0.95,0.61,1,0.84,0.42,0.75,0.88,0.92,0,"monochromatic",0.8,0.9,0.8,0.8,"good","bad"
"O00037","all-season","casual",1,0.85,0.39,0.74,0.84,0.08,0.75,0.88,0.58,0,"complementary",0.8,0.9,0.8,0.4,"average","average"
"O00038","summer","gym",0.88,0.95,0.24,0.85,0.84,0.14,0.28,0.55,0.67,0,"mixed_harmonious",0.8,0.9,0.8,0.42,"average","average"
"O00039","summer","gym",0.88,0.95,0.11,1,0.84,0.08,0.09,0.25,0.92,0,"monochromatic",0.8,0.9,0.8,0.34,"bad","average"
"O00040","all-season","casual",1,0.85,0.65,0.85,0.84,0.68,0.5,0.88,0.78,0,"mixed_harmonious",0.8,0.9,0.8,0.77,"good","good"
"O00041","summer","gym",1,0.95,0.34,1,0.84,0.07,0.5,0.92,0.92,0,"monochromatic",0.8,0.9,0.8,0.4,"average","good"
"O00042","spring","casual",1,0.95,0.7,1,0.84,0.62,0.75,0.88,0.92,0,"monochromatic",0.8,0.9,0.8,0.83,"good","bad"
"O00043","summer","casual",0.88,0.95,0.16,1,0.84,0.05,0.09,0.62,0.92,0,"monochromatic",0.8,0.9,0.8,0.4,"average","average"
"O00044","summer","date",1,0.95,0.11,1,0.84,0.05,0.09,0.32,0.92,0,"monochromatic",0.8,0.9,0.8,0.4,"average","average"
"O00045","autumn","gym",1,0.6,0.52,0.94,0.84,0.44,0.75,0.55,0.9,0,"monochromatic",0.8,0.9,0.8,0.74,"good","average"
"O00046","autumn","casual",1,0.95,0.19,1,0.84,0.09,0.09,0.62,0.92,0,"monochromatic",0.8,0.9,0.8,0.4,"average","good"
"O00047","summer","travel",1,0.45,0.47,0.85,0.84,0.33,0.75,0.88,0.67,0,"mixed_harmonious",0.8,0.9,0.8,0.7,"average","average"
"O00048","summer","gym",0.88,0.95,0.53,0.92,0.84,0.42,0.5,0.92,0.82,0,"mixed_harmonious",0.8,0.9,0.8,0.74,"good","good"
"O00049","summer","gym",0.88,0.95,0.11,1,0.84,0.08,0.09,0.25,0.92,0,"monochromatic",0.8,0.9,0.8,0.34,"bad","bad"
"O00050","autumn","date",1,0.95,0.61,0.92,0.84,0.42,0.75,0.9,0.82,0,"mixed_harmonious",0.8,0.9,0.8,0.77,"good","average"
"O00051","all-season","office",1,0.85,0.75,0.91,0.84,0.63,1,0.78,0.86,0,"neutral_dominant",0.8,0.9,0.8,0.83,"good","good"
"O00052","all-season","casual",0.88,0.85,0.29,0.93,0.84,0.3,0.09,0.62,0.88,0,"monochromatic",0.8,0.9,0.8,0.4,"average","bad"
"O00053","autumn","casual",1,0.6,0.58,1,0.84,0.44,0.75,0.88,0.92,0,"monochromatic",0.8,0.9,0.8,0.78,"good","average"
"O00054","summer","casual",0.88,0.8,0.53,0.82,0.84,0.42,0.75,0.88,0.82,0,"monochromatic",0.8,0.9,0.8,0.71,"good","bad"
"O00055","autumn","office",1,0.6,0.59,1,0.84,0.44,0.75,0.93,0.92,0,"monochromatic",0.8,0.9,0.8,0.79,"good","bad"
"O00056","winter","casual",1,0.95,0.19,0.98,0.84,0.08,0.09,0.62,0.91,0,"analogous",0.8,0.9,0.8,0.34,"bad","average"
"O00057","summer","gym",0.88,0.95,0.58,0.94,0.84,0.52,0.5,0.92,0.9,0,"monochromatic",0.8,0.9,0.8,0.77,"good","average"
"O00058","autumn","office",1,0.95,0.54,1,0.84,0.68,0.5,0.28,0.92,0,"monochromatic",0.8,0.9,0.8,0.77,"good","average"
"O00059","all-season","gym",0.88,0.85,0.48,0.85,0.87,0.46,0.75,0.25,0.78,0,"mixed_harmonious",0.8,0.9,0.89,0.71,"good","average"
"O00060","summer","gym",1,0.8,0.45,0.92,0.84,0.46,0.41,0.55,0.82,0,"mixed_harmonious",0.8,0.9,0.8,0.71,"good","average"
"O00061","summer","casual",0.88,0.95,0.46,1,0.84,0.44,0.41,0.88,0.92,0,"monochromatic",0.8,0.9,0.79,0.74,"good","average"
"O00062","all-season","casual",0.88,0.85,0.5,0.85,0.87,0.39,0.5,0.88,0.78,0,"mixed_harmonious",0.8,0.9,0.89,0.72,"good","good"
"O00063","summer","office",1,0.95,0.53,0.94,0.84,0.33,0.75,0.93,0.9,0,"monochromatic",0.8,0.9,0.8,0.75,"good","average"
"O00064","summer","gym",1,0.95,0.15,0.98,0.84,0.05,0.09,0.55,0.9,0,"neutral_dominant",0.8,0.9,0.8,0.4,"average","average"
"O00065","all-season","casual",0.62,0.85,0.61,0.71,0.87,0.54,0.75,0.88,0.5,0,"complementary",0.8,0.9,0.89,0.72,"good","average"
"O00066","summer","date",1,0.95,0.3,0.94,0.84,0.08,0.28,0.9,0.9,0,"monochromatic",0.8,0.9,0.8,0.4,"average","average"
"O00067","spring","gym",1,0.95,0.55,1,0.84,0.43,0.75,0.55,0.92,0,"monochromatic",0.8,0.9,0.8,0.77,"good","good"
"O00068","all-season","casual",0.88,0.85,0.64,0.85,0.87,0.54,0.75,0.88,0.78,0,"mixed_harmonious",0.8,0.9,0.89,0.77,"good","average"
"O00069","autumn","travel",1,0.6,0.5,0.76,0.84,0.28,0.75,0.88,0.52,0,"complementary",0.8,0.9,0.8,0.42,"average","good"
"O00070","summer","casual",1,1,0.48,0.83,0.84,0.16,0.75,0.88,0.69,0,"analogous",0.8,0.9,0.8,0.42,"average","average"
"O00071","autumn","gym",1,0.6,0.39,0.92,0.84,0.24,0.5,0.92,0.82,0,"mixed_harmonious",0.8,0.9,0.8,0.42,"average","average"
"O00072","all-season","casual",0.88,0.85,0.6,0.93,0.84,0.46,0.75,0.88,0.88,0,"monochromatic",0.8,0.9,0.79,0.77,"good","average"
"O00073","spring","office",1,0.95,0.79,0.8,0.84,0.63,1,0.93,0.6,0,"complementary",0.8,0.9,0.8,0.81,"good","average"
"O00074","all-season","casual",0.88,0.85,0.46,0.93,0.84,0.24,0.75,0.88,0.88,0,"monochromatic",0.8,0.9,0.79,0.42,"average","average"
"O00075","spring","office",1,0.95,0.52,0.92,0.84,0.23,0.75,0.93,0.84,0,"complementary",0.8,0.9,0.8,0.42,"average","bad"
"O00076","summer","casual",0.88,1,0.38,1,0.84,0.18,0.5,0.88,0.92,0,"monochromatic",0.8,0.9,0.8,0.42,"average","good"
"O00077","autumn","casual",1,0.95,0.41,0.85,0.84,0.09,0.75,0.88,0.67,0,"mixed_harmonious",0.8,0.9,0.8,0.4,"average","average"
"O00078","spring","casual",1,0.8,0.51,0.92,0.84,0.46,0.41,0.88,0.82,0,"mixed_harmonious",0.8,0.9,0.8,0.73,"good","average"
"O00079","all-season","travel",0.88,0.85,0.58,0.88,0.84,0.42,0.75,0.88,0.78,0,"monochromatic",0.8,0.9,0.79,0.75,"good","good"
"O00080","summer","gym",0.88,0.95,0.53,0.75,0.84,0.42,0.5,0.92,0.57,0,"mixed_harmonious",0.8,0.9,0.8,0.69,"average","good"
"O00081","summer","gym",0.88,0.95,0.11,0.81,0.84,0.08,0.09,0.25,0.59,0,"mixed_harmonious",0.8,0.9,0.8,0.34,"bad","average"
"O00082","summer","gym",0.88,0.95,0.1,1,0.84,0.07,0.09,0.25,0.92,0,"monochromatic",0.8,0.9,0.8,0.34,"bad","average"
"O00083","spring","casual",1,0.95,0.61,0.98,0.84,0.42,0.75,0.88,0.9,0,"neutral_dominant",0.8,0.9,0.8,0.79,"good","average"
"O00084","summer","office",1,0.95,0.65,1,0.84,0.49,0.75,0.93,0.92,0,"monochromatic",0.8,0.9,0.8,0.81,"good","average"
"O00085","spring","date",1,0.8,0.27,0.92,0.84,0.07,0.28,0.9,0.82,0,"mixed_harmonious",0.8,0.9,0.8,0.4,"average","bad"
"O00086","all-season","casual",0.88,0.85,0.48,0.93,0.84,0.21,0.75,0.88,0.88,0,"monochromatic",0.8,0.9,0.8,0.42,"average","bad"
"O00087","summer","date",0.62,1,0.3,0.94,0.87,0.18,0.18,0.9,0.9,0,"monochromatic",0.8,0.9,0.89,0.42,"average","average"
"O00088","summer","date",1,0.95,0.52,0.85,0.84,0.33,0.75,0.9,0.78,0,"mixed_harmonious",0.8,0.9,0.8,0.72,"good","bad"
"O00089","all-season","office",0.88,0.85,0.51,0.85,0.87,0.39,0.5,0.93,0.78,0,"mixed_harmonious",0.8,0.9,0.89,0.72,"good","good"
"O00090","all-season","office",0.88,0.85,0.12,0.92,0.84,0.09,0.09,0.28,0.87,0,"analogous",0.8,0.9,0.79,0.4,"average","bad"
"O00091","all-season","travel",0.88,0.85,0.35,0.85,0.84,0.08,0.5,0.88,0.78,0,"mixed_harmonious",0.8,0.9,0.79,0.34,"bad","average"
"O00092","all-season","casual",0.88,0.85,0.63,0.73,0.84,0.68,0.5,0.88,0.56,0,"complementary",0.8,0.9,0.8,0.72,"good","bad"
"O00093","all-season","gym",0.88,0.85,0.25,0.93,0.84,0.18,0.28,0.55,0.88,0,"monochromatic",0.8,0.9,0.79,0.42,"average","good"
"O00094","all-season","date",0.88,0.85,0.62,0.74,0.87,0.5,0.75,0.9,0.55,0,"mixed_harmonious",0.8,0.9,0.89,0.73,"good","average"
"O00095","all-season","date",1,0.85,0.44,0.7,0.84,0.09,0.75,0.9,0.48,0,"complementary",0.8,0.9,0.8,0.4,"average","average"
"O00096","all-season","office",1,0.85,0.75,0.85,0.84,0.63,1,0.78,0.78,0,"mixed_harmonious",0.8,0.9,0.8,0.81,"good","good"
"O00097","all-season","office",1,0.85,0.58,0.85,0.84,0.44,0.75,0.78,0.78,0,"mixed_harmonious",0.8,0.9,0.8,0.74,"good","good"
"O00098","all-season","casual",0.62,0.85,0.42,0.93,0.84,0.2,0.75,0.88,0.88,0,"monochromatic",0.8,0.9,0.79,0.42,"average","average"
"O00099","spring","office",1,0.95,0.52,0.92,0.84,0.23,0.75,0.93,0.82,0,"mixed_harmonious",0.8,0.9,0.8,0.42,"average","average"
"O00100","spring","gym",1,0.95,0.59,0.92,0.84,0.53,0.75,0.55,0.84,0,"complementary",0.8,0.9,0.8,0.76,"good","average"
"O00101","summer","date",1,0.95,0.11,0.92,0.84,0.05,0.09,0.32,0.82,0,"mixed_harmonious",0.8,0.9,0.8,0.4,"average","bad"
"O00102","all-season","weekend",0.88,0.85,0.69,0.74,0.84,0.49,1,0.88,0.55,0,"mixed_harmonious",0.8,0.9,0.8,0.75,"good","average"
"O00103","autumn","date",1,0.95,0.61,1,0.84,0.42,0.75,0.9,0.92,0,"monochromatic",0.8,0.9,0.8,0.8,"good","bad"
"O00104","all-season","casual",0.88,0.85,0.5,0.85,0.84,0.33,0.75,0.88,0.78,0,"mixed_harmonious",0.8,0.9,0.8,0.71,"good","good"
"O00105","all-season","office",1,0.85,0.73,0.87,0.84,0.67,0.75,0.93,0.77,0,"analogous",0.8,0.9,0.8,0.81,"good","average"
"O00106","all-season","gym",0.88,0.85,0.38,0.78,0.84,0.2,0.5,0.92,0.63,0,"mixed_harmonious",0.8,0.9,0.8,0.42,"average","average"
"O00107","winter","travel",1,0.95,0.56,1,0.84,0.32,0.75,0.88,0.92,0,"monochromatic",0.8,0.9,0.8,0.78,"good","average"
"O00108","all-season","date",0.88,0.85,0.43,0.93,0.84,0.09,0.75,0.9,0.88,0,"monochromatic",0.8,0.9,0.8,0.4,"average","average"
"O00109","all-season","office",0.88,0.85,0.28,0.93,0.84,0.24,0.5,0.28,0.88,0,"monochromatic",0.8,0.9,0.8,0.42,"average","average"
"O00110","summer","date",1,0.8,0.27,1,0.84,0.07,0.28,0.9,0.92,0,"monochromatic",0.8,0.9,0.8,0.4,"average","good"
"O00111","autumn","casual",1,0.95,0.66,1,0.84,0.68,0.5,0.88,0.92,0,"monochromatic",0.8,0.9,0.8,0.82,"good","average"
"O00112","autumn","casual",1,0.95,0.55,0.81,0.84,0.41,0.75,0.88,0.59,0,"mixed_harmonious",0.8,0.9,0.8,0.72,"good","good"
"O00113","all-season","gym",0.88,0.85,0.52,0.85,0.87,0.54,0.75,0.25,0.8,0,"complementary",0.8,0.9,0.89,0.72,"good","bad"
"O00114","all-season","casual",0.88,0.85,0.49,0.93,0.84,0.31,0.75,0.88,0.88,0,"monochromatic",0.8,0.9,0.8,0.73,"good","good"
"O00115","summer","casual",1,0.95,0.29,0.94,0.84,0.08,0.28,0.88,0.9,0,"monochromatic",0.8,0.9,0.8,0.4,"average","good"
"O00116","all-season","gym",0.88,0.85,0.36,0.93,0.84,0.09,0.75,0.55,0.88,0,"monochromatic",0.8,0.9,0.8,0.4,"average","bad"
"O00117","summer","casual",0.88,0.8,0.34,0.85,0.84,0.2,0.28,0.88,0.67,0,"mixed_harmonious",0.8,0.9,0.8,0.42,"average","average"
"O00118","summer","gym",0.88,0.95,0.1,1,0.84,0.07,0.09,0.25,0.92,0,"monochromatic",0.8,0.9,0.8,0.34,"bad","bad"
"O00119","autumn","casual",1,0.95,0.78,0.81,0.84,0.62,1,0.88,0.59,0,"mixed_harmonious",0.8,0.9,0.8,0.81,"good","good"
"O00120","autumn","gym",0.88,0.95,0.53,0.91,0.84,0.42,0.75,0.55,0.79,0,"mixed_harmonious",0.8,0.9,0.8,0.74,"good","average"
"O00121","summer","gym",0.88,1,0.38,0.85,0.84,0.18,0.5,0.92,0.67,0,"mixed_harmonious",0.8,0.9,0.8,0.42,"average","average"
"O00122","all-season","office",0.88,0.85,0.12,0.93,0.84,0.09,0.09,0.28,0.88,0,"monochromatic",0.8,0.9,0.79,0.4,"average","average"
"O00123","all-season","date",1,0.85,0.7,0.85,0.84,0.62,0.75,0.9,0.78,0,"mixed_harmonious",0.8,0.9,0.8,0.79,"good","good"
"O00124","summer","gym",0.88,1,0.41,0.85,0.84,0.24,0.5,0.92,0.78,0,"mixed_harmonious",0.8,0.9,0.8,0.42,"average","average"
"O00125","spring","office",1,0.95,0.62,1,0.84,0.42,0.75,0.93,0.92,0,"monochromatic",0.8,0.9,0.8,0.8,"good","average"
"O00126","summer","casual",1,0.95,0.64,1,0.84,0.46,1,0.88,0.92,0,"monochromatic",0.8,0.9,0.8,0.81,"good","average"
"O00127","summer","office",1,0.8,0.49,0.82,0.84,0.46,0.41,0.78,0.61,0,"mixed_harmonious",0.8,0.9,0.8,0.69,"average","average"
"O00128","all-season","casual",0.62,0.85,0.17,0.93,0.84,0.08,0.09,0.62,0.88,0,"monochromatic",0.8,0.9,0.8,0.34,"bad","bad"
"O00129","all-season","weekend",0.88,0.85,0.42,0.74,0.84,0.16,0.75,0.88,0.55,0,"mixed_harmonious",0.8,0.9,0.8,0.42,"average","good"
"O00130","summer","casual",1,1,0.62,1,0.84,0.44,0.75,0.88,0.92,0,"monochromatic",0.8,0.9,0.8,0.8,"good","good"
"O00131","summer","date",0.62,0.95,0.26,0.74,0.87,0.09,0.18,0.9,0.64,0,"monochromatic",0.8,0.9,0.89,0.4,"average","good"
"O00132","all-season","travel",0.88,0.85,0.5,0.91,0.84,0.26,0.75,0.88,0.86,0,"neutral_dominant",0.8,0.9,0.8,0.4,"average","average"
"O00133","summer","office",1,1,0.46,0.98,0.84,0.16,0.75,0.78,0.9,0,"neutral_dominant",0.8,0.9,0.8,0.42,"average","bad"
"O00134","all-season","date",1,0.85,0.13,0.93,0.84,0.08,0.09,0.32,0.88,0,"monochromatic",0.8,0.9,0.8,0.34,"bad","average"
"O00135","summer","casual",1,0.53,0.59,0.81,0.84,0.48,0.75,0.88,0.59,0,"mixed_harmonious",0.8,0.9,0.8,0.73,"good","average"
"O00136","summer","weekend",1,0.95,0.59,1,0.84,0.38,0.75,0.88,0.92,0,"monochromatic",0.8,0.9,0.8,0.79,"good","bad"
"O00137","autumn","travel",1,0.95,0.77,0.98,0.84,0.6,1,0.88,0.9,0,"neutral_dominant",0.8,0.9,0.8,0.85,"good","average"
"O00138","summer","gym",0.88,0.95,0.22,0.85,0.84,0.33,0.09,0.25,0.78,0,"mixed_harmonious",0.8,0.9,0.8,0.4,"average","average"
"O00139","all-season","office",0.88,0.85,0.58,0.85,0.84,0.46,0.75,0.78,0.78,0,"mixed_harmonious",0.8,0.9,0.79,0.74,"good","good"
"O00140","spring","office",1,0.95,0.71,0.88,0.84,0.62,0.75,0.93,0.78,0,"monochromatic",0.8,0.9,0.8,0.8,"good","average"
"O00141","all-season","casual",0.88,0.85,0.24,0.85,0.87,0.21,0.14,0.62,0.78,0,"mixed_harmonious",0.8,0.9,0.89,0.42,"average","average"
"O00142","winter","casual",0.88,0.95,0.75,1,0.84,0.6,1,0.88,0.92,0,"monochromatic",0.8,0.9,0.8,0.85,"good","good"
"O00143","all-season","weekend",0.88,0.85,0.74,0.85,0.84,0.6,1,0.88,0.78,0,"mixed_harmonious",0.8,0.9,0.8,0.8,"good","bad"
"O00144","autumn","date",1,0.95,0.61,0.9,0.84,0.42,0.75,0.9,0.73,0,"analogous",0.8,0.9,0.8,0.77,"good","average"
"O00145","all-season","date",0.88,0.85,0.13,0.93,0.87,0.09,0.09,0.32,0.88,0,"monochromatic",0.8,0.9,0.89,0.34,"bad","average"
"O00146","autumn","casual",1,0.95,0.17,1,0.84,0.07,0.09,0.62,0.92,0,"monochromatic",0.8,0.9,0.8,0.34,"bad","average"
"O00147","all-season","date",0.88,0.85,0.43,0.71,0.84,0.09,0.75,0.9,0.5,0,"complementary",0.8,0.9,0.8,0.4,"average","good"
"O00148","all-season","casual",0.88,0.85,0.52,0.74,0.84,0.28,0.75,0.88,0.55,0,"mixed_harmonious",0.8,0.9,0.8,0.42,"average","bad"
"O00149","autumn","date",1,0.95,0.41,0.94,0.84,0.09,0.75,0.9,0.9,0,"monochromatic",0.8,0.9,0.8,0.4,"average","average"
"O00150","summer","weekend",1,0.45,0.36,0.74,0.84,0.29,0.28,0.88,0.58,0,"complementary",0.8,0.9,0.8,0.62,"average","good"
"O00151","autumn","casual",1,0.6,0.72,0.98,0.84,0.74,0.75,0.88,0.9,0,"neutral_dominant",0.8,0.9,0.8,0.83,"good","average"
"O00152","all-season","casual",0.88,0.85,0.48,0.74,0.84,0.21,0.75,0.88,0.55,0,"mixed_harmonious",0.8,0.9,0.8,0.42,"average","average"
"O00153","winter","casual",0.88,0.95,0.65,0.85,0.84,0.68,0.5,0.88,0.67,0,"mixed_harmonious",0.8,0.9,0.8,0.77,"good","average"
"O00154","all-season","date",1,0.85,0.56,0.93,0.84,0.44,0.75,0.9,0.88,0,"monochromatic",0.8,0.9,0.8,0.76,"good","good"
"O00155","all-season","office",0.88,0.85,0.6,0.93,0.84,0.43,0.75,0.93,0.88,0,"monochromatic",0.8,0.9,0.8,0.77,"good","good"
"O00156","summer","office",1,0.95,0.42,1,0.84,0.08,0.75,0.78,0.92,0,"monochromatic",0.8,0.9,0.8,0.4,"average","good"
"O00157","summer","gym",0.88,1,0.19,0.81,0.87,0.18,0.18,0.25,0.59,0,"mixed_harmonious",0.8,0.9,0.89,0.42,"average","average"
"O00158","winter","casual",1,0.6,0.59,0.98,0.84,0.48,0.75,0.88,0.91,0,"analogous",0.8,0.9,0.8,0.78,"good","bad"
"O00159","all-season","office",0.88,0.85,0.45,0.93,0.87,0.11,0.75,0.93,0.88,0,"monochromatic",0.8,0.9,0.89,0.4,"average","good"
"O00160","summer","gym",0.88,0.95,0.17,1,0.84,0.08,0.09,0.55,0.92,0,"monochromatic",0.8,0.9,0.8,0.34,"bad","good"
"O00161","all-season","gym",0.88,0.85,0.12,0.93,0.87,0.09,0.09,0.25,0.88,0,"monochromatic",0.8,0.9,0.89,0.34,"bad","average"
"O00162","autumn","date",1,0.95,0.61,0.92,0.84,0.42,0.75,0.9,0.82,0,"mixed_harmonious",0.8,0.9,0.8,0.77,"good","average"
"O00163","autumn","casual",1,0.95,0.78,0.8,0.84,0.63,1,0.88,0.6,0,"complementary",0.8,0.9,0.8,0.8,"good","average"
"O00164","spring","office",0.62,0.95,0.21,0.92,0.84,0.07,0.09,0.93,0.82,0,"mixed_harmonious",0.8,0.9,0.8,0.34,"bad","bad"
"O00165","spring","date",1,0.95,0.58,0.98,0.84,0.44,0.75,0.68,0.91,0,"analogous",0.8,0.9,0.8,0.78,"good","good"
"O00166","winter","date",1,0.95,0.61,0.77,0.84,0.42,0.75,0.9,0.54,0,"complementary",0.8,0.9,0.8,0.73,"good","good"
"O00167","spring","travel",1,0.95,0.78,1,0.84,0.62,1,0.88,0.92,0,"monochromatic",0.8,0.9,0.8,0.86,"good","average"
"O00168","all-season","office",0.88,0.85,0.58,0.74,0.87,0.54,0.5,0.93,0.55,0,"mixed_harmonious",0.8,0.9,0.89,0.72,"good","average"
"O00169","spring","office",1,0.95,0.76,0.94,0.84,0.62,1,0.78,0.9,0,"monochromatic",0.8,0.9,0.8,0.84,"good","bad"
"O00170","all-season","casual",0.88,0.85,0.69,0.93,0.84,0.49,1,0.88,0.88,0,"monochromatic",0.8,0.9,0.8,0.81,"good","average"
"O00171","summer","gym",0.88,0.95,0.35,0.92,0.84,0.44,0.09,0.55,0.82,0,"mixed_harmonious",0.8,0.9,0.8,0.4,"average","average"
"O00172","all-season","gym",1,0.85,0.53,0.91,0.84,0.42,0.75,0.55,0.86,0,"neutral_dominant",0.8,0.9,0.8,0.74,"good","average"
"O00173","winter","date",1,0.95,0.61,0.92,0.84,0.42,0.75,0.9,0.82,0,"mixed_harmonious",0.8,0.9,0.8,0.77,"good","bad"
"O00174","winter","travel",1,0.95,0.6,0.92,0.84,0.48,0.75,0.72,0.84,0,"complementary",0.8,0.9,0.8,0.77,"good","good"
"O00175","winter","casual",0.88,0.95,0.29,1,0.84,0.29,0.09,0.62,0.92,0,"monochromatic",0.8,0.9,0.8,0.4,"average","average"
"O00176","autumn","casual",1,0.95,0.61,0.94,0.84,0.42,0.75,0.88,0.81,0,"analogous",0.8,0.9,0.8,0.78,"good","good"
"O00177","winter","date",1,0.95,0.44,0.92,0.84,0.09,0.75,0.9,0.82,0,"mixed_harmonious",0.8,0.9,0.8,0.4,"average","good"
"O00178","all-season","office",0.88,0.85,0.69,0.85,0.87,0.62,0.75,0.93,0.78,0,"mixed_harmonious",0.8,0.9,0.89,0.79,"good","average"
"O00179","all-season","weekend",1,0.85,0.65,0.93,0.84,0.68,0.5,0.88,0.88,0,"monochromatic",0.8,0.9,0.8,0.79,"good","average"
"O00180","summer","casual",1,0.8,0.35,1,0.84,0.2,0.28,0.88,0.92,0,"monochromatic",0.8,0.9,0.8,0.42,"average","bad"
"O00181","autumn","casual",1,0.95,0.53,0.85,0.84,0.36,0.75,0.88,0.67,0,"mixed_harmonious",0.8,0.9,0.8,0.72,"good","bad"
"O00182","all-season","gym",0.88,0.85,0.56,0.84,0.87,0.62,0.75,0.25,0.75,0,"mixed_harmonious",0.8,0.9,0.89,0.74,"good","average"
"O00183","all-season","casual",0.88,0.85,0.35,0.85,0.84,0.08,0.5,0.88,0.7,0,"monochromatic",0.8,0.9,0.79,0.34,"bad","average"
"O00184","summer","date",0.88,0.95,0.38,0.92,0.84,0.33,0.28,0.9,0.84,0,"complementary",0.8,0.9,0.79,0.68,"average","good"
"O00185","all-season","casual",0.88,0.85,0.58,0.91,0.84,0.68,0.5,0.88,0.86,0,"neutral_dominant",0.8,0.9,0.8,0.76,"good","average"
"O00186","spring","casual",0.88,0.95,0.65,0.94,0.84,0.53,0.75,0.88,0.9,0,"monochromatic",0.8,0.9,0.8,0.79,"good","average"
"O00187","winter","casual",1,0.6,0.62,0.92,0.84,0.53,0.75,0.88,0.82,0,"mixed_harmonious",0.8,0.9,0.8,0.78,"good","good"
"O00188","summer","gym",0.88,0.95,0.48,0.98,0.84,0.52,0.18,0.92,0.9,0,"neutral_dominant",0.8,0.9,0.8,0.4,"average","average"
"O00189","all-season","date",0.88,0.85,0.39,0.93,0.84,0.09,0.75,0.9,0.88,0,"monochromatic",0.8,0.9,0.8,0.4,"average","average"
"O00190","summer","gym",0.88,0.95,0.73,0.93,0.84,0.68,0.75,0.92,0.89,0,"analogous",0.8,0.9,0.8,0.82,"good","average"
"O00191","all-season","casual",0.88,0.85,0.41,0.85,0.87,0.2,0.5,0.88,0.78,0,"mixed_harmonious",0.8,0.9,0.89,0.42,"average","bad"
"O00192","all-season","date",0.88,0.85,0.64,0.7,0.87,0.54,0.75,0.9,0.48,0,"complementary",0.8,0.9,0.89,0.73,"good","average"
"O00193","spring","casual",1,0.95,0.62,1,0.84,0.44,0.75,0.88,0.92,0,"monochromatic",0.8,0.9,0.8,0.8,"good","bad"
"O00194","winter","gym",1,0.95,0.67,0.85,0.84,0.68,0.5,0.92,0.67,0,"mixed_harmonious",0.8,0.9,0.8,0.78,"good","average"
"O00195","all-season","casual",0.88,0.85,0.62,0.85,0.87,0.5,0.75,0.88,0.78,0,"mixed_harmonious",0.8,0.9,0.89,0.76,"good","good"
"O00196","autumn","casual",1,0.95,0.55,1,0.84,0.41,0.75,0.88,0.92,0,"monochromatic",0.8,0.9,0.8,0.77,"good","average"
"O00197","all-season","gym",0.62,0.85,0.66,0.85,0.84,0.63,1,0.55,0.78,0,"mixed_harmonious",0.8,0.9,0.8,0.77,"good","average"
"O00198","summer","date",0.88,0.95,0.36,0.98,0.84,0.23,0.28,0.9,0.9,0,"neutral_dominant",0.8,0.9,0.8,0.4,"average","average"
"O00199","all-season","casual",0.88,0.85,0.62,0.7,0.87,0.5,0.75,0.88,0.48,0,"complementary",0.8,0.9,0.89,0.72,"good","good"
"O00200","summer","gym",1,1,0.44,0.85,0.84,0.29,0.75,0.55,0.67,0,"mixed_harmonious",0.8,0.9,0.8,0.68,"average","average"
"O00201","all-season","casual",1,0.85,0.57,0.93,0.84,0.38,0.75,0.88,0.88,0,"monochromatic",0.8,0.9,0.8,0.76,"good","average"
"O00202","all-season","office",0.88,0.85,0.63,0.93,0.87,0.5,0.75,0.93,0.88,0,"monochromatic",0.8,0.9,0.89,0.79,"good","average"
"O00203","autumn","date",1,0.95,0.12,0.92,0.84,0.07,0.09,0.32,0.82,0,"mixed_harmonious",0.8,0.9,0.8,0.34,"bad","average"
"O00204","autumn","office",1,0.95,0.67,0.85,0.84,0.53,0.75,0.93,0.67,0,"mixed_harmonious",0.8,0.9,0.8,0.78,"good","average"
"O00205","all-season","gym",0.88,0.85,0.37,0.93,0.84,0.18,0.5,0.92,0.88,0,"monochromatic",0.8,0.9,0.8,0.42,"average","bad"
"O00206","autumn","casual",1,0.95,0.55,0.92,0.84,0.41,0.75,0.88,0.82,0,"mixed_harmonious",0.8,0.9,0.8,0.75,"good","good"
"O00207","spring","date",1,0.8,0.27,0.92,0.84,0.07,0.28,0.9,0.82,0,"mixed_harmonious",0.8,0.9,0.8,0.4,"average","average"
"O00208","summer","event",1,0.88,0.4,0.94,0.84,0.24,0.75,0.3,0.9,0,"monochromatic",0.8,0.9,0.8,0.42,"average","average"
"O00209","summer","date",1,0.95,0.52,0.98,0.84,0.33,0.75,0.9,0.9,0,"neutral_dominant",0.8,0.9,0.8,0.75,"good","bad"
"O00210","all-season","casual",0.88,0.85,0.6,0.93,0.84,0.46,0.75,0.88,0.88,0,"monochromatic",0.8,0.9,0.79,0.77,"good","good"
"O00211","summer","gym",0.88,1,0.41,0.91,0.84,0.24,0.5,0.92,0.79,0,"mixed_harmonious",0.8,0.9,0.8,0.42,"average","good"
"O00212","winter","casual",1,0.95,0.56,1,0.84,0.32,0.75,0.88,0.92,0,"monochromatic",0.8,0.9,0.8,0.78,"good","average"
"O00213","spring","date",1,0.95,0.61,0.94,0.84,0.42,0.75,0.9,0.9,0,"monochromatic",0.8,0.9,0.8,0.78,"good","bad"
"O00214","autumn","gym",1,0.95,0.59,0.92,0.84,0.53,0.75,0.55,0.82,0,"mixed_harmonious",0.8,0.9,0.8,0.76,"good","bad"
"O00215","all-season","travel",0.88,0.85,0.42,0.93,0.84,0.16,0.75,0.88,0.88,0,"monochromatic",0.8,0.9,0.8,0.42,"average","average"
"O00216","all-season","travel",0.88,0.85,0.71,0.91,0.84,0.68,0.75,0.88,0.86,0,"neutral_dominant",0.8,0.9,0.79,0.81,"good","bad"
"O00217","all-season","travel",0.88,0.85,0.54,0.85,0.84,0.48,0.5,0.88,0.78,0,"mixed_harmonious",0.8,0.9,0.79,0.72,"good","bad"
"O00218","summer","casual",1,0.8,0.54,0.98,0.84,0.42,0.75,0.88,0.9,0,"neutral_dominant",0.8,0.9,0.8,0.76,"good","good"
"O00219","summer","date",1,0.95,0.52,1,0.84,0.33,0.75,0.9,0.92,0,"monochromatic",0.8,0.9,0.8,0.76,"good","average"
"O00220","spring","weekend",1,0.95,0.61,0.98,0.84,0.42,0.75,0.88,0.9,0,"neutral_dominant",0.8,0.9,0.8,0.79,"good","average"
"O00221","all-season","office",0.88,0.85,0.5,0.85,0.84,0.31,0.75,0.93,0.78,0,"mixed_harmonious",0.8,0.9,0.8,0.71,"good","good"
"O00222","all-season","gym",1,0.85,0.62,0.84,0.84,0.46,0.75,0.92,0.75,0,"mixed_harmonious",0.8,0.9,0.8,0.75,"good","good"
"O00223","all-season","gym",0.88,0.85,0.48,0.84,0.87,0.46,0.75,0.25,0.75,0,"mixed_harmonious",0.8,0.9,0.89,0.71,"good","good"
"O00224","summer","date",0.88,0.95,0.4,0.92,0.84,0.3,0.28,0.9,0.84,0,"complementary",0.8,0.9,0.8,0.69,"average","average"
"O00225","all-season","gym",0.88,0.85,0.52,0.93,0.87,0.54,0.75,0.25,0.88,0,"monochromatic",0.8,0.9,0.89,0.75,"good","average"
"O00226","winter","date",1,0.95,0.56,1,0.84,0.42,0.75,0.9,0.92,0,"monochromatic",0.8,0.9,0.8,0.78,"good","good"
"O00227","autumn","casual",0.62,0.95,0.61,0.92,0.84,0.53,0.75,0.88,0.82,0,"mixed_harmonious",0.8,0.9,0.8,0.77,"good","average"
"O00228","summer","travel",1,0.95,0.52,1,0.84,0.19,1,0.88,0.92,0,"monochromatic",0.8,0.9,0.8,0.42,"average","average"
"O00229","autumn","casual",1,0.95,0.17,0.92,0.84,0.07,0.09,0.62,0.82,0,"mixed_harmonious",0.8,0.9,0.8,0.34,"bad","average"
"O00230","summer","casual",0.62,0.95,0.38,0.92,0.84,0.23,0.41,0.88,0.82,0,"mixed_harmonious",0.8,0.9,0.8,0.42,"average","average"
"O00231","winter","casual",1,0.95,0.51,0.98,0.84,0.32,0.75,0.88,0.91,0,"analogous",0.8,0.9,0.8,0.75,"good","average"
"O00232","all-season","office",0.88,0.85,0.52,0.85,0.84,0.48,0.5,0.78,0.78,0,"mixed_harmonious",0.8,0.9,0.79,0.72,"good","average"
"O00233","all-season","gym",1,0.85,0.51,0.93,0.84,0.38,0.75,0.55,0.88,0,"monochromatic",0.8,0.9,0.8,0.74,"good","average"
"O00234","all-season","casual",0.88,0.85,0.33,0.93,0.87,0.4,0.09,0.62,0.88,0,"monochromatic",0.8,0.9,0.89,0.4,"average","average"
"O00235","summer","casual",1,1,0.48,1,0.84,0.16,0.75,0.88,0.92,0,"monochromatic",0.8,0.9,0.8,0.42,"average","average"
"O00236","autumn","date",1,0.95,0.61,0.77,0.84,0.42,0.75,0.9,0.54,0,"complementary",0.8,0.9,0.8,0.73,"good","good"
"O00237","all-season","date",0.88,0.85,0.32,0.93,0.84,0.07,0.5,0.9,0.88,0,"monochromatic",0.8,0.9,0.79,0.34,"bad","average"
"O00238","summer","gym",0.88,0.95,0.18,0.93,0.84,0.09,0.09,0.55,0.89,0,"analogous",0.8,0.9,0.8,0.34,"bad","bad"
"O00239","spring","gym",1,0.95,0.72,0.94,0.84,0.63,1,0.55,0.9,0,"monochromatic",0.8,0.9,0.8,0.82,"good","average"
"O00240","summer","casual",1,0.8,0.54,1,0.84,0.42,0.75,0.88,0.92,0,"monochromatic",0.8,0.9,0.8,0.77,"good","bad"
"O00241","spring","casual",0.88,0.95,0.76,1,0.84,0.62,1,0.88,0.92,0,"monochromatic",0.8,0.9,0.8,0.86,"good","bad"
"O00242","autumn","office",1,0.95,0.79,0.92,0.84,0.63,1,0.93,0.82,0,"mixed_harmonious",0.8,0.9,0.8,0.84,"good","average"
"O00243","all-season","casual",0.88,0.85,0.43,0.93,0.87,0.11,0.75,0.88,0.88,0,"monochromatic",0.8,0.9,0.89,0.4,"average","average"
"O00244","summer","gym",0.88,0.95,0.15,0.95,0.84,0.07,0.09,0.55,0.82,0,"monochromatic",0.8,0.9,0.8,0.34,"bad","good"
"O00245","all-season","gym",0.88,0.85,0.15,0.93,0.84,0.06,0.09,0.55,0.88,0,"monochromatic",0.8,0.9,0.8,0.4,"average","average"
"O00246","autumn","date",1,0.95,0.61,0.98,0.84,0.43,0.75,0.9,0.9,0,"neutral_dominant",0.8,0.9,0.8,0.79,"good","bad"
"O00247","all-season","date",0.88,0.85,0.39,0.85,0.84,0.09,0.75,0.9,0.78,0,"mixed_harmonious",0.8,0.9,0.8,0.4,"average","average"
"O00248","summer","casual",1,0.45,0.32,0.64,0.84,0.17,0.41,0.88,0.49,0,"mixed_harmonious",0.8,0.9,0.8,0.42,"average","average"
"O00249","spring","casual",0.88,0.95,0.69,0.98,0.84,0.62,0.75,0.88,0.91,0,"analogous",0.8,0.9,0.8,0.82,"good","average"
"O00250","all-season","casual",0.88,0.85,0.54,0.92,0.84,0.48,0.5,0.88,0.87,0,"analogous",0.8,0.9,0.79,0.74,"good","average"
"O00251","all-season","travel",0.88,0.85,0.53,0.93,0.84,0.41,0.75,0.88,0.88,0,"monochromatic",0.8,0.9,0.8,0.74,"good","average"
"O00252","summer","office",0.62,0.95,0.23,1,0.87,0.09,0.18,0.78,0.92,0,"monochromatic",0.8,0.9,0.89,0.4,"average","good"
"O00253","all-season","casual",0.88,0.85,0.48,0.93,0.84,0.21,0.75,0.88,0.88,0,"monochromatic",0.8,0.9,0.8,0.42,"average","bad"
"O00254","summer","date",1,0.95,0.29,0.92,0.84,0.12,0.28,0.9,0.82,0,"mixed_harmonious",0.8,0.9,0.8,0.42,"average","average"
"O00255","autumn","casual",1,0.95,0.61,0.92,0.84,0.42,0.75,0.88,0.82,0,"mixed_harmonious",0.8,0.9,0.8,0.77,"good","average"
"O00256","all-season","office",0.88,0.85,0.58,0.93,0.87,0.54,0.5,0.93,0.88,0,"monochromatic",0.8,0.9,0.89,0.77,"good","good"
"O00257","summer","gym",1,0.53,0.53,1,0.84,0.48,0.75,0.55,0.92,0,"monochromatic",0.8,0.9,0.8,0.76,"good","average"
"O00258","autumn","office",1,0.95,0.67,0.94,0.84,0.53,0.75,0.93,0.9,0,"monochromatic",0.8,0.9,0.8,0.8,"good","good"
"O00259","summer","office",1,0.88,0.49,1,0.84,0.24,0.75,0.78,0.92,0,"monochromatic",0.8,0.9,0.8,0.42,"average","average"
"O00260","spring","gym",1,0.95,0.71,0.94,0.84,0.62,1,0.55,0.9,0,"monochromatic",0.8,0.9,0.8,0.82,"good","good"
"O00261","all-season","travel",0.88,0.85,0.32,0.85,0.84,0.07,0.5,0.88,0.78,0,"mixed_harmonious",0.8,0.9,0.79,0.34,"bad","average"
"O00262","summer","travel",0.88,0.95,0.26,0.98,0.84,0.07,0.28,0.88,0.9,0,"neutral_dominant",0.8,0.9,0.79,0.4,"average","average"
"O00263","spring","casual",0.62,0.95,0.16,1,0.84,0.07,0.09,0.62,0.92,0,"monochromatic",0.8,0.9,0.8,0.34,"bad","good"
"O00264","all-season","office",1,0.85,0.75,0.91,0.84,0.63,1,0.78,0.86,0,"neutral_dominant",0.8,0.9,0.8,0.83,"good","average"
"O00265","autumn","casual",1,0.95,0.19,1,0.84,0.09,0.09,0.62,0.92,0,"monochromatic",0.8,0.9,0.8,0.4,"average","average"
"O00266","summer","office",0.88,1,0.5,1,0.84,0.24,1,0.45,0.92,0,"monochromatic",0.8,0.9,0.79,0.42,"average","good"
"O00267","all-season","casual",0.88,0.85,0.6,0.85,0.87,0.46,0.75,0.88,0.78,0,"mixed_harmonious",0.8,0.9,0.89,0.76,"good","average"
"O00268","all-season","gym",0.88,0.85,0.48,0.93,0.87,0.46,0.75,0.25,0.88,0,"monochromatic",0.8,0.9,0.89,0.73,"good","good"
"O00269","all-season","office",0.88,0.85,0.12,0.78,0.84,0.09,0.09,0.28,0.63,0,"mixed_harmonious",0.8,0.9,0.79,0.4,"average","average"
"O00270","all-season","office",0.88,0.85,0.48,0.84,0.84,0.18,0.75,0.93,0.75,0,"mixed_harmonious",0.8,0.9,0.8,0.42,"average","average"
"O00271","all-season","gym",0.88,0.85,0.37,0.93,0.87,0.37,0.5,0.25,0.88,0,"monochromatic",0.8,0.9,0.89,0.69,"average","good"
"O00272","all-season","casual",0.88,0.85,0.57,0.93,0.84,0.24,1,0.88,0.88,0,"monochromatic",0.8,0.9,0.8,0.42,"average","good"
"O00273","autumn","travel",1,0.6,0.5,0.92,0.84,0.28,0.75,0.88,0.82,0,"mixed_harmonious",0.8,0.9,0.8,0.42,"average","good"
"O00274","spring","date",0.88,0.95,0.6,0.77,0.84,0.43,0.75,0.9,0.54,0,"complementary",0.8,0.9,0.8,0.72,"good","average"
"O00275","autumn","office",1,0.95,0.59,0.85,0.84,0.42,0.75,0.78,0.67,0,"mixed_harmonious",0.8,0.9,0.8,0.74,"good","average"
"O00276","spring","date",1,0.95,0.57,0.91,0.84,0.42,0.75,0.68,0.79,0,"mixed_harmonious",0.8,0.9,0.8,0.75,"good","average"
"O00277","all-season","casual",0.88,0.85,0.49,0.85,0.84,0.31,0.75,0.88,0.78,0,"mixed_harmonious",0.8,0.9,0.8,0.7,"good","average"
"O00278","spring","travel",1,0.95,0.55,0.92,0.84,0.41,0.75,0.88,0.82,0,"mixed_harmonious",0.8,0.9,0.8,0.75,"good","average"
"O00279","spring","office",1,0.95,0.79,0.92,0.84,0.63,1,0.93,0.82,0,"mixed_harmonious",0.8,0.9,0.8,0.84,"good","average"
"O00280","all-season","office",0.88,0.85,0.29,0.92,0.84,0.18,0.28,0.78,0.87,0,"analogous",0.8,0.9,0.79,0.42,"average","average"
"O00281","spring","office",1,0.95,0.62,1,0.84,0.43,0.75,0.93,0.92,0,"monochromatic",0.8,0.9,0.8,0.8,"good","average"
"O00282","all-season","office",0.88,0.85,0.54,0.91,0.84,0.32,0.75,0.93,0.86,0,"neutral_dominant",0.8,0.9,0.8,0.74,"good","average"
"O00283","all-season","office",0.88,0.85,0.28,0.93,0.84,0.24,0.5,0.28,0.88,0,"monochromatic",0.8,0.9,0.8,0.42,"average","average"
"O00284","summer","gym",1,0.8,0.2,0.91,0.84,0.07,0.28,0.55,0.79,0,"mixed_harmonious",0.8,0.9,0.8,0.4,"average","average"
"O00285","all-season","gym",0.88,0.85,0.45,0.85,0.84,0.28,0.75,0.55,0.78,0,"mixed_harmonious",0.8,0.9,0.8,0.69,"average","average"
"O00286","all-season","travel",0.88,0.85,0.65,0.93,0.84,0.62,0.75,0.72,0.88,0,"monochromatic",0.8,0.9,0.8,0.79,"good","good"
"O00287","summer","date",1,0.95,0.29,0.92,0.84,0.12,0.28,0.9,0.82,0,"mixed_harmonious",0.8,0.9,0.8,0.42,"average","bad"
"O00288","all-season","date",0.88,0.85,0.44,0.93,0.87,0.1,0.75,0.9,0.88,0,"monochromatic",0.8,0.9,0.89,0.4,"average","good"
"O00289","summer","casual",0.88,1,0.58,0.91,0.84,0.24,1,0.88,0.79,0,"mixed_harmonious",0.8,0.9,0.79,0.42,"average","average"
"O00290","spring","casual",1,0.95,0.55,0.92,0.84,0.46,0.5,0.88,0.82,0,"mixed_harmonious",0.8,0.9,0.8,0.75,"good","bad"
"O00291","all-season","casual",0.88,0.85,0.5,0.91,0.84,0.26,0.75,0.88,0.86,0,"neutral_dominant",0.8,0.9,0.8,0.4,"average","average"
"O00292","all-season","gym",0.88,0.85,0.48,0.71,0.84,0.34,0.75,0.55,0.5,0,"complementary",0.8,0.9,0.8,0.66,"average","average"
"O00293","autumn","travel",1,0.95,0.63,0.98,0.84,0.53,0.75,0.72,0.9,0,"neutral_dominant",0.8,0.9,0.8,0.8,"good","average"
"O00294","winter","date",1,0.95,0.61,0.85,0.84,0.42,0.75,0.9,0.7,0,"monochromatic",0.8,0.9,0.8,0.75,"good","good"
"O00295","autumn","casual",1,0.95,0.53,1,0.84,0.36,0.75,0.88,0.92,0,"monochromatic",0.8,0.9,0.8,0.76,"good","good"
"O00296","spring","date",0.62,0.95,0.38,0.98,0.84,0.09,0.75,0.9,0.9,0,"neutral_dominant",0.8,0.9,0.8,0.4,"average","bad"
"O00297","all-season","casual",1,0.85,0.59,0.91,0.84,0.26,1,0.88,0.86,0,"neutral_dominant",0.8,0.9,0.8,0.42,"average","bad"
"O00298","summer","weekend",0.88,0.95,0.53,0.85,0.84,0.38,0.75,0.88,0.78,0,"mixed_harmonious",0.8,0.9,0.8,0.72,"good","average"
"O00299","autumn","gym",1,0.6,0.65,0.92,0.84,0.74,0.75,0.55,0.82,0,"mixed_harmonious",0.8,0.9,0.8,0.79,"good","average"
"O00300","all-season","office",1,0.85,0.81,0.93,0.84,0.7,1,0.93,0.88,0,"monochromatic",0.8,0.9,0.8,0.86,"good","average"
"O00301","winter","casual",1,0.95,0.51,0.98,0.84,0.32,0.75,0.88,0.91,0,"analogous",0.8,0.9,0.8,0.75,"good","average"
"O00302","autumn","casual",1,0.6,0.38,0.92,0.84,0.24,0.5,0.88,0.84,0,"complementary",0.8,0.9,0.8,0.42,"average","good"
"O00303","autumn","casual",1,0.95,0.53,0.92,0.84,0.36,0.75,0.88,0.82,0,"mixed_harmonious",0.8,0.9,0.8,0.74,"good","average"
"O00304","all-season","gym",0.62,0.85,0.48,0.72,0.87,0.5,0.75,0.25,0.49,0,"mixed_harmonious",0.8,0.9,0.89,0.67,"average","average"
"O00305","summer","gym",0.88,1,0.52,0.73,0.84,0.24,0.75,0.92,0.56,0,"triadic",0.8,0.9,0.8,0.42,"average","bad"
"O00306","summer","travel",1,0.95,0.59,0.85,0.84,0.38,0.75,0.88,0.78,0,"mixed_harmonious",0.8,0.9,0.8,0.74,"good","average"
"O00307","autumn","office",1,0.6,0.7,0.77,0.84,0.74,0.75,0.78,0.54,0,"complementary",0.8,0.9,0.8,0.76,"good","average"
"O00308","all-season","travel",0.88,0.85,0.64,0.85,0.84,0.55,0.75,0.88,0.78,0,"mixed_harmonious",0.8,0.9,0.8,0.76,"good","average"
"O00309","all-season","office",0.88,0.85,0.4,0.85,0.84,0.09,0.75,0.93,0.78,0,"mixed_harmonious",0.8,0.9,0.8,0.4,"average","bad"
"O00310","spring","office",1,0.95,0.52,1,0.84,0.23,0.75,0.93,0.92,0,"monochromatic",0.8,0.9,0.8,0.42,"average","average"
"O00311","autumn","gym",1,0.6,0.65,0.92,0.84,0.74,0.75,0.55,0.82,0,"mixed_harmonious",0.8,0.9,0.8,0.79,"good","average"
"O00312","summer","office",1,0.95,0.6,0.93,0.84,0.38,0.75,0.93,0.89,0,"analogous",0.8,0.9,0.8,0.77,"good","good"
"O00313","autumn","casual",1,0.6,0.38,0.98,0.84,0.24,0.5,0.88,0.91,0,"analogous",0.8,0.9,0.8,0.42,"average","average"
"O00314","summer","office",0.88,1,0.5,1,0.84,0.24,1,0.45,0.92,0,"monochromatic",0.8,0.9,0.79,0.42,"average","average"
"O00315","all-season","office",0.62,0.85,0.62,0.91,0.87,0.54,0.75,0.93,0.86,0,"neutral_dominant",0.8,0.9,0.89,0.78,"good","average"
"O00316","summer","date",0.88,0.95,0.38,0.94,0.84,0.33,0.28,0.9,0.9,0,"monochromatic",0.8,0.9,0.79,0.69,"average","good"
"O00317","summer","casual",0.88,0.95,0.27,0.98,0.87,0.09,0.18,0.88,0.9,0,"neutral_dominant",0.8,0.9,0.89,0.4,"average","average"
"O00318","spring","office",1,0.95,0.54,0.92,0.84,0.36,0.75,0.93,0.84,0,"complementary",0.8,0.9,0.8,0.74,"good","average"
"O00319","spring","date",1,0.95,0.61,1,0.84,0.43,0.75,0.9,0.92,0,"monochromatic",0.8,0.9,0.8,0.8,"good","bad"
"O00320","all-season","date",0.88,0.85,0.51,0.93,0.84,0.26,0.75,0.9,0.88,0,"monochromatic",0.8,0.9,0.8,0.4,"average","good"
"O00321","summer","gym",1,0.95,0.44,0.92,0.84,0.3,0.75,0.55,0.82,0,"mixed_harmonious",0.8,0.9,0.8,0.7,"good","good"
"O00322","summer","gym",1,0.95,0.46,0.85,0.84,0.33,0.75,0.55,0.78,0,"mixed_harmonious",0.8,0.9,0.8,0.69,"average","average"
"O00323","all-season","casual",0.88,0.85,0.49,0.85,0.84,0.32,0.75,0.88,0.78,0,"mixed_harmonious",0.8,0.9,0.8,0.7,"good","average"
"O00324","summer","gym",0.88,1,0.39,0.94,0.84,0.2,0.5,0.92,0.9,0,"monochromatic",0.8,0.9,0.8,0.42,"average","bad"
"O00325","summer","casual",0.88,0.95,0.36,0.98,0.84,0.23,0.28,0.88,0.9,0,"neutral_dominant",0.8,0.9,0.8,0.42,"average","good"
"O00326","all-season","office",0.62,0.85,0.54,0.93,0.84,0.42,0.75,0.78,0.88,0,"monochromatic",0.8,0.9,0.79,0.75,"good","good"
"O00327","all-season","casual",0.88,0.85,0.21,0.93,0.84,0.18,0.09,0.62,0.88,0,"monochromatic",0.8,0.9,0.8,0.42,"average","good"
"O00328","all-season","office",0.88,0.85,0.33,0.93,0.84,0.09,0.5,0.78,0.88,0,"monochromatic",0.8,0.9,0.79,0.4,"average","average"
"O00329","autumn","gym",1,0.95,0.18,0.92,0.84,0.09,0.09,0.55,0.82,0,"mixed_harmonious",0.8,0.9,0.8,0.4,"average","good"
"O00330","summer","gym",0.88,0.95,0.29,0.91,0.87,0.4,0.18,0.25,0.79,0,"mixed_harmonious",0.8,0.9,0.89,0.4,"average","good"
"O00331","winter","travel",1,0.95,0.56,1,0.84,0.32,0.75,0.88,0.92,0,"monochromatic",0.8,0.9,0.8,0.78,"good","good"
"O00332","winter","weekend",1,0.95,0.67,0.98,0.84,0.41,1,0.88,0.9,0,"neutral_dominant",0.8,0.9,0.8,0.81,"good","average"
"O00333","summer","gym",0.88,0.95,0.12,0.98,0.84,0.09,0.09,0.25,0.9,0,"neutral_dominant",0.8,0.9,0.8,0.34,"bad","bad"
"O00334","summer","office",1,0.8,0.24,1,0.84,0.07,0.28,0.78,0.92,0,"monochromatic",0.8,0.9,0.8,0.4,"average","average"
"O00335","all-season","office",0.88,0.85,0.51,0.93,0.87,0.39,0.5,0.93,0.88,0,"monochromatic",0.8,0.9,0.89,0.74,"good","good"
"O00336","summer","gym",0.88,0.95,0.18,0.92,0.84,0.09,0.09,0.55,0.82,0,"mixed_harmonious",0.8,0.9,0.8,0.4,"average","bad"
"O00337","all-season","date",0.88,0.85,0.55,0.91,0.84,0.34,0.75,0.9,0.86,0,"neutral_dominant",0.8,0.9,0.8,0.75,"good","average"
"O00338","spring","casual",1,0.95,0.41,1,0.84,0.24,0.5,0.88,0.92,0,"monochromatic",0.8,0.9,0.8,0.42,"average","average"
"O00339","autumn","gym",1,0.95,0.55,1,0.84,0.43,0.75,0.55,0.92,0,"monochromatic",0.8,0.9,0.8,0.77,"good","average"
"O00340","winter","casual",0.88,0.95,0.59,1,0.84,0.42,0.75,0.88,0.92,0,"monochromatic",0.8,0.9,0.8,0.79,"good","average"
"O00341","spring","casual",1,0.95,0.61,0.91,0.84,0.42,0.75,0.88,0.79,0,"mixed_harmonious",0.8,0.9,0.8,0.77,"good","average"
"O00342","all-season","date",0.88,0.85,0.64,0.7,0.87,0.54,0.75,0.9,0.48,0,"complementary",0.8,0.9,0.89,0.73,"good","average"
"O00343","winter","office",1,0.95,0.45,0.91,0.84,0.09,0.75,0.93,0.79,0,"mixed_harmonious",0.8,0.9,0.8,0.4,"average","average"
"O00344","autumn","office",1,0.95,0.43,0.92,0.84,0.46,0.5,0.28,0.82,0,"mixed_harmonious",0.8,0.9,0.8,0.7,"good","good"
"O00345","summer","date",0.88,0.95,0.36,1,0.84,0.23,0.28,0.9,0.92,0,"monochromatic",0.8,0.9,0.8,0.4,"average","bad"
"O00346","autumn","casual",1,0.95,0.7,0.91,0.84,0.62,0.75,0.88,0.79,0,"mixed_harmonious",0.8,0.9,0.8,0.81,"good","average"
"O00347","all-season","casual",1,0.85,0.38,0.72,0.84,0.48,0.09,0.62,0.54,0,"triadic",0.8,0.9,0.8,0.4,"average","average"
"O00348","summer","casual",0.88,0.95,0.7,1,0.84,0.5,1,0.88,0.92,0,"monochromatic",0.8,0.9,0.79,0.83,"good","average"
"O00349","all-season","date",0.88,0.85,0.62,0.91,0.87,0.5,0.75,0.9,0.86,0,"neutral_dominant",0.8,0.9,0.89,0.78,"good","average"
"O00350","summer","gym",0.88,0.95,0.58,0.98,0.84,0.52,0.5,0.92,0.9,0,"neutral_dominant",0.8,0.9,0.8,0.78,"good","average"
"O00351","all-season","gym",0.62,0.85,0.43,0.85,0.87,0.54,0.5,0.25,0.8,0,"complementary",0.8,0.9,0.89,0.69,"average","good"
"O00352","all-season","casual",0.88,0.85,0.64,0.85,0.84,0.55,0.75,0.88,0.78,0,"mixed_harmonious",0.8,0.9,0.8,0.76,"good","bad"
"O00353","summer","travel",0.88,0.95,0.26,0.85,0.84,0.07,0.28,0.88,0.78,0,"mixed_harmonious",0.8,0.9,0.79,0.4,"average","average"
"O00354","spring","gym",1,0.8,0.45,1,0.84,0.46,0.41,0.55,0.92,0,"monochromatic",0.8,0.9,0.8,0.73,"good","bad"
"O00355","autumn","office",1,0.6,0.7,1,0.84,0.74,0.75,0.78,0.92,0,"monochromatic",0.8,0.9,0.8,0.83,"good","average"
"O00356","summer","office",1,0.95,0.54,1,0.84,0.68,0.5,0.28,0.92,0,"monochromatic",0.8,0.9,0.8,0.77,"good","average"
"O00357","summer","casual",1,0.95,0.4,0.67,0.84,0.08,0.75,0.88,0.57,0,"mixed_harmonious",0.8,0.9,0.8,0.4,"average","bad"
"O00358","summer","casual",1,0.95,0.35,0.87,0.84,0.17,0.41,0.88,0.77,0,"analogous",0.8,0.9,0.8,0.42,"average","bad"
"O00359","winter","casual",0.62,0.95,0.41,1,0.84,0.09,0.75,0.88,0.92,0,"monochromatic",0.8,0.9,0.8,0.4,"average","average"
"O00360","spring","office",1,0.95,0.75,0.85,0.84,0.6,1,0.78,0.67,0,"mixed_harmonious",0.8,0.9,0.8,0.81,"good","bad"
"O00361","summer","gym",0.88,0.95,0.45,1,0.84,0.46,0.18,0.92,0.92,0,"monochromatic",0.8,0.9,0.8,0.4,"average","average"
"O00362","winter","travel",0.62,0.95,0.6,1,0.84,0.41,1,0.72,0.92,0,"monochromatic",0.8,0.9,0.8,0.79,"good","bad"
"O00363","summer","casual",0.88,0.95,0.36,1,0.84,0.23,0.28,0.88,0.92,0,"monochromatic",0.8,0.9,0.8,0.4,"average","average"
"O00364","all-season","casual",0.88,0.85,0.85,0.92,0.84,0.84,1,0.88,0.87,0,"analogous",0.8,0.9,0.8,0.87,"good","average"
"O00365","summer","date",1,0.95,0.52,1,0.84,0.33,0.75,0.9,0.92,0,"monochromatic",0.8,0.9,0.8,0.76,"good","average"
"O00366","all-season","casual",1,0.85,0.37,0.93,0.84,0.18,0.5,0.88,0.88,0,"monochromatic",0.8,0.9,0.8,0.42,"average","bad"
"O00367","summer","office",1,0.95,0.6,0.92,0.84,0.38,0.75,0.93,0.82,0,"mixed_harmonious",0.8,0.9,0.8,0.77,"good","bad"
"O00368","spring","office",1,0.95,0.67,0.98,0.84,0.53,0.75,0.93,0.9,0,"neutral_dominant",0.8,0.9,0.8,0.81,"good","average"
"O00369","autumn","office",1,0.6,0.48,0.94,0.84,0.28,0.75,0.78,0.9,0,"monochromatic",0.8,0.9,0.8,0.42,"average","average"
"O00370","all-season","office",0.88,0.85,0.33,0.91,0.84,0.08,0.5,0.78,0.86,0,"neutral_dominant",0.8,0.9,0.79,0.34,"bad","good"
"O00371","autumn","casual",1,0.95,0.61,0.98,0.84,0.42,0.75,0.88,0.9,0,"neutral_dominant",0.8,0.9,0.8,0.79,"good","average"
"O00372","spring","casual",1,0.95,0.61,0.98,0.84,0.42,0.75,0.88,0.91,0,"analogous",0.8,0.9,0.8,0.79,"good","good"
"O00373","all-season","office",0.88,0.85,0.52,0.93,0.84,0.68,0.5,0.28,0.88,0,"monochromatic",0.8,0.9,0.8,0.74,"good","bad"
"O00374","all-season","date",0.88,0.85,0.52,0.85,0.84,0.28,0.75,0.9,0.78,0,"mixed_harmonious",0.8,0.9,0.8,0.72,"good","average"
"O00375","autumn","casual",1,0.95,0.61,0.98,0.84,0.43,0.75,0.88,0.9,0,"neutral_dominant",0.8,0.9,0.8,0.79,"good","average"
"O00376","winter","event",1,0.95,0.55,0.92,0.84,0.37,0.75,0.94,0.82,0,"mixed_harmonious",0.8,0.9,0.8,0.75,"good","average"
"O00377","summer","gym",0.88,0.95,0.18,1,0.84,0.09,0.09,0.55,0.92,0,"monochromatic",0.8,0.9,0.8,0.4,"average","average"
"O00378","summer","casual",1,0.8,0.26,0.85,0.84,0.07,0.28,0.88,0.78,0,"mixed_harmonious",0.8,0.9,0.8,0.4,"average","bad"
"O00379","autumn","gym",1,0.6,0.39,1,0.84,0.24,0.5,0.92,0.92,0,"monochromatic",0.8,0.9,0.8,0.42,"average","average"
"O00380","spring","date",1,0.8,0.27,0.92,0.84,0.07,0.28,0.9,0.84,0,"complementary",0.8,0.9,0.8,0.4,"average","average"
"O00381","all-season","date",0.88,0.85,0.32,0.91,0.84,0.07,0.5,0.9,0.86,0,"neutral_dominant",0.8,0.9,0.79,0.34,"bad","average"
"O00382","summer","date",1,0.8,0.27,0.67,0.84,0.07,0.28,0.9,0.57,0,"mixed_harmonious",0.8,0.9,0.8,0.4,"average","average"
"O00383","spring","date",1,0.95,0.61,0.76,0.84,0.42,0.75,0.9,0.52,0,"complementary",0.8,0.9,0.8,0.72,"good","average"
"O00384","all-season","office",0.88,0.85,0.33,0.91,0.84,0.08,0.5,0.78,0.86,0,"neutral_dominant",0.8,0.9,0.79,0.34,"bad","average"
"O00385","summer","casual",1,0.95,0.35,0.98,0.84,0.17,0.41,0.88,0.9,0,"neutral_dominant",0.8,0.9,0.8,0.42,"average","bad"
"O00386","spring","date",1,0.95,0.61,1,0.84,0.42,0.75,0.9,0.92,0,"monochromatic",0.8,0.9,0.8,0.8,"good","average"
"O00387","autumn","casual",1,0.6,0.72,0.94,0.84,0.74,0.75,0.88,0.9,0,"monochromatic",0.8,0.9,0.8,0.82,"good","bad"
"O00388","summer","casual",0.88,0.95,0.29,0.98,0.84,0.14,0.28,0.88,0.9,0,"neutral_dominant",0.8,0.9,0.8,0.42,"average","average"
"O00389","all-season","office",1,0.85,0.6,0.85,0.84,0.42,0.75,0.93,0.8,0,"complementary",0.8,0.9,0.8,0.75,"good","average"
"O00390","spring","casual",1,0.95,0.78,1,0.84,0.62,1,0.88,0.92,0,"monochromatic",0.8,0.9,0.8,0.86,"good","average"
"O00391","summer","office",0.88,0.95,0.28,0.81,0.84,0.14,0.28,0.78,0.62,0,"complementary",0.8,0.9,0.8,0.42,"average","bad"
"O00392","all-season","casual",1,0.85,0.59,0.93,0.84,0.42,0.75,0.88,0.88,0,"monochromatic",0.8,0.9,0.8,0.77,"good","average"
"O00393","autumn","casual",1,0.95,0.7,1,0.84,0.62,0.75,0.88,0.92,0,"monochromatic",0.8,0.9,0.8,0.83,"good","average"
"O00394","all-season","travel",0.88,0.85,0.46,0.93,0.84,0.24,0.75,0.88,0.88,0,"monochromatic",0.8,0.9,0.79,0.42,"average","good"
"O00395","summer","gym",0.62,0.95,0.39,0.82,0.84,0.44,0.18,0.92,0.82,0,"monochromatic",0.8,0.9,0.8,0.4,"average","good"
"O00396","spring","date",1,0.95,0.61,0.85,0.84,0.43,0.75,0.9,0.7,0,"monochromatic",0.8,0.9,0.8,0.75,"good","average"
"O00397","all-season","travel",0.88,0.85,0.43,0.93,0.87,0.11,0.75,0.88,0.88,0,"monochromatic",0.8,0.9,0.89,0.4,"average","average"
"O00398","summer","gym",0.88,0.95,0.73,0.94,0.84,0.68,0.75,0.92,0.9,0,"monochromatic",0.8,0.9,0.8,0.83,"good","bad"
"O00399","summer","gym",0.88,0.95,0.28,0.98,0.84,0.1,0.18,0.92,0.9,0,"neutral_dominant",0.8,0.9,0.8,0.4,"average","average"
"O00400","autumn","casual",1,0.95,0.78,0.92,0.84,0.63,1,0.88,0.82,0,"mixed_harmonious",0.8,0.9,0.8,0.84,"good","average"
"O00401","autumn","casual",1,0.6,0.58,1,0.84,0.44,0.75,0.88,0.92,0,"monochromatic",0.8,0.9,0.8,0.78,"good","bad"
"O00402","spring","casual",1,0.95,0.53,1,0.84,0.36,0.75,0.88,0.92,0,"monochromatic",0.8,0.9,0.8,0.76,"good","bad"
"O00403","all-season","date",0.62,0.85,0.59,0.93,0.87,0.5,0.75,0.9,0.88,0,"monochromatic",0.8,0.9,0.89,0.78,"good","good"
"O00404","all-season","gym",1,0.85,0.5,0.93,0.84,0.44,0.75,0.55,0.88,0,"monochromatic",0.8,0.9,0.8,0.73,"good","average"
"O00405","summer","gym",0.88,0.95,0.41,0.98,0.84,0.44,0.18,0.92,0.9,0,"neutral_dominant",0.8,0.9,0.8,0.4,"average","average"
"O00406","all-season","travel",0.88,0.85,0.41,0.93,0.87,0.2,0.5,0.88,0.88,0,"monochromatic",0.8,0.9,0.89,0.42,"average","average"
"O00407","autumn","casual",1,0.95,0.51,0.88,0.84,0.23,0.75,0.88,0.78,0,"monochromatic",0.8,0.9,0.8,0.42,"average","average"
"O00408","all-season","casual",0.88,0.85,0.46,0.74,0.84,0.24,0.75,0.88,0.55,0,"mixed_harmonious",0.8,0.9,0.79,0.42,"average","average"
"O00409","all-season","casual",1,0.85,0.8,0.93,0.84,0.7,1,0.88,0.88,0,"monochromatic",0.8,0.9,0.8,0.85,"good","average"
"O00410","all-season","travel",0.88,0.85,0.65,0.78,0.84,0.68,0.75,0.88,0.63,0,"mixed_harmonious",0.8,0.9,0.79,0.75,"good","bad"
"O00411","all-season","gym",0.88,0.85,0.32,0.91,0.87,0.33,0.5,0.25,0.86,0,"neutral_dominant",0.8,0.9,0.89,0.66,"average","average"
"O00412","winter","date",1,0.95,0.61,0.77,0.84,0.42,0.75,0.9,0.54,0,"complementary",0.8,0.9,0.8,0.73,"good","average"
"O00413","all-season","casual",0.88,0.85,0.53,0.93,0.84,0.32,0.75,0.88,0.88,0,"monochromatic",0.8,0.9,0.8,0.74,"good","average"
"O00414","autumn","date",0.88,0.95,0.11,0.85,0.84,0.07,0.09,0.32,0.67,0,"mixed_harmonious",0.8,0.9,0.8,0.34,"bad","average"
"O00415","autumn","casual",1,0.95,0.19,0.81,0.84,0.09,0.09,0.62,0.59,0,"mixed_harmonious",0.8,0.9,0.8,0.4,"average","average"
"O00416","winter","date",1,0.95,0.61,1,0.84,0.42,0.75,0.9,0.92,0,"monochromatic",0.8,0.9,0.8,0.8,"good","good"
"O00417","winter","office",1,0.6,0.6,0.74,0.84,0.48,0.75,0.93,0.55,0,"mixed_harmonious",0.8,0.9,0.8,0.71,"good","average"
"O00418","winter","date",1,0.95,0.44,1,0.84,0.09,0.75,0.9,0.92,0,"monochromatic",0.8,0.9,0.8,0.4,"average","average"
"O00419","summer","gym",0.88,0.95,0.36,0.67,0.84,0.48,0.09,0.55,0.57,0,"mixed_harmonious",0.8,0.9,0.8,0.4,"average","bad"
"O00420","summer","casual",1,0.95,0.59,0.92,0.84,0.38,0.75,0.88,0.82,0,"mixed_harmonious",0.8,0.9,0.8,0.76,"good","average"
"O00421","summer","gym",1,1,0.39,0.95,0.84,0.18,0.5,0.92,0.82,0,"monochromatic",0.8,0.9,0.8,0.42,"average","good"
"O00422","all-season","date",1,0.85,0.13,0.93,0.84,0.08,0.09,0.32,0.88,0,"monochromatic",0.8,0.9,0.8,0.34,"bad","good"
"O00423","spring","date",1,0.95,0.12,0.79,0.84,0.07,0.09,0.32,0.65,0,"mixed_harmonious",0.8,0.9,0.8,0.34,"bad","good"
"O00424","summer","gym",0.88,0.95,0.64,0.98,0.84,0.5,0.75,0.92,0.9,0,"neutral_dominant",0.8,0.9,0.8,0.8,"good","bad"
"O00425","summer","gym",0.62,0.95,0.11,1,0.84,0.09,0.09,0.25,0.92,0,"monochromatic",0.8,0.9,0.8,0.34,"bad","bad"
"O00426","spring","casual",1,0.95,0.61,0.94,0.84,0.43,0.75,0.88,0.9,0,"monochromatic",0.8,0.9,0.8,0.78,"good","average"
"O00427","all-season","date",0.88,0.85,0.3,0.78,0.84,0.44,0.09,0.32,0.63,0,"mixed_harmonious",0.8,0.9,0.79,0.4,"average","average"
"O00428","all-season","gym",0.88,0.85,0.5,0.93,0.84,0.32,0.75,0.92,0.88,0,"monochromatic",0.8,0.9,0.8,0.73,"good","average"
"O00429","autumn","casual",1,0.95,0.66,1,0.84,0.53,0.75,0.88,0.92,0,"monochromatic",0.8,0.9,0.8,0.82,"good","good"
"O00430","winter","office",1,0.95,0.26,0.92,0.84,0.17,0.5,0.28,0.84,0,"complementary",0.8,0.9,0.8,0.42,"average","average"
"O00431","summer","office",1,0.95,0.42,0.91,0.84,0.08,0.75,0.78,0.79,0,"mixed_harmonious",0.8,0.9,0.8,0.4,"average","average"
"O00432","winter","office",1,0.95,0.68,0.92,0.84,0.41,1,0.93,0.84,0,"complementary",0.8,0.9,0.8,0.8,"good","good"
"O00433","all-season","office",0.88,0.85,0.3,0.84,0.84,0.07,0.5,0.78,0.75,0,"mixed_harmonious",0.8,0.9,0.79,0.34,"bad","average"
"O00434","summer","gym",0.88,0.95,0.48,0.75,0.84,0.52,0.18,0.92,0.57,0,"mixed_harmonious",0.8,0.9,0.8,0.4,"average","bad"
"O00435","all-season","travel",0.88,0.85,0.43,0.93,0.84,0.18,0.75,0.88,0.88,0,"monochromatic",0.8,0.9,0.79,0.42,"average","average"
"O00436","all-season","travel",0.88,0.85,0.46,0.93,0.84,0.24,0.75,0.88,0.88,0,"monochromatic",0.8,0.9,0.79,0.42,"average","average"
"O00437","autumn","casual",1,0.6,0.38,0.94,0.84,0.24,0.5,0.88,0.9,0,"monochromatic",0.8,0.9,0.8,0.42,"average","good"
"O00438","all-season","date",1,0.85,0.56,0.93,0.84,0.44,0.75,0.9,0.88,0,"monochromatic",0.8,0.9,0.8,0.76,"good","average"
"O00439","all-season","casual",0.88,0.85,0.43,0.93,0.84,0.18,0.75,0.88,0.88,0,"monochromatic",0.8,0.9,0.79,0.42,"average","average"
"O00440","autumn","casual",1,0.95,0.66,1,0.84,0.53,0.75,0.88,0.92,0,"monochromatic",0.8,0.9,0.8,0.82,"good","good"
"O00441","autumn","casual",1,0.95,0.7,1,0.84,0.62,0.75,0.88,0.92,0,"monochromatic",0.8,0.9,0.8,0.83,"good","average"
"O00442","autumn","gym",1,0.6,0.65,1,0.84,0.74,0.75,0.55,0.92,0,"monochromatic",0.8,0.9,0.8,0.81,"good","good"
"O00443","summer","casual",1,0.95,0.68,0.98,0.84,0.57,0.75,0.88,0.9,0,"neutral_dominant",0.8,0.9,0.8,0.82,"good","average"
"O00444","all-season","casual",0.88,0.85,0.3,0.78,0.84,0.18,0.28,0.88,0.63,0,"mixed_harmonious",0.8,0.9,0.79,0.42,"average","bad"
"O00445","autumn","office",1,0.95,0.79,0.8,0.84,0.63,1,0.93,0.6,0,"complementary",0.8,0.9,0.8,0.81,"good","good"
"O00446","autumn","event",1,0.6,0.47,1,0.84,0.44,0.75,0.3,0.92,0,"monochromatic",0.8,0.9,0.8,0.74,"good","average"
"O00447","all-season","travel",0.88,0.85,0.43,0.85,0.84,0.18,0.75,0.88,0.78,0,"mixed_harmonious",0.8,0.9,0.79,0.42,"average","average"
"O00448","all-season","office",0.88,0.85,0.5,0.74,0.87,0.37,0.5,0.93,0.55,0,"mixed_harmonious",0.8,0.9,0.89,0.68,"average","average"
"O00449","spring","office",1,0.8,0.24,1,0.84,0.07,0.28,0.78,0.92,0,"monochromatic",0.8,0.9,0.8,0.4,"average","average"
"O00450","spring","gym",0.88,0.95,0.53,0.92,0.84,0.43,0.75,0.55,0.82,0,"mixed_harmonious",0.8,0.9,0.8,0.74,"good","average"
"O00451","summer","gym",0.88,0.95,0.1,0.74,0.84,0.07,0.09,0.25,0.58,0,"complementary",0.8,0.9,0.8,0.34,"bad","average"
"O00452","spring","weekend",1,0.95,0.55,0.79,0.84,0.41,0.75,0.88,0.65,0,"mixed_harmonious",0.8,0.9,0.8,0.71,"good","average"
"O00453","autumn","casual",1,0.95,0.61,0.92,0.84,0.42,0.75,0.88,0.82,0,"mixed_harmonious",0.8,0.9,0.8,0.77,"good","bad"
"O00454","summer","office",1,0.95,0.63,0.93,0.84,0.46,1,0.78,0.89,0,"analogous",0.8,0.9,0.8,0.78,"good","average"
"O00455","winter","casual",1,0.95,0.44,1,0.84,0.09,0.75,0.88,0.92,0,"monochromatic",0.8,0.9,0.8,0.4,"average","good"
"O00456","winter","casual",1,0.95,0.56,1,0.84,0.42,0.75,0.88,0.92,0,"monochromatic",0.8,0.9,0.8,0.78,"good","average"
"O00457","all-season","gym",0.88,0.85,0.54,0.93,0.84,0.41,0.75,0.92,0.88,0,"monochromatic",0.8,0.9,0.8,0.75,"good","average"
"O00458","all-season","casual",0.62,0.85,0.62,0.93,0.84,0.68,0.75,0.88,0.88,0,"monochromatic",0.8,0.9,0.79,0.78,"good","average"
"O00459","all-season","gym",1,0.85,0.38,0.78,0.84,0.18,0.5,0.92,0.63,0,"mixed_harmonious",0.8,0.9,0.8,0.42,"average","average"
"O00460","summer","gym",0.88,0.95,0.28,1,0.84,0.1,0.18,0.92,0.92,0,"monochromatic",0.8,0.9,0.8,0.4,"average","good"
"O00461","summer","casual",0.62,0.95,0.27,0.81,0.84,0.08,0.28,0.88,0.59,0,"mixed_harmonious",0.8,0.9,0.8,0.4,"average","good"
"O00462","spring","casual",1,0.95,0.77,0.98,0.84,0.6,1,0.88,0.9,0,"neutral_dominant",0.8,0.9,0.8,0.85,"good","good"
"O00463","autumn","casual",1,0.6,0.58,0.91,0.84,0.44,0.75,0.88,0.74,0,"monochromatic",0.8,0.9,0.8,0.76,"good","average"
"O00464","autumn","gym",1,0.6,0.65,1,0.84,0.74,0.75,0.55,0.92,0,"monochromatic",0.8,0.9,0.8,0.81,"good","average"
"O00465","all-season","travel",0.88,0.85,0.58,0.93,0.84,0.42,0.75,0.88,0.88,0,"monochromatic",0.8,0.9,0.79,0.76,"good","average"
"O00466","all-season","date",0.88,0.85,0.39,0.74,0.84,0.09,0.75,0.9,0.55,0,"mixed_harmonious",0.8,0.9,0.8,0.4,"average","good"
"O00467","all-season","casual",0.88,0.85,0.49,0.85,0.84,0.23,0.75,0.88,0.78,0,"mixed_harmonious",0.8,0.9,0.8,0.42,"average","bad"
"O00468","summer","travel",0.88,1,0.58,0.92,0.84,0.24,1,0.88,0.82,0,"mixed_harmonious",0.8,0.9,0.79,0.42,"average","average"
"O00469","all-season","office",0.88,0.85,0.48,0.91,0.84,0.59,0.5,0.28,0.86,0,"neutral_dominant",0.8,0.9,0.79,0.72,"good","bad"
"O00470","all-season","date",1,0.85,0.6,0.85,0.84,0.42,0.75,0.9,0.78,0,"mixed_harmonious",0.8,0.9,0.8,0.75,"good","average"
"O00471","all-season","gym",0.88,0.85,0.54,0.93,0.84,0.41,0.75,0.92,0.88,0,"monochromatic",0.8,0.9,0.8,0.75,"good","average"
"O00472","summer","gym",0.88,0.8,0.44,0.94,0.84,0.46,0.41,0.55,0.9,0,"monochromatic",0.8,0.9,0.8,0.71,"good","average"
"O00473","all-season","gym",0.88,0.85,0.12,0.93,0.87,0.09,0.09,0.25,0.88,0,"monochromatic",0.8,0.9,0.89,0.34,"bad","good"
"O00474","all-season","date",0.88,0.85,0.13,0.83,0.87,0.09,0.09,0.32,0.69,0,"analogous",0.8,0.9,0.89,0.34,"bad","average"
"O00475","summer","gym",1,0.45,0.48,0.92,0.84,0.33,0.75,0.92,0.82,0,"mixed_harmonious",0.8,0.9,0.8,0.72,"good","average"
"O00476","summer","office",0.88,0.95,0.34,0.94,0.84,0.23,0.28,0.78,0.9,0,"monochromatic",0.8,0.9,0.8,0.4,"average","good"
"O00477","all-season","office",0.88,0.85,0.29,0.85,0.84,0.44,0.09,0.28,0.78,0,"mixed_harmonious",0.8,0.9,0.79,0.4,"average","good"
"O00478","all-season","office",0.88,0.85,0.56,0.93,0.84,0.42,0.75,0.78,0.88,0,"monochromatic",0.8,0.9,0.79,0.76,"good","average"
"O00479","summer","casual",1,0.95,0.49,0.65,0.84,0.48,0.28,0.88,0.51,0,"mixed_harmonious",0.8,0.9,0.8,0.64,"average","average"
"O00480","all-season","casual",0.88,0.85,0.52,0.93,0.84,0.28,0.75,0.88,0.88,0,"monochromatic",0.8,0.9,0.8,0.42,"average","average"
"O00481","spring","travel",1,0.95,0.7,1,0.84,0.62,0.75,0.88,0.92,0,"monochromatic",0.8,0.9,0.8,0.83,"good","average"
"O00482","all-season","office",0.88,0.85,0.69,0.93,0.87,0.63,0.75,0.93,0.88,0,"monochromatic",0.8,0.9,0.89,0.82,"good","bad"
"O00483","autumn","casual",0.88,0.95,0.19,1,0.84,0.09,0.09,0.62,0.92,0,"monochromatic",0.8,0.9,0.8,0.4,"average","average"
"O00484","all-season","date",0.88,0.85,0.52,0.93,0.84,0.28,0.75,0.9,0.88,0,"monochromatic",0.8,0.9,0.8,0.74,"good","average"
"O00485","autumn","gym",1,0.95,0.72,0.94,0.84,0.63,1,0.55,0.9,0,"monochromatic",0.8,0.9,0.8,0.82,"good","average"
"O00486","all-season","date",1,0.85,0.56,0.91,0.84,0.44,0.75,0.9,0.86,0,"neutral_dominant",0.8,0.9,0.8,0.75,"good","average"
"O00487","summer","gym",0.88,0.95,0.53,0.91,0.84,0.42,0.5,0.92,0.79,0,"mixed_harmonious",0.8,0.9,0.8,0.74,"good","good"
"O00488","all-season","date",1,0.85,0.13,0.91,0.84,0.08,0.09,0.32,0.86,0,"neutral_dominant",0.8,0.9,0.8,0.34,"bad","average"
"O00489","all-season","office",0.88,0.85,0.41,0.93,0.84,0.18,0.75,0.78,0.88,0,"monochromatic",0.8,0.9,0.79,0.42,"average","average"
"O00490","summer","date",0.88,0.95,0.4,1,0.84,0.3,0.28,0.9,0.92,0,"monochromatic",0.8,0.9,0.8,0.71,"good","average"
"O00491","all-season","office",0.88,0.85,0.29,0.93,0.87,0.21,0.14,0.93,0.88,0,"monochromatic",0.8,0.9,0.89,0.42,"average","average"
"O00492","all-season","casual",0.88,0.85,0.59,0.85,0.84,0.43,0.75,0.88,0.78,0,"mixed_harmonious",0.8,0.9,0.8,0.74,"good","good"
"O00493","autumn","gym",1,0.6,0.52,0.92,0.84,0.44,0.75,0.55,0.82,0,"mixed_harmonious",0.8,0.9,0.8,0.74,"good","average"
"O00494","all-season","weekend",0.62,0.85,0.55,0.78,0.84,0.26,1,0.88,0.63,0,"mixed_harmonious",0.8,0.9,0.8,0.42,"average","good"
"O00495","all-season","casual",0.88,0.85,0.49,0.78,0.84,0.32,0.75,0.88,0.63,0,"mixed_harmonious",0.8,0.9,0.8,0.68,"average","average"
"O00496","all-season","casual",0.88,0.85,0.64,0.93,0.84,0.55,0.75,0.88,0.88,0,"monochromatic",0.8,0.9,0.8,0.79,"good","average"
"O00497","spring","casual",1,0.95,0.66,0.94,0.84,0.53,0.75,0.88,0.9,0,"monochromatic",0.8,0.9,0.8,0.8,"good","average"
"O00498","winter","casual",1,0.95,0.44,1,0.84,0.17,0.75,0.88,0.92,0,"monochromatic",0.8,0.9,0.8,0.42,"average","bad"
"O00499","summer","casual",1,0.95,0.52,1,0.84,0.33,0.75,0.88,0.92,0,"monochromatic",0.8,0.9,0.8,0.76,"good","good"
"O00500","summer","date",1,0.95,0.4,1,0.84,0.08,0.75,0.68,0.92,0,"monochromatic",0.8,0.9,0.8,0.4,"average","average"
"O00501","winter","date",1,0.95,0.57,1,0.84,0.42,0.75,0.68,0.92,0,"monochromatic",0.8,0.9,0.8,0.78,"good","average"
"O00502","all-season","casual",0.62,0.85,0.41,0.93,0.87,0.1,0.75,0.88,0.88,0,"monochromatic",0.8,0.9,0.89,0.4,"average","good"
"O00503","autumn","office",1,0.95,0.54,1,0.84,0.68,0.5,0.28,0.92,0,"monochromatic",0.8,0.9,0.8,0.77,"good","good"
"O00504","winter","casual",1,0.6,0.69,1,0.84,0.69,0.75,0.88,0.92,0,"monochromatic",0.8,0.9,0.8,0.83,"good","bad"
"O00505","summer","date",1,0.95,0.52,1,0.84,0.33,0.75,0.9,0.92,0,"monochromatic",0.8,0.9,0.8,0.76,"good","bad"
"O00506","all-season","casual",0.88,0.85,0.54,0.93,0.84,0.34,0.75,0.88,0.88,0,"monochromatic",0.8,0.9,0.8,0.75,"good","average"
"O00507","all-season","date",0.88,0.85,0.44,0.93,0.87,0.1,0.75,0.9,0.88,0,"monochromatic",0.8,0.9,0.89,0.4,"average","average"
"O00508","all-season","date",0.88,0.85,0.23,0.78,0.84,0.3,0.09,0.32,0.63,0,"mixed_harmonious",0.8,0.9,0.8,0.4,"average","bad"
"O00509","all-season","event",1,0.85,0.7,0.85,0.84,0.62,0.75,0.94,0.78,0,"mixed_harmonious",0.8,0.9,0.8,0.79,"good","average"
"O00510","summer","gym",1,0.95,0.44,1,0.84,0.3,0.75,0.55,0.92,0,"monochromatic",0.8,0.9,0.8,0.73,"good","average"
"O00511","all-season","date",0.88,0.85,0.35,0.74,0.84,0.08,0.5,0.9,0.55,0,"mixed_harmonious",0.8,0.9,0.79,0.34,"bad","good"
"O00512","autumn","date",1,0.95,0.61,0.98,0.84,0.43,0.75,0.9,0.9,0,"neutral_dominant",0.8,0.9,0.8,0.79,"good","good"
"O00513","all-season","casual",0.88,0.85,0.54,0.78,0.84,0.44,0.75,0.88,0.63,0,"mixed_harmonious",0.8,0.9,0.8,0.7,"good","good"
"O00514","all-season","gym",0.88,0.85,0.52,0.85,0.84,0.43,0.75,0.55,0.78,0,"mixed_harmonious",0.8,0.9,0.8,0.72,"good","bad"
"O00515","all-season","date",0.88,0.85,0.43,0.93,0.84,0.09,0.75,0.9,0.88,0,"monochromatic",0.8,0.9,0.8,0.4,"average","average"
"O00516","all-season","date",0.88,0.85,0.35,0.91,0.84,0.08,0.5,0.9,0.86,0,"neutral_dominant",0.8,0.9,0.79,0.34,"bad","good"
"O00517","summer","gym",0.88,0.95,0.11,0.91,0.84,0.08,0.09,0.25,0.79,0,"mixed_harmonious",0.8,0.9,0.8,0.34,"bad","good"
"O00518","all-season","casual",0.88,0.85,0.69,0.93,0.84,0.49,1,0.88,0.88,0,"monochromatic",0.8,0.9,0.8,0.81,"good","good"
"O00519","spring","casual",1,0.95,0.77,1,0.84,0.6,1,0.88,0.92,0,"monochromatic",0.8,0.9,0.8,0.86,"good","bad"
"O00520","all-season","casual",0.88,0.85,0.64,0.93,0.87,0.54,0.75,0.88,0.88,0,"monochromatic",0.8,0.9,0.89,0.8,"good","good"
"O00521","all-season","casual",0.88,0.85,0.71,0.91,0.84,0.68,0.75,0.88,0.86,0,"neutral_dominant",0.8,0.9,0.79,0.81,"good","good"
"O00522","autumn","casual",1,0.95,0.66,0.92,0.84,0.53,0.75,0.88,0.82,0,"mixed_harmonious",0.8,0.9,0.8,0.79,"good","good"
"O00523","summer","event",1,0.95,0.65,1,0.84,0.49,0.75,0.94,0.92,0,"monochromatic",0.8,0.9,0.8,0.81,"good","average"
"O00524","summer","gym",0.62,0.95,0.35,0.85,0.84,0.48,0.09,0.55,0.67,0,"mixed_harmonious",0.8,0.9,0.8,0.4,"average","good"
"O00525","summer","casual",1,0.95,0.64,0.98,0.84,0.49,0.75,0.88,0.9,0,"neutral_dominant",0.8,0.9,0.8,0.8,"good","good"
"O00526","autumn","gym",1,0.95,0.54,1,0.84,0.42,0.75,0.55,0.92,0,"monochromatic",0.8,0.9,0.8,0.77,"good","good"
"O00527","all-season","casual",1,0.85,0.18,0.93,0.84,0.08,0.09,0.62,0.88,0,"monochromatic",0.8,0.9,0.8,0.34,"bad","good"
"O00528","summer","date",0.88,0.95,0.6,0.94,0.84,0.5,1,0.32,0.9,0,"monochromatic",0.8,0.9,0.79,0.77,"good","good"
"O00529","spring","gym",1,0.95,0.55,1,0.84,0.44,0.75,0.55,0.92,0,"monochromatic",0.8,0.9,0.8,0.77,"good","average"
"O00530","all-season","casual",0.88,0.85,0.43,0.85,0.87,0.33,0.5,0.88,0.78,0,"mixed_harmonious",0.8,0.9,0.89,0.69,"average","bad"
"O00531","summer","gym",0.88,0.95,0.22,0.92,0.84,0.33,0.09,0.25,0.84,0,"complementary",0.8,0.9,0.8,0.4,"average","good"
"O00532","summer","office",0.88,1,0.29,0.85,0.87,0.18,0.18,0.78,0.78,0,"mixed_harmonious",0.8,0.9,0.89,0.42,"average","average"
"O00533","all-season","date",0.88,0.85,0.39,0.85,0.84,0.09,0.75,0.9,0.8,0,"complementary",0.8,0.9,0.8,0.4,"average","average"
"O00534","all-season","office",0.88,0.85,0.33,0.84,0.84,0.08,0.5,0.78,0.75,0,"mixed_harmonious",0.8,0.9,0.79,0.34,"bad","good"
"O00535","summer","gym",0.88,0.95,0.45,1,0.84,0.46,0.18,0.92,0.92,0,"monochromatic",0.8,0.9,0.8,0.4,"average","average"
"O00536","summer","gym",0.88,0.95,0.17,1,0.84,0.08,0.09,0.55,0.92,0,"monochromatic",0.8,0.9,0.8,0.34,"bad","bad"
"O00537","summer","casual",1,0.95,0.5,1,0.84,0.3,0.75,0.88,0.92,0,"monochromatic",0.8,0.9,0.8,0.75,"good","average"
"O00538","summer","casual",1,0.8,0.35,1,0.84,0.2,0.28,0.88,0.92,0,"monochromatic",0.8,0.9,0.8,0.42,"average","average"
"O00539","summer","office",1,0.45,0.45,0.98,0.84,0.33,0.75,0.78,0.9,0,"neutral_dominant",0.8,0.9,0.8,0.73,"good","bad"
"O00540","all-season","casual",0.88,0.85,0.48,0.93,0.84,0.21,0.75,0.88,0.88,0,"monochromatic",0.8,0.9,0.8,0.42,"average","good"
"O00541","summer","gym",1,1,0.44,0.94,0.84,0.29,0.75,0.55,0.9,0,"monochromatic",0.8,0.9,0.8,0.71,"good","bad"
"O00542","spring","date",1,0.95,0.61,0.91,0.84,0.42,0.75,0.9,0.79,0,"mixed_harmonious",0.8,0.9,0.8,0.77,"good","average"
"O00543","all-season","office",1,0.85,0.56,0.93,0.84,0.44,0.75,0.93,0.88,0,"monochromatic",0.8,0.9,0.8,0.76,"good","bad"
"O00544","winter","office",1,0.95,0.26,0.92,0.84,0.17,0.5,0.28,0.84,0,"complementary",0.8,0.9,0.8,0.42,"average","average"
"O00545","autumn","gym",1,0.95,0.61,0.98,0.84,0.42,0.75,0.92,0.9,0,"neutral_dominant",0.8,0.9,0.8,0.79,"good","average"
"O00546","summer","gym",0.88,0.95,0.57,0.85,0.84,0.46,1,0.55,0.78,0,"mixed_harmonious",0.8,0.9,0.8,0.74,"good","average"
"O00547","summer","casual",1,0.95,0.52,0.98,0.84,0.33,0.75,0.88,0.9,0,"neutral_dominant",0.8,0.9,0.8,0.75,"good","average"
"O00548","summer","office",1,0.95,0.65,0.85,0.84,0.49,0.75,0.93,0.78,0,"mixed_harmonious",0.8,0.9,0.8,0.77,"good","average"
"O00549","all-season","office",0.88,0.85,0.48,0.93,0.84,0.18,0.75,0.93,0.88,0,"monochromatic",0.8,0.9,0.8,0.42,"average","bad"
"O00550","all-season","date",0.88,0.85,0.36,0.91,0.84,0.09,0.75,0.68,0.86,0,"neutral_dominant",0.8,0.9,0.8,0.4,"average","good"
"O00551","spring","travel",1,0.95,0.78,1,0.84,0.63,1,0.88,0.92,0,"monochromatic",0.8,0.9,0.8,0.86,"good","average"
"O00552","autumn","date",1,0.95,0.61,0.92,0.84,0.42,0.75,0.9,0.82,0,"mixed_harmonious",0.8,0.9,0.8,0.77,"good","average"
"O00553","summer","casual",1,0.95,0.44,1,0.84,0.08,0.75,0.88,0.92,0,"monochromatic",0.8,0.9,0.8,0.4,"average","bad"
"O00554","all-season","casual",0.88,0.85,0.57,0.85,0.87,0.54,0.5,0.88,0.78,0,"mixed_harmonious",0.8,0.9,0.89,0.74,"good","good"
"O00555","spring","office",1,0.95,0.52,0.98,0.84,0.23,0.75,0.93,0.91,0,"analogous",0.8,0.9,0.8,0.42,"average","good"
"O00556","all-season","weekend",0.88,0.85,0.59,0.71,0.84,0.43,0.75,0.88,0.5,0,"complementary",0.8,0.9,0.8,0.7,"good","average"
"O00557","all-season","weekend",0.62,0.85,0.44,0.91,0.84,0.24,0.75,0.88,0.86,0,"neutral_dominant",0.8,0.9,0.79,0.42,"average","average"
"O00558","summer","gym",0.88,0.95,0.15,0.85,0.84,0.07,0.09,0.55,0.78,0,"mixed_harmonious",0.8,0.9,0.8,0.34,"bad","bad"
"O00559","winter","date",1,0.95,0.56,1,0.84,0.42,0.75,0.9,0.92,0,"monochromatic",0.8,0.9,0.8,0.78,"good","good"
"O00560","summer","office",0.62,0.95,0.64,0.92,0.84,0.57,0.75,0.93,0.82,0,"mixed_harmonious",0.8,0.9,0.8,0.78,"good","bad"
"O00561","winter","office",1,0.95,0.45,1,0.84,0.09,0.75,0.93,0.92,0,"monochromatic",0.8,0.9,0.8,0.4,"average","average"
"O00562","all-season","office",0.88,0.85,0.49,0.78,0.84,0.26,0.75,0.78,0.63,0,"mixed_harmonious",0.8,0.9,0.8,0.42,"average","average"
"O00563","all-season","office",0.88,0.85,0.63,0.93,0.84,0.35,1,0.93,0.88,0,"monochromatic",0.8,0.9,0.8,0.78,"good","average"
"O00564","all-season","casual",0.88,0.85,0.43,0.93,0.84,0.18,0.75,0.88,0.88,0,"monochromatic",0.8,0.9,0.79,0.42,"average","average"
"O00565","all-season","casual",0.88,0.85,0.54,0.93,0.84,0.48,0.5,0.88,0.88,0,"monochromatic",0.8,0.9,0.79,0.75,"good","good"
"O00566","all-season","office",1,0.85,0.7,0.85,0.84,0.62,0.75,0.93,0.78,0,"mixed_harmonious",0.8,0.9,0.8,0.79,"good","bad"
"O00567","summer","office",1,0.8,0.49,0.91,0.84,0.46,0.41,0.78,0.79,0,"mixed_harmonious",0.8,0.9,0.8,0.72,"good","average"
"O00568","all-season","gym",0.88,0.85,0.4,0.7,0.84,0.24,0.75,0.55,0.48,0,"complementary",0.8,0.9,0.79,0.42,"average","good"
"O00569","all-season","date",0.88,0.85,0.43,0.85,0.84,0.09,0.75,0.9,0.78,0,"mixed_harmonious",0.8,0.9,0.8,0.4,"average","average"
"O00570","summer","travel",1,0.95,0.39,0.98,0.84,0.06,0.75,0.88,0.9,0,"neutral_dominant",0.8,0.9,0.8,0.4,"average","good"
"O00571","all-season","office",0.88,0.85,0.64,0.93,0.84,0.53,0.75,0.93,0.88,0,"monochromatic",0.8,0.9,0.8,0.79,"good","bad"
"O00572","autumn","date",1,0.95,0.61,0.92,0.84,0.42,0.75,0.9,0.82,0,"mixed_harmonious",0.8,0.9,0.8,0.77,"good","bad"
"O00573","summer","gym",0.88,0.95,0.22,1,0.84,0.33,0.09,0.25,0.92,0,"monochromatic",0.8,0.9,0.8,0.4,"average","average"
"O00574","all-season","date",0.88,0.85,0.52,0.93,0.84,0.28,0.75,0.9,0.88,0,"monochromatic",0.8,0.9,0.8,0.74,"good","bad"
"O00575","summer","gym",1,0.8,0.45,0.95,0.84,0.46,0.41,0.55,0.82,0,"monochromatic",0.8,0.9,0.8,0.72,"good","bad"
"O00576","summer","gym",0.88,0.95,0.52,0.87,0.84,0.59,0.18,0.92,0.77,0,"analogous",0.8,0.9,0.8,0.4,"average","good"
"O00577","summer","casual",1,0.95,0.75,1,0.84,0.56,1,0.88,0.92,0,"monochromatic",0.8,0.9,0.8,0.85,"good","average"
"O00578","all-season","date",0.88,0.85,0.3,0.72,0.84,0.44,0.09,0.32,0.54,0,"triadic",0.8,0.9,0.79,0.4,"average","average"
"O00579","all-season","casual",0.88,0.85,0.75,0.85,0.84,0.63,1,0.88,0.8,0,"complementary",0.8,0.9,0.8,0.81,"good","average"
"O00580","spring","travel",1,0.95,0.55,1,0.84,0.41,0.75,0.88,0.92,0,"monochromatic",0.8,0.9,0.8,0.77,"good","good"
"O00581","summer","date",1,0.95,0.52,1,0.84,0.33,0.75,0.9,0.92,0,"monochromatic",0.8,0.9,0.8,0.76,"good","good"
"O00582","autumn","casual",0.88,0.6,0.37,0.92,0.84,0.24,0.5,0.88,0.82,0,"mixed_harmonious",0.8,0.9,0.8,0.42,"average","good"
"O00583","autumn","casual",1,0.95,0.17,0.85,0.84,0.07,0.09,0.62,0.67,0,"mixed_harmonious",0.8,0.9,0.8,0.34,"bad","bad"
"O00584","autumn","date",1,0.95,0.12,1,0.84,0.07,0.09,0.32,0.92,0,"monochromatic",0.8,0.9,0.8,0.34,"bad","average"
"O00585","summer","casual",0.88,1,0.51,0.91,0.84,0.23,0.75,0.88,0.79,0,"mixed_harmonious",0.8,0.9,0.8,0.42,"average","average"
"O00586","summer","office",1,0.95,0.63,1,0.84,0.46,1,0.78,0.92,0,"monochromatic",0.8,0.9,0.8,0.8,"good","average"
"O00587","all-season","casual",0.88,0.85,0.58,0.93,0.84,0.26,1,0.88,0.88,0,"monochromatic",0.8,0.9,0.8,0.42,"average","average"
"O00588","autumn","casual",1,0.6,0.58,1,0.84,0.44,0.75,0.88,0.92,0,"monochromatic",0.8,0.9,0.8,0.78,"good","good"
"O00589","all-season","gym",1,0.85,0.54,0.91,0.84,0.44,0.75,0.55,0.86,0,"neutral_dominant",0.8,0.9,0.8,0.74,"good","average"
"O00590","autumn","casual",1,0.95,0.66,1,0.84,0.53,0.75,0.88,0.92,0,"monochromatic",0.8,0.9,0.8,0.82,"good","average"
"O00591","summer","office",1,0.95,0.38,0.93,0.84,0.08,0.75,0.78,0.89,0,"analogous",0.8,0.9,0.8,0.4,"average","average"
"O00592","all-season","date",0.88,0.85,0.49,0.85,0.87,0.37,0.5,0.9,0.78,0,"mixed_harmonious",0.8,0.9,0.89,0.71,"good","bad"
"O00593","summer","casual",0.62,0.95,0.15,0.95,0.84,0.05,0.09,0.62,0.82,0,"monochromatic",0.8,0.9,0.8,0.4,"average","average"
"O00594","winter","gym",1,0.95,0.67,0.8,0.84,0.68,0.5,0.92,0.6,0,"complementary",0.8,0.9,0.8,0.76,"good","good"
"O00595","summer","gym",0.88,0.95,0.18,0.81,0.84,0.09,0.09,0.55,0.62,0,"complementary",0.8,0.9,0.8,0.4,"average","average"
"O00596","autumn","casual",1,0.95,0.61,1,0.84,0.42,0.75,0.88,0.92,0,"monochromatic",0.8,0.9,0.8,0.8,"good","good"
"O00597","summer","casual",0.88,0.95,0.63,1,0.84,0.5,0.75,0.88,0.92,0,"monochromatic",0.8,0.9,0.8,0.8,"good","average"
"O00598","all-season","office",0.88,0.85,0.45,0.93,0.87,0.36,0.5,0.93,0.88,0,"monochromatic",0.8,0.9,0.89,0.72,"good","good"
"O00599","spring","date",1,0.8,0.27,1,0.84,0.07,0.28,0.9,0.92,0,"monochromatic",0.8,0.9,0.8,0.4,"average","bad"
"O00600","summer","gym",0.88,1,0.65,0.92,0.84,0.52,0.75,0.92,0.84,0,"complementary",0.8,0.9,0.8,0.79,"good","average"
"O00601","autumn","gym",0.88,0.95,0.53,0.81,0.84,0.42,0.75,0.55,0.59,0,"mixed_harmonious",0.8,0.9,0.8,0.71,"good","bad"
"O00602","autumn","gym",1,0.95,0.71,1,0.84,0.62,1,0.55,0.92,0,"monochromatic",0.8,0.9,0.8,0.84,"good","average"
"O00603","summer","gym",0.88,0.95,0.18,0.92,0.84,0.09,0.09,0.55,0.84,0,"complementary",0.8,0.9,0.8,0.4,"average","good"
"O00604","all-season","date",0.88,0.85,0.55,0.93,0.84,0.34,0.75,0.9,0.88,0,"monochromatic",0.8,0.9,0.8,0.75,"good","average"
"O00605","summer","date",0.88,0.95,0.38,0.92,0.84,0.33,0.28,0.9,0.82,0,"mixed_harmonious",0.8,0.9,0.79,0.68,"average","good"
"O00606","summer","gym",0.88,0.95,0.28,0.98,0.84,0.1,0.18,0.92,0.9,0,"neutral_dominant",0.8,0.9,0.8,0.4,"average","average"
"O00607","all-season","casual",0.88,0.85,0.58,0.85,0.84,0.42,0.75,0.88,0.78,0,"mixed_harmonious",0.8,0.9,0.79,0.74,"good","bad"
"O00608","summer","gym",0.88,0.95,0.3,0.92,0.84,0.23,0.28,0.55,0.84,0,"complementary",0.8,0.9,0.8,0.4,"average","average"
"O00609","winter","casual",0.88,0.95,0.75,1,0.84,0.6,1,0.88,0.92,0,"monochromatic",0.8,0.9,0.8,0.85,"good","average"
"O00610","autumn","casual",1,0.95,0.53,0.98,0.84,0.36,0.75,0.88,0.91,0,"analogous",0.8,0.9,0.8,0.76,"good","bad"
"O00611","summer","date",1,0.95,0.11,0.98,0.84,0.05,0.09,0.32,0.9,0,"neutral_dominant",0.8,0.9,0.8,0.4,"average","bad"
"O00612","summer","office",0.88,0.8,0.48,1,0.84,0.46,0.41,0.78,0.92,0,"monochromatic",0.8,0.9,0.8,0.74,"good","bad"
"O00613","spring","date",1,0.95,0.55,0.92,0.84,0.68,0.5,0.32,0.82,0,"mixed_harmonious",0.8,0.9,0.8,0.75,"good","average"
"O00614","all-season","travel",0.88,0.85,0.43,0.73,0.84,0.18,0.75,0.88,0.56,0,"complementary",0.8,0.9,0.79,0.42,"average","good"
"O00615","summer","gym",0.88,1,0.39,1,0.84,0.2,0.5,0.92,0.92,0,"monochromatic",0.8,0.9,0.8,0.42,"average","average"
"O00616","spring","casual",1,0.95,0.62,1,0.84,0.44,0.75,0.88,0.92,0,"monochromatic",0.8,0.9,0.8,0.8,"good","average"
"O00617","all-season","casual",0.88,0.85,0.68,0.93,0.87,0.63,0.75,0.88,0.88,0,"monochromatic",0.8,0.9,0.89,0.81,"good","average"
"O00618","all-season","gym",1,0.85,0.71,0.92,0.84,0.63,1,0.55,0.87,0,"analogous",0.8,0.9,0.8,0.81,"good","average"
"O00619","spring","gym",1,0.95,0.55,0.92,0.84,0.43,0.75,0.55,0.82,0,"mixed_harmonious",0.8,0.9,0.8,0.75,"good","average"
"O00620","all-season","travel",0.88,0.85,0.35,0.85,0.84,0.09,0.5,0.88,0.8,0,"complementary",0.8,0.9,0.79,0.4,"average","average"
"O00621","all-season","gym",0.88,0.85,0.57,0.93,0.84,0.52,0.5,0.92,0.88,0,"monochromatic",0.8,0.9,0.8,0.76,"good","good"
"O00622","spring","casual",1,0.8,0.26,0.79,0.84,0.07,0.28,0.88,0.65,0,"mixed_harmonious",0.8,0.9,0.8,0.4,"average","good"
"O00623","all-season","office",0.62,0.85,0.42,0.93,0.87,0.33,0.5,0.93,0.88,0,"monochromatic",0.8,0.9,0.89,0.71,"good","average"
"O00624","all-season","date",0.88,0.85,0.52,0.85,0.84,0.28,0.75,0.9,0.78,0,"mixed_harmonious",0.8,0.9,0.8,0.72,"good","good"
"O00625","all-season","casual",0.88,0.85,0.68,0.91,0.87,0.62,0.75,0.88,0.86,0,"neutral_dominant",0.8,0.9,0.89,0.81,"good","average"
"O00626","all-season","office",0.88,0.85,0.6,0.93,0.84,0.43,0.75,0.93,0.88,0,"monochromatic",0.8,0.9,0.8,0.77,"good","bad"
"O00627","spring","casual",1,0.95,0.62,1,0.84,0.44,0.75,0.88,0.92,0,"monochromatic",0.8,0.9,0.8,0.8,"good","average"
"O00628","summer","gym",0.88,0.95,0.27,1,0.84,0.33,0.09,0.55,0.92,0,"monochromatic",0.8,0.9,0.8,0.4,"average","average"
"O00629","all-season","date",1,0.85,0.13,0.93,0.84,0.08,0.09,0.32,0.88,0,"monochromatic",0.8,0.9,0.8,0.34,"bad","average"
"O00630","autumn","casual",1,0.95,0.19,1,0.84,0.09,0.09,0.62,0.92,0,"monochromatic",0.8,0.9,0.8,0.4,"average","good"
"O00631","winter","casual",1,0.95,0.56,0.92,0.84,0.42,0.75,0.88,0.82,0,"mixed_harmonious",0.8,0.9,0.8,0.75,"good","average"
"O00632","all-season","casual",1,0.85,0.65,0.93,0.84,0.68,0.5,0.88,0.88,0,"monochromatic",0.8,0.9,0.8,0.79,"good","good"
"O00633","all-season","date",0.88,0.85,0.39,0.93,0.84,0.09,0.75,0.9,0.88,0,"monochromatic",0.8,0.9,0.8,0.4,"average","average"
"O00634","all-season","date",0.88,0.85,0.35,0.93,0.84,0.08,0.5,0.9,0.88,0,"monochromatic",0.8,0.9,0.79,0.34,"bad","bad"
"O00635","spring","date",1,0.95,0.61,0.98,0.84,0.43,0.75,0.9,0.91,0,"analogous",0.8,0.9,0.8,0.79,"good","average"
"O00636","all-season","casual",0.88,0.85,0.54,0.85,0.84,0.48,0.5,0.88,0.8,0,"complementary",0.8,0.9,0.79,0.72,"good","average"
"O00637","all-season","office",1,0.85,0.56,0.85,0.84,0.44,0.75,0.93,0.78,0,"mixed_harmonious",0.8,0.9,0.8,0.73,"good","average"
"O00638","autumn","date",1,0.95,0.61,0.92,0.84,0.43,0.75,0.9,0.82,0,"mixed_harmonious",0.8,0.9,0.8,0.77,"good","average"
"O00639","all-season","date",0.88,0.85,0.43,0.85,0.84,0.09,0.75,0.9,0.78,0,"mixed_harmonious",0.8,0.9,0.8,0.4,"average","average"
"O00640","all-season","gym",0.88,0.85,0.37,0.92,0.87,0.37,0.5,0.25,0.87,0,"analogous",0.8,0.9,0.89,0.69,"average","average"
"O00641","spring","casual",1,0.95,0.53,0.92,0.84,0.36,0.75,0.88,0.82,0,"mixed_harmonious",0.8,0.9,0.8,0.74,"good","average"
"O00642","all-season","office",0.88,0.85,0.58,0.85,0.87,0.54,0.5,0.93,0.78,0,"mixed_harmonious",0.8,0.9,0.89,0.75,"good","good"
"O00643","all-season","office",0.88,0.85,0.33,0.92,0.84,0.09,0.5,0.78,0.87,0,"analogous",0.8,0.9,0.79,0.4,"average","average"
"O00644","autumn","date",1,0.95,0.61,0.98,0.84,0.42,0.75,0.9,0.91,0,"analogous",0.8,0.9,0.8,0.79,"good","average"
"O00645","all-season","casual",0.88,0.85,0.39,0.85,0.84,0.09,0.75,0.88,0.78,0,"mixed_harmonious",0.8,0.9,0.8,0.4,"average","good"
"O00646","winter","office",1,0.95,0.75,1,0.84,0.6,1,0.78,0.92,0,"monochromatic",0.8,0.9,0.8,0.85,"good","bad"
"O00647","summer","gym",0.88,0.95,0.29,0.85,0.84,0.44,0.09,0.25,0.78,0,"mixed_harmonious",0.8,0.9,0.8,0.4,"average","average"
"O00648","all-season","office",0.88,0.85,0.48,0.85,0.84,0.59,0.5,0.28,0.78,0,"mixed_harmonious",0.8,0.9,0.79,0.7,"average","average"
"O00649","all-season","gym",0.88,0.85,0.44,0.85,0.84,0.33,0.75,0.55,0.78,0,"mixed_harmonious",0.8,0.9,0.8,0.68,"average","average"
"O00650","all-season","gym",0.88,0.85,0.49,0.93,0.84,0.21,0.75,0.92,0.88,0,"monochromatic",0.8,0.9,0.8,0.42,"average","average"
"O00651","summer","gym",1,0.95,0.59,1,0.84,0.38,0.75,0.92,0.92,0,"monochromatic",0.8,0.9,0.8,0.79,"good","average"
"O00652","summer","gym",0.88,0.95,0.11,0.98,0.84,0.08,0.09,0.25,0.9,0,"neutral_dominant",0.8,0.9,0.8,0.34,"bad","average"
"O00653","summer","gym",0.88,0.95,0.2,0.73,0.84,0.18,0.09,0.55,0.56,0,"triadic",0.8,0.9,0.8,0.42,"average","average"
"O00654","all-season","casual",1,0.85,0.18,0.93,0.84,0.08,0.09,0.62,0.88,0,"monochromatic",0.8,0.9,0.8,0.34,"bad","average"
"O00655","all-season","casual",0.88,0.85,0.64,0.93,0.84,0.55,0.75,0.88,0.88,0,"monochromatic",0.8,0.9,0.8,0.79,"good","good"
"O00656","spring","gym",0.62,0.95,0.17,1,0.84,0.09,0.09,0.55,0.92,0,"monochromatic",0.8,0.9,0.8,0.4,"average","average"
"O00657","summer","gym",0.88,1,0.39,0.85,0.84,0.2,0.5,0.92,0.67,0,"mixed_harmonious",0.8,0.9,0.8,0.42,"average","good"
"O00658","all-season","date",0.88,0.85,0.51,0.85,0.84,0.26,0.75,0.9,0.78,0,"mixed_harmonious",0.8,0.9,0.8,0.4,"average","bad"
"O00659","winter","casual",1,0.95,0.67,0.98,0.84,0.41,1,0.88,0.91,0,"analogous",0.8,0.9,0.8,0.81,"good","average"
"O00660","all-season","date",0.88,0.85,0.32,0.85,0.84,0.07,0.5,0.9,0.78,0,"mixed_harmonious",0.8,0.9,0.79,0.34,"bad","average"
"O00661","all-season","casual",0.88,0.85,0.71,0.85,0.84,0.68,0.75,0.88,0.78,0,"mixed_harmonious",0.8,0.9,0.79,0.79,"good","average"
"O00662","all-season","office",0.88,0.85,0.56,0.93,0.84,0.42,0.75,0.78,0.88,0,"monochromatic",0.8,0.9,0.79,0.76,"good","bad"
"O00663","all-season","office",0.88,0.85,0.55,0.93,0.84,0.24,1,0.78,0.88,0,"monochromatic",0.8,0.9,0.8,0.42,"average","average"
"O00664","autumn","gym",1,0.95,0.54,0.92,0.84,0.42,0.75,0.55,0.84,0,"complementary",0.8,0.9,0.8,0.74,"good","average"
"O00665","all-season","office",1,0.85,0.6,0.93,0.84,0.42,0.75,0.93,0.88,0,"monochromatic",0.8,0.9,0.8,0.77,"good","good"
"O00666","winter","casual",1,0.6,0.69,0.77,0.84,0.69,0.75,0.88,0.54,0,"complementary",0.8,0.9,0.8,0.76,"good","average"
"O00667","autumn","casual",0.88,0.6,0.56,1,0.84,0.44,0.75,0.88,0.92,0,"monochromatic",0.8,0.9,0.8,0.78,"good","good"
"O00668","spring","weekend",1,0.95,0.41,1,0.84,0.24,0.5,0.88,0.92,0,"monochromatic",0.8,0.9,0.8,0.42,"average","good"
"O00669","autumn","office",1,0.95,0.62,0.98,0.84,0.42,0.75,0.93,0.9,0,"neutral_dominant",0.8,0.9,0.8,0.79,"good","good"
"O00670","summer","gym",0.88,0.95,0.18,1,0.84,0.09,0.09,0.55,0.92,0,"monochromatic",0.8,0.9,0.8,0.4,"average","bad"
"O00671","all-season","travel",0.88,0.85,0.35,0.74,0.84,0.08,0.5,0.88,0.55,0,"mixed_harmonious",0.8,0.9,0.79,0.34,"bad","average"
"O00672","summer","date",1,0.95,0.52,1,0.84,0.33,0.75,0.9,0.92,0,"monochromatic",0.8,0.9,0.8,0.76,"good","good"
"O00673","all-season","casual",0.88,0.85,0.29,0.93,0.84,0.09,0.28,0.88,0.88,0,"monochromatic",0.8,0.9,0.79,0.34,"bad","average"
"O00674","summer","gym",0.88,0.95,0.17,0.98,0.84,0.08,0.09,0.55,0.9,0,"neutral_dominant",0.8,0.9,0.8,0.34,"bad","average"
"O00675","all-season","casual",1,0.85,0.57,0.93,0.84,0.38,0.75,0.88,0.88,0,"monochromatic",0.8,0.9,0.8,0.76,"good","average"
"O00676","summer","gym",0.88,0.95,0.18,0.91,0.84,0.09,0.09,0.55,0.79,0,"mixed_harmonious",0.8,0.9,0.8,0.4,"average","average"
"O00677","all-season","date",0.88,0.85,0.52,0.93,0.84,0.28,0.75,0.9,0.88,0,"monochromatic",0.8,0.9,0.8,0.74,"good","bad"
"O00678","all-season","travel",0.88,0.85,0.65,0.73,0.84,0.68,0.75,0.88,0.56,0,"complementary",0.8,0.9,0.79,0.73,"good","good"
"O00679","all-season","casual",0.88,0.85,0.43,0.93,0.84,0.18,0.75,0.88,0.88,0,"monochromatic",0.8,0.9,0.79,0.42,"average","average"
"O00680","summer","gym",0.88,1,0.52,0.94,0.84,0.24,0.75,0.92,0.9,0,"monochromatic",0.8,0.9,0.8,0.42,"average","average"
"O00681","all-season","office",0.88,0.85,0.58,0.85,0.84,0.46,0.75,0.78,0.78,0,"mixed_harmonious",0.8,0.9,0.79,0.74,"good","average"
"O00682","spring","date",1,0.95,0.41,1,0.84,0.09,0.75,0.9,0.92,0,"monochromatic",0.8,0.9,0.8,0.4,"average","good"
"O00683","all-season","casual",0.88,0.85,0.49,0.93,0.84,0.31,0.75,0.88,0.88,0,"monochromatic",0.8,0.9,0.8,0.73,"good","good"
"O00684","spring","casual",1,0.95,0.53,1,0.84,0.36,0.75,0.88,0.92,0,"monochromatic",0.8,0.9,0.8,0.76,"good","average"
"O00685","all-season","casual",0.88,0.85,0.58,0.78,0.84,0.42,0.75,0.88,0.63,0,"mixed_harmonious",0.8,0.9,0.79,0.72,"good","average"
"O00686","winter","casual",1,0.95,0.64,1,0.84,0.48,0.75,0.88,0.92,0,"monochromatic",0.8,0.9,0.8,0.81,"good","good"
"O00687","autumn","office",1,0.6,0.7,0.91,0.84,0.74,0.75,0.78,0.79,0,"mixed_harmonious",0.8,0.9,0.8,0.81,"good","average"
"O00688","winter","casual",1,0.95,0.44,0.81,0.84,0.17,0.75,0.88,0.62,0,"complementary",0.8,0.9,0.8,0.42,"average","average"
"O00689","summer","casual",0.62,0.95,0.3,1,0.87,0.2,0.18,0.88,0.92,0,"monochromatic",0.8,0.9,0.89,0.42,"average","average"
"O00690","summer","office",0.88,0.95,0.61,0.98,0.84,0.5,0.75,0.78,0.9,0,"neutral_dominant",0.8,0.9,0.8,0.79,"good","average"
"O00691","all-season","gym",0.88,0.85,0.5,0.93,0.84,0.32,0.75,0.92,0.88,0,"monochromatic",0.8,0.9,0.8,0.73,"good","average"
"O00692","all-season","office",0.62,0.85,0.29,0.85,0.84,0.07,0.5,0.78,0.78,0,"mixed_harmonious",0.8,0.9,0.79,0.34,"bad","bad"
"O00693","spring","office",1,0.95,0.52,0.75,0.84,0.28,0.75,0.78,0.5,0,"triadic",0.8,0.9,0.8,0.42,"average","good"
"O00694","all-season","date",1,0.85,0.13,0.93,0.84,0.08,0.09,0.32,0.88,0,"monochromatic",0.8,0.9,0.8,0.34,"bad","average"
"O00695","all-season","office",0.88,0.85,0.48,0.78,0.84,0.68,0.5,0.28,0.63,0,"mixed_harmonious",0.8,0.9,0.8,0.68,"average","good"
"O00696","summer","office",1,0.95,0.51,0.92,0.84,0.3,0.75,0.93,0.82,0,"mixed_harmonious",0.8,0.9,0.8,0.73,"good","average"
"O00697","autumn","casual",1,0.95,0.51,1,0.84,0.23,0.75,0.88,0.92,0,"monochromatic",0.8,0.9,0.8,0.42,"average","bad"
"O00698","all-season","office",0.88,0.85,0.83,0.85,0.84,0.84,1,0.78,0.78,0,"mixed_harmonious",0.8,0.9,0.8,0.84,"good","average"
"O00699","summer","casual",1,0.95,0.75,0.92,0.84,0.56,1,0.88,0.84,0,"complementary",0.8,0.9,0.8,0.83,"good","average"
"O00700","all-season","casual",0.88,0.85,0.69,0.93,0.84,0.49,1,0.88,0.88,0,"monochromatic",0.8,0.9,0.8,0.81,"good","average"
"O00701","spring","gym",1,0.8,0.44,0.98,0.84,0.24,0.75,0.55,0.9,0,"neutral_dominant",0.8,0.9,0.8,0.42,"average","average"
"O00702","summer","office",0.88,1,0.49,0.85,0.84,0.23,0.75,0.78,0.78,0,"mixed_harmonious",0.8,0.9,0.8,0.42,"average","bad"
"O00703","winter","office",1,0.6,0.31,1,0.84,0.26,0.5,0.28,0.92,0,"monochromatic",0.8,0.9,0.8,0.42,"average","average"
"O00704","all-season","office",0.88,0.85,0.29,0.78,0.84,0.44,0.09,0.28,0.63,0,"mixed_harmonious",0.8,0.9,0.79,0.4,"average","average"
"O00705","summer","casual",1,0.95,0.39,0.85,0.84,0.06,0.75,0.88,0.78,0,"mixed_harmonious",0.8,0.9,0.8,0.4,"average","average"
"O00706","summer","casual",1,0.95,0.52,1,0.84,0.33,0.75,0.88,0.92,0,"monochromatic",0.8,0.9,0.8,0.76,"good","bad"
"O00707","all-season","office",0.88,0.85,0.25,0.93,0.87,0.09,0.09,0.93,0.88,0,"monochromatic",0.8,0.9,0.89,0.34,"bad","average"
"O00708","all-season","date",0.62,0.85,0.59,0.92,0.87,0.5,0.75,0.9,0.87,0,"analogous",0.8,0.9,0.89,0.77,"good","average"
"O00709","all-season","gym",1,0.85,0.17,0.74,0.84,0.08,0.09,0.55,0.55,0,"mixed_harmonious",0.8,0.9,0.8,0.34,"bad","average"
"O00710","all-season","casual",1,0.85,0.55,0.91,0.84,0.32,0.75,0.88,0.86,0,"neutral_dominant",0.8,0.9,0.8,0.75,"good","average"
"O00711","summer","date",0.88,0.95,0.29,1,0.84,0.08,0.28,0.9,0.92,0,"monochromatic",0.8,0.9,0.8,0.4,"average","average"
"O00712","summer","gym",0.88,1,0.38,1,0.84,0.18,0.5,0.92,0.92,0,"monochromatic",0.8,0.9,0.8,0.42,"average","average"
"O00713","autumn","date",1,0.95,0.61,0.98,0.84,0.43,0.75,0.9,0.9,0,"neutral_dominant",0.8,0.9,0.8,0.79,"good","average"
"O00714","all-season","date",0.88,0.85,0.43,0.93,0.84,0.09,0.75,0.9,0.88,0,"monochromatic",0.8,0.9,0.8,0.4,"average","average"
"O00715","spring","casual",1,0.95,0.62,0.98,0.84,0.44,0.75,0.88,0.91,0,"analogous",0.8,0.9,0.8,0.79,"good","good"
"O00716","summer","gym",0.88,0.95,0.5,0.85,0.84,0.45,0.5,0.92,0.67,0,"mixed_harmonious",0.8,0.9,0.8,0.71,"good","average"
"O00717","all-season","casual",0.88,0.85,0.38,0.85,0.87,0.47,0.14,0.62,0.78,0,"mixed_harmonious",0.8,0.9,0.89,0.67,"average","good"
"O00718","all-season","casual",0.88,0.85,0.43,0.93,0.84,0.1,0.75,0.88,0.88,0,"monochromatic",0.8,0.9,0.79,0.4,"average","bad"
"O00719","summer","date",0.62,0.95,0.48,0.98,0.84,0.33,0.75,0.9,0.9,0,"neutral_dominant",0.8,0.9,0.8,0.74,"good","bad"
"O00720","summer","office",1,0.95,0.6,1,0.84,0.38,0.75,0.93,0.92,0,"monochromatic",0.8,0.9,0.8,0.79,"good","bad"
"O00721","summer","gym",0.88,0.95,0.18,0.81,0.84,0.09,0.09,0.55,0.62,0,"complementary",0.8,0.9,0.8,0.4,"average","good"
"O00722","spring","date",0.62,0.95,0.11,1,0.84,0.07,0.09,0.32,0.92,0,"monochromatic",0.8,0.9,0.8,0.34,"bad","average"
"O00723","summer","gym",0.88,1,0.41,1,0.84,0.24,0.5,0.92,0.92,0,"monochromatic",0.8,0.9,0.8,0.42,"average","average"
"O00724","summer","casual",1,0.88,0.51,0.77,0.84,0.24,0.75,0.88,0.54,0,"complementary",0.8,0.9,0.8,0.42,"average","average"
"O00725","all-season","gym",0.88,0.85,0.43,0.93,0.84,0.23,0.75,0.55,0.88,0,"monochromatic",0.8,0.9,0.8,0.42,"average","average"
"O00726","spring","gym",1,0.95,0.54,0.85,0.84,0.36,0.75,0.92,0.67,0,"mixed_harmonious",0.8,0.9,0.8,0.72,"good","average"
"O00727","spring","travel",1,0.95,0.62,1,0.84,0.44,0.75,0.88,0.92,0,"monochromatic",0.8,0.9,0.8,0.8,"good","good"
"O00728","autumn","casual",1,0.95,0.41,0.85,0.84,0.09,0.75,0.88,0.67,0,"mixed_harmonious",0.8,0.9,0.8,0.4,"average","average"
"O00729","all-season","gym",0.88,0.85,0.45,0.85,0.84,0.28,0.75,0.55,0.78,0,"mixed_harmonious",0.8,0.9,0.8,0.69,"average","average"
"O00730","autumn","date",1,0.95,0.41,0.81,0.84,0.09,0.75,0.9,0.62,0,"complementary",0.8,0.9,0.8,0.4,"average","average"
"O00731","spring","gym",1,0.95,0.59,0.92,0.84,0.53,0.75,0.55,0.84,0,"complementary",0.8,0.9,0.8,0.76,"good","good"
"O00732","autumn","gym",1,0.95,0.61,0.92,0.84,0.42,0.75,0.92,0.82,0,"mixed_harmonious",0.8,0.9,0.8,0.77,"good","average"
"O00733","summer","travel",0.88,0.95,0.18,0.85,0.84,0.05,0.09,0.72,0.67,0,"mixed_harmonious",0.8,0.9,0.8,0.4,"average","average"
"O00734","all-season","date",0.88,0.85,0.64,0.74,0.87,0.54,0.75,0.9,0.55,0,"mixed_harmonious",0.8,0.9,0.89,0.74,"good","good"
"O00735","all-season","date",0.88,0.85,0.51,0.93,0.84,0.26,0.75,0.9,0.88,0,"monochromatic",0.8,0.9,0.8,0.4,"average","bad"
"O00736","winter","date",1,0.95,0.56,0.74,0.84,0.42,0.75,0.9,0.55,0,"mixed_harmonious",0.8,0.9,0.8,0.7,"average","average"
"O00737","summer","gym",0.88,1,0.65,0.67,0.84,0.52,0.75,0.92,0.57,0,"mixed_harmonious",0.8,0.9,0.8,0.71,"good","good"
"O00738","autumn","office",1,0.95,0.75,0.98,0.84,0.6,1,0.78,0.91,0,"analogous",0.8,0.9,0.8,0.85,"good","average"
"O00739","summer","casual",1,0.95,0.66,0.93,0.84,0.68,0.5,0.88,0.89,0,"analogous",0.8,0.9,0.8,0.8,"good","average"
"O00740","spring","date",1,0.95,0.61,0.78,0.84,0.42,0.75,0.9,0.51,0,"mixed_harmonious",0.8,0.9,0.8,0.73,"good","average"
"O00741","all-season","casual",0.88,0.85,0.39,0.85,0.84,0.24,0.5,0.88,0.78,0,"mixed_harmonious",0.8,0.9,0.8,0.42,"average","average"
"O00742","summer","gym",0.88,0.95,0.28,1,0.84,0.1,0.18,0.92,0.92,0,"monochromatic",0.8,0.9,0.8,0.4,"average","average"
"O00743","all-season","office",0.88,0.85,0.72,0.84,0.84,0.6,1,0.78,0.75,0,"mixed_harmonious",0.8,0.9,0.8,0.79,"good","average"
"O00744","all-season","casual",0.62,0.85,0.61,0.93,0.87,0.54,0.75,0.88,0.88,0,"monochromatic",0.8,0.9,0.89,0.78,"good","average"
"O00745","autumn","casual",1,0.95,0.17,1,0.84,0.07,0.09,0.62,0.92,0,"monochromatic",0.8,0.9,0.8,0.34,"bad","average"
"O00746","all-season","weekend",0.88,0.85,0.54,0.85,0.84,0.48,0.5,0.88,0.78,0,"mixed_harmonious",0.8,0.9,0.79,0.72,"good","average"
"O00747","summer","gym",0.88,0.95,0.53,0.92,0.84,0.42,0.5,0.92,0.82,0,"mixed_harmonious",0.8,0.9,0.8,0.74,"good","average"
"O00748","spring","travel",1,0.95,0.41,0.82,0.84,0.09,0.75,0.88,0.61,0,"mixed_harmonious",0.8,0.9,0.8,0.4,"average","good"
"O00749","summer","gym",0.88,1,0.39,0.74,0.84,0.2,0.5,0.92,0.58,0,"complementary",0.8,0.9,0.8,0.42,"average","average"
"O00750","autumn","gym",1,0.95,0.71,1,0.84,0.62,1,0.55,0.92,0,"monochromatic",0.8,0.9,0.8,0.84,"good","good"
"O00751","summer","casual",1,0.95,0.68,1,0.84,0.57,0.75,0.88,0.92,0,"monochromatic",0.8,0.9,0.8,0.82,"good","average"
"O00752","summer","gym",0.88,0.95,0.11,0.77,0.84,0.08,0.09,0.25,0.54,0,"complementary",0.8,0.9,0.8,0.34,"bad","bad"
"O00753","all-season","casual",0.88,0.85,0.63,0.78,0.84,0.52,0.75,0.88,0.63,0,"mixed_harmonious",0.8,0.9,0.79,0.74,"good","bad"
"O00754","all-season","casual",0.88,0.85,0.56,0.75,0.84,0.52,0.5,0.88,0.57,0,"mixed_harmonious",0.8,0.9,0.8,0.7,"good","average"
"O00755","all-season","casual",0.62,0.85,0.6,0.93,0.84,0.53,0.75,0.88,0.88,0,"monochromatic",0.8,0.9,0.8,0.77,"good","good"
"O00756","all-season","office",1,0.85,0.38,0.85,0.84,0.08,0.75,0.78,0.78,0,"mixed_harmonious",0.8,0.9,0.8,0.4,"average","good"
"O00757","autumn","date",1,0.95,0.61,0.92,0.84,0.42,0.75,0.9,0.82,0,"mixed_harmonious",0.8,0.9,0.8,0.77,"good","average"
"O00758","summer","gym",0.88,0.95,0.28,0.91,0.84,0.1,0.18,0.92,0.79,0,"mixed_harmonious",0.8,0.9,0.8,0.4,"average","good"
"O00759","autumn","date",1,0.95,0.49,0.81,0.84,0.36,0.75,0.68,0.59,0,"mixed_harmonious",0.8,0.9,0.8,0.69,"average","average"
"O00760","summer","office",1,0.95,0.22,1,0.84,0.07,0.5,0.28,0.92,0,"monochromatic",0.8,0.9,0.8,0.4,"average","average"
"O00761","all-season","date",0.88,0.85,0.55,0.93,0.84,0.34,0.75,0.9,0.88,0,"monochromatic",0.8,0.9,0.8,0.75,"good","average"
"O00762","all-season","date",0.88,0.85,0.35,0.93,0.84,0.08,0.5,0.9,0.88,0,"monochromatic",0.8,0.9,0.79,0.34,"bad","bad"
"O00763","autumn","date",1,0.95,0.61,0.92,0.84,0.43,0.75,0.9,0.82,0,"mixed_harmonious",0.8,0.9,0.8,0.77,"good","average"
"O00764","all-season","casual",0.88,0.85,0.63,0.78,0.84,0.68,0.5,0.88,0.63,0,"mixed_harmonious",0.8,0.9,0.8,0.74,"good","average"
"O00765","autumn","gym",1,0.95,0.55,0.9,0.84,0.43,0.75,0.55,0.73,0,"analogous",0.8,0.9,0.8,0.74,"good","average"
"O00766","summer","date",0.62,0.95,0.36,0.92,0.87,0.38,0.18,0.9,0.82,0,"mixed_harmonious",0.8,0.9,0.89,0.4,"average","average"
"O00767","summer","casual",0.88,0.95,0.39,0.94,0.84,0.21,0.41,0.88,0.9,0,"monochromatic",0.8,0.9,0.8,0.42,"average","good"
"O00768","autumn","office",1,0.6,0.48,0.76,0.84,0.28,0.75,0.78,0.52,0,"complementary",0.8,0.9,0.8,0.42,"average","good"
"O00769","all-season","travel",0.88,0.85,0.54,0.93,0.87,0.54,0.5,0.72,0.88,0,"monochromatic",0.8,0.9,0.89,0.76,"good","average"
"O00770","all-season","office",0.88,0.85,0.58,0.93,0.84,0.46,0.75,0.78,0.88,0,"monochromatic",0.8,0.9,0.79,0.76,"good","average"
"O00771","autumn","gym",1,0.95,0.61,0.92,0.84,0.42,0.75,0.92,0.82,0,"mixed_harmonious",0.8,0.9,0.8,0.77,"good","bad"
"O00772","summer","gym",0.88,0.95,0.15,0.85,0.84,0.07,0.09,0.55,0.78,0,"mixed_harmonious",0.8,0.9,0.8,0.4,"average","average"
"O00773","all-season","office",1,0.85,0.38,0.93,0.84,0.09,0.75,0.78,0.88,0,"monochromatic",0.8,0.9,0.8,0.4,"average","average"
"O00774","spring","office",1,0.95,0.67,0.94,0.84,0.53,0.75,0.93,0.9,0,"monochromatic",0.8,0.9,0.8,0.8,"good","bad"
"O00775","all-season","date",0.88,0.85,0.62,0.85,0.87,0.5,0.75,0.9,0.78,0,"mixed_harmonious",0.8,0.9,0.89,0.76,"good","good"
"O00776","all-season","casual",0.88,0.85,0.54,0.85,0.84,0.34,0.75,0.88,0.78,0,"mixed_harmonious",0.8,0.9,0.8,0.72,"good","average"
"O00777","autumn","gym",0.88,0.95,0.7,0.85,0.84,0.63,1,0.55,0.67,0,"mixed_harmonious",0.8,0.9,0.8,0.79,"good","good"
"O00778","summer","gym",0.88,0.95,0.15,1,0.84,0.07,0.09,0.55,0.92,0,"monochromatic",0.8,0.9,0.8,0.34,"bad","average"
"O00779","winter","office",1,0.95,0.35,0.85,0.84,0.29,0.09,0.93,0.67,0,"mixed_harmonious",0.8,0.9,0.8,0.4,"average","average"
"O00780","all-season","travel",0.88,0.85,0.54,0.91,0.84,0.48,0.5,0.88,0.86,0,"neutral_dominant",0.8,0.9,0.79,0.74,"good","average"
"O00781","all-season","gym",0.88,0.85,0.56,0.93,0.87,0.63,0.75,0.25,0.88,0,"monochromatic",0.8,0.9,0.89,0.76,"good","bad"
"O00782","summer","date",1,0.95,0.3,0.83,0.84,0.08,0.28,0.9,0.69,0,"analogous",0.8,0.9,0.8,0.4,"average","average"
"O00783","autumn","office",1,0.6,0.7,0.94,0.84,0.74,0.75,0.78,0.9,0,"monochromatic",0.8,0.9,0.8,0.81,"good","average"
"O00784","summer","gym",0.88,0.95,0.15,1,0.84,0.07,0.09,0.55,0.92,0,"monochromatic",0.8,0.9,0.8,0.4,"average","average"
"O00785","autumn","date",1,0.95,0.12,0.85,0.84,0.07,0.09,0.32,0.67,0,"mixed_harmonious",0.8,0.9,0.8,0.34,"bad","bad"
"O00786","autumn","casual",1,0.95,0.53,1,0.84,0.36,0.75,0.88,0.92,0,"monochromatic",0.8,0.9,0.8,0.76,"good","average"
"O00787","all-season","office",1,0.85,0.27,0.93,0.84,0.18,0.5,0.28,0.88,0,"monochromatic",0.8,0.9,0.8,0.42,"average","good"
"O00788","autumn","gym",0.62,0.95,0.55,1,0.84,0.53,0.75,0.55,0.92,0,"monochromatic",0.8,0.9,0.8,0.77,"good","average"
"O00789","all-season","casual",0.88,0.85,0.49,0.91,0.84,0.32,0.75,0.88,0.86,0,"neutral_dominant",0.8,0.9,0.8,0.72,"good","average"
"O00790","summer","office",1,0.95,0.27,1,0.84,0.12,0.28,0.78,0.92,0,"monochromatic",0.8,0.9,0.8,0.42,"average","good"
"O00791","spring","casual",0.62,0.95,0.56,1,0.84,0.42,0.75,0.88,0.92,0,"monochromatic",0.8,0.9,0.8,0.78,"good","average"
"O00792","spring","office",1,0.95,0.53,1,0.84,0.41,0.75,0.78,0.92,0,"monochromatic",0.8,0.9,0.8,0.76,"good","average"
"O00793","all-season","casual",1,0.85,0.61,0.93,0.84,0.46,0.75,0.88,0.88,0,"monochromatic",0.8,0.9,0.8,0.78,"good","average"
"O00794","all-season","office",0.88,0.85,0.54,0.93,0.84,0.32,0.75,0.93,0.88,0,"monochromatic",0.8,0.9,0.8,0.75,"good","average"
"O00795","summer","casual",1,0.95,0.4,0.67,0.84,0.08,0.75,0.88,0.57,0,"mixed_harmonious",0.8,0.9,0.8,0.4,"average","good"
"O00796","summer","casual",0.88,1,0.31,0.98,0.87,0.18,0.18,0.88,0.9,0,"neutral_dominant",0.8,0.9,0.89,0.42,"average","average"
"O00797","spring","office",1,0.95,0.52,0.85,0.84,0.23,0.75,0.93,0.67,0,"mixed_harmonious",0.8,0.9,0.8,0.42,"average","bad"
"O00798","autumn","office",1,0.95,0.42,0.92,0.84,0.09,0.75,0.93,0.82,0,"mixed_harmonious",0.8,0.9,0.8,0.4,"average","bad"
"O00799","all-season","gym",0.88,0.85,0.49,0.91,0.84,0.21,0.75,0.92,0.86,0,"neutral_dominant",0.8,0.9,0.8,0.42,"average","good"
"O00800","winter","gym",1,0.95,0.5,0.92,0.84,0.42,0.75,0.55,0.84,0,"complementary",0.8,0.9,0.8,0.73,"good","average"
"O00801","autumn","casual",1,0.6,0.5,1,0.84,0.28,0.75,0.88,0.92,0,"monochromatic",0.8,0.9,0.8,0.42,"average","average"
"O00802","autumn","gym",1,0.95,0.54,1,0.84,0.42,0.75,0.55,0.92,0,"monochromatic",0.8,0.9,0.8,0.77,"good","bad"
"O00803","all-season","date",0.88,0.85,0.32,0.78,0.84,0.07,0.5,0.9,0.63,0,"mixed_harmonious",0.8,0.9,0.79,0.34,"bad","average"
"O00804","autumn","travel",1,0.95,0.57,0.92,0.84,0.42,0.75,0.72,0.82,0,"mixed_harmonious",0.8,0.9,0.8,0.76,"good","average"
"O00805","all-season","gym",0.88,0.85,0.37,0.93,0.87,0.37,0.5,0.25,0.88,0,"monochromatic",0.8,0.9,0.89,0.69,"average","bad"
"O00806","summer","gym",0.88,0.95,0.18,0.92,0.84,0.09,0.09,0.55,0.82,0,"mixed_harmonious",0.8,0.9,0.8,0.4,"average","average"
"O00807","all-season","casual",0.88,0.85,0.56,0.85,0.84,0.38,0.75,0.88,0.8,0,"complementary",0.8,0.9,0.8,0.73,"good","good"
"O00808","summer","office",1,1,0.51,1,0.84,0.29,0.75,0.93,0.92,0,"monochromatic",0.8,0.9,0.8,0.76,"good","average"
"O00809","winter","travel",1,0.95,0.56,1,0.84,0.32,0.75,0.88,0.92,0,"monochromatic",0.8,0.9,0.8,0.78,"good","average"
"O00810","autumn","casual",0.88,0.6,0.49,0.92,0.84,0.28,0.75,0.88,0.82,0,"mixed_harmonious",0.8,0.9,0.8,0.42,"average","good"
"O00811","spring","casual",1,0.95,0.7,1,0.84,0.62,0.75,0.88,0.92,0,"monochromatic",0.8,0.9,0.8,0.83,"good","average"
"O00812","summer","casual",1,1,0.48,0.92,0.84,0.16,0.75,0.88,0.84,0,"complementary",0.8,0.9,0.8,0.42,"average","average"
"O00813","summer","gym",0.88,0.95,0.22,0.94,0.84,0.33,0.09,0.25,0.9,0,"monochromatic",0.8,0.9,0.8,0.4,"average","good"
"O00814","all-season","casual",0.88,0.85,0.54,0.93,0.84,0.48,0.5,0.88,0.88,0,"monochromatic",0.8,0.9,0.79,0.75,"good","average"
"O00815","all-season","gym",0.88,0.85,0.43,0.93,0.84,0.23,0.75,0.55,0.88,0,"monochromatic",0.8,0.9,0.8,0.42,"average","average"
"O00816","all-season","office",0.88,0.85,0.63,0.93,0.87,0.5,0.75,0.93,0.88,0,"monochromatic",0.8,0.9,0.89,0.79,"good","average"
"O00817","winter","date",1,0.95,0.13,0.91,0.84,0.08,0.09,0.32,0.74,0,"monochromatic",0.8,0.9,0.8,0.34,"bad","average"
"O00818","autumn","travel",0.62,0.95,0.38,1,0.84,0.09,0.75,0.88,0.92,0,"monochromatic",0.8,0.9,0.8,0.4,"average","average"
"O00819","autumn","office",1,0.95,0.76,0.92,0.84,0.62,1,0.78,0.82,0,"mixed_harmonious",0.8,0.9,0.8,0.83,"good","average"
"O00820","spring","casual",1,0.95,0.53,0.92,0.84,0.36,0.75,0.88,0.82,0,"mixed_harmonious",0.8,0.9,0.8,0.74,"good","bad"
"O00821","spring","date",0.62,0.8,0.25,1,0.84,0.07,0.28,0.9,0.92,0,"monochromatic",0.8,0.9,0.8,0.4,"average","average"
"O00822","all-season","weekend",0.88,0.85,0.35,0.85,0.84,0.09,0.5,0.88,0.78,0,"mixed_harmonious",0.8,0.9,0.79,0.4,"average","good"
"O00823","all-season","office",0.88,0.85,0.29,0.74,0.87,0.21,0.14,0.93,0.58,0,"complementary",0.8,0.9,0.89,0.42,"average","good"
"O00824","winter","office",1,0.95,0.26,1,0.84,0.17,0.5,0.28,0.92,0,"monochromatic",0.8,0.9,0.8,0.42,"average","good"
"O00825","all-season","office",0.88,0.85,0.63,0.92,0.84,0.35,1,0.93,0.87,0,"analogous",0.8,0.9,0.8,0.78,"good","good"
"O00826","all-season","casual",1,0.85,0.59,0.93,0.84,0.42,0.75,0.88,0.88,0,"monochromatic",0.8,0.9,0.8,0.77,"good","good"
"O00827","summer","gym",0.88,0.95,0.58,1,0.84,0.52,0.5,0.92,0.92,0,"monochromatic",0.8,0.9,0.8,0.78,"good","average"
"O00828","summer","casual",0.88,1,0.58,0.85,0.84,0.24,1,0.88,0.78,0,"mixed_harmonious",0.8,0.9,0.79,0.42,"average","average"
"O00829","summer","office",0.88,0.8,0.48,0.85,0.84,0.46,0.41,0.78,0.78,0,"mixed_harmonious",0.8,0.9,0.8,0.7,"average","bad"
"O00830","spring","casual",1,0.95,0.66,1,0.84,0.68,0.5,0.88,0.92,0,"monochromatic",0.8,0.9,0.8,0.82,"good","average"
"O00831","autumn","casual",1,0.95,0.19,1,0.84,0.09,0.09,0.62,0.92,0,"monochromatic",0.8,0.9,0.8,0.4,"average","good"
"O00832","spring","casual",0.88,0.95,0.59,1,0.84,0.42,0.75,0.88,0.92,0,"monochromatic",0.8,0.9,0.8,0.79,"good","average"
"O00833","all-season","date",0.88,0.85,0.51,0.93,0.84,0.26,0.75,0.9,0.88,0,"monochromatic",0.8,0.9,0.8,0.4,"average","good"
"O00834","all-season","casual",0.88,0.85,0.62,0.93,0.84,0.35,1,0.88,0.88,0,"monochromatic",0.8,0.9,0.8,0.78,"good","average"
"O00835","all-season","date",0.88,0.85,0.55,0.74,0.84,0.34,0.75,0.9,0.55,0,"mixed_harmonious",0.8,0.9,0.8,0.69,"average","good"
"O00836","summer","office",1,0.95,0.27,0.85,0.84,0.12,0.28,0.78,0.78,0,"mixed_harmonious",0.8,0.9,0.8,0.42,"average","good"
"O00837","summer","date",0.88,1,0.47,0.85,0.84,0.23,0.75,0.68,0.78,0,"mixed_harmonious",0.8,0.9,0.8,0.42,"average","average"
"O00838","all-season","travel",0.88,0.85,0.43,0.78,0.84,0.1,0.75,0.88,0.63,0,"mixed_harmonious",0.8,0.9,0.79,0.4,"average","bad"
"O00839","summer","casual",0.88,0.95,0.7,0.98,0.84,0.5,1,0.88,0.9,0,"neutral_dominant",0.8,0.9,0.79,0.83,"good","good"
"O00840","all-season","office",0.88,0.85,0.26,0.93,0.87,0.09,0.14,0.93,0.88,0,"monochromatic",0.8,0.9,0.89,0.4,"average","average"
"O00841","summer","casual",1,0.53,0.59,0.92,0.84,0.48,0.75,0.88,0.82,0,"mixed_harmonious",0.8,0.9,0.8,0.76,"good","average"
"O00842","spring","casual",1,0.95,0.7,0.94,0.84,0.62,0.75,0.88,0.9,0,"monochromatic",0.8,0.9,0.8,0.81,"good","average"
"O00843","spring","casual",0.88,0.95,0.6,0.92,0.84,0.43,0.75,0.88,0.82,0,"mixed_harmonious",0.8,0.9,0.8,0.77,"good","average"
"O00844","all-season","travel",0.88,0.85,0.29,0.88,0.84,0.09,0.28,0.88,0.78,0,"monochromatic",0.8,0.9,0.79,0.34,"bad","average"
"O00845","summer","travel",0.88,1,0.22,1,0.87,0.18,0.18,0.4,0.92,0,"monochromatic",0.8,0.9,0.89,0.42,"average","average"
"O00846","autumn","travel",1,0.95,0.63,1,0.84,0.53,0.75,0.72,0.92,0,"monochromatic",0.8,0.9,0.8,0.8,"good","good"
"O00847","winter","casual",1,0.95,0.37,0.92,0.84,0.17,0.5,0.88,0.82,0,"mixed_harmonious",0.8,0.9,0.8,0.42,"average","bad"
"O00848","summer","office",1,0.53,0.57,0.94,0.84,0.48,0.75,0.78,0.9,0,"monochromatic",0.8,0.9,0.8,0.76,"good","average"
"O00849","winter","casual",1,0.95,0.53,1,0.84,0.37,0.75,0.88,0.92,0,"monochromatic",0.8,0.9,0.8,0.76,"good","average"
"O00850","winter","date",1,0.95,0.13,0.91,0.84,0.08,0.09,0.32,0.74,0,"monochromatic",0.8,0.9,0.8,0.34,"bad","bad"
"O00851","autumn","date",1,0.95,0.61,1,0.84,0.42,0.75,0.9,0.92,0,"monochromatic",0.8,0.9,0.8,0.8,"good","good"
"O00852","summer","gym",0.88,1,0.38,0.81,0.84,0.18,0.5,0.92,0.62,0,"complementary",0.8,0.9,0.8,0.42,"average","good"
"O00853","autumn","date",1,0.95,0.41,1,0.84,0.09,0.75,0.9,0.92,0,"monochromatic",0.8,0.9,0.8,0.4,"average","bad"
"O00854","summer","gym",0.62,1,0.36,0.92,0.84,0.18,0.5,0.92,0.82,0,"mixed_harmonious",0.8,0.9,0.8,0.42,"average","bad"
"O00855","all-season","date",0.88,0.85,0.13,0.84,0.84,0.09,0.09,0.32,0.75,0,"mixed_harmonious",0.8,0.9,0.8,0.34,"bad","average"
"O00856","all-season","gym",0.88,0.85,0.52,0.92,0.84,0.43,0.75,0.55,0.87,0,"analogous",0.8,0.9,0.8,0.74,"good","good"
"O00857","spring","casual",1,0.95,0.53,0.88,0.84,0.36,0.75,0.88,0.78,0,"monochromatic",0.8,0.9,0.8,0.73,"good","average"
"O00858","all-season","casual",1,0.85,0.59,0.93,0.84,0.26,1,0.88,0.88,0,"monochromatic",0.8,0.9,0.8,0.42,"average","average"
"O00859","spring","date",1,0.95,0.61,1,0.84,0.43,0.75,0.9,0.92,0,"monochromatic",0.8,0.9,0.8,0.8,"good","average"
"O00860","spring","casual",1,0.95,0.41,1,0.84,0.09,0.75,0.88,0.92,0,"monochromatic",0.8,0.9,0.8,0.4,"average","average"
"O00861","summer","date",1,0.95,0.11,0.92,0.84,0.05,0.09,0.32,0.82,0,"mixed_harmonious",0.8,0.9,0.8,0.4,"average","good"
"O00862","spring","casual",1,0.95,0.66,0.79,0.84,0.53,0.75,0.88,0.65,0,"mixed_harmonious",0.8,0.9,0.8,0.75,"good","average"
"O00863","all-season","office",0.88,0.85,0.54,0.85,0.84,0.32,0.75,0.93,0.78,0,"mixed_harmonious",0.8,0.9,0.8,0.72,"good","bad"
"O00864","all-season","office",1,0.85,0.56,0.93,0.84,0.44,0.75,0.93,0.88,0,"monochromatic",0.8,0.9,0.8,0.76,"good","good"
"O00865","summer","office",0.88,0.95,0.21,1,0.84,0.05,0.09,0.93,0.92,0,"monochromatic",0.8,0.9,0.8,0.4,"average","average"
"O00866","autumn","gym",1,0.6,0.65,1,0.84,0.74,0.75,0.55,0.92,0,"monochromatic",0.8,0.9,0.8,0.81,"good","good"
"O00867","autumn","office",1,0.95,0.67,0.98,0.84,0.53,0.75,0.93,0.9,0,"neutral_dominant",0.8,0.9,0.8,0.81,"good","average"
"O00868","summer","casual",1,0.95,0.59,0.94,0.84,0.38,0.75,0.88,0.9,0,"monochromatic",0.8,0.9,0.8,0.77,"good","good"
"O00869","all-season","casual",0.88,0.85,0.3,0.92,0.84,0.18,0.28,0.88,0.87,0,"analogous",0.8,0.9,0.79,0.42,"average","bad"
"O00870","winter","travel",1,0.95,0.51,0.92,0.84,0.32,0.75,0.88,0.82,0,"mixed_harmonious",0.8,0.9,0.8,0.73,"good","average"
"O00871","winter","gym",1,0.6,0.53,1,0.84,0.48,0.75,0.55,0.92,0,"monochromatic",0.8,0.9,0.8,0.76,"good","average"
"O00872","all-season","weekend",0.88,0.85,0.29,0.93,0.84,0.09,0.28,0.88,0.88,0,"monochromatic",0.8,0.9,0.79,0.34,"bad","average"
"O00873","all-season","event",0.88,0.85,0.43,0.85,0.84,0.09,0.75,0.94,0.78,0,"mixed_harmonious",0.8,0.9,0.8,0.4,"average","bad"
"O00874","autumn","gym",1,0.6,0.52,1,0.84,0.44,0.75,0.55,0.92,0,"monochromatic",0.8,0.9,0.8,0.76,"good","average"
"O00875","all-season","casual",0.88,0.85,0.29,0.93,0.84,0.3,0.09,0.62,0.88,0,"monochromatic",0.8,0.9,0.8,0.4,"average","average"
"O00876","all-season","date",0.88,0.85,0.35,0.93,0.84,0.08,0.5,0.9,0.88,0,"monochromatic",0.8,0.9,0.79,0.34,"bad","good"
"O00877","winter","date",1,0.95,0.61,0.98,0.84,0.42,0.75,0.9,0.91,0,"analogous",0.8,0.9,0.8,0.79,"good","average"
"O00878","autumn","gym",1,0.95,0.71,1,0.84,0.62,1,0.55,0.92,0,"monochromatic",0.8,0.9,0.8,0.84,"good","good"
"O00879","summer","casual",1,0.95,0.35,0.81,0.84,0.17,0.41,0.88,0.62,0,"complementary",0.8,0.9,0.8,0.42,"average","average"
"O00880","spring","event",1,0.8,0.44,0.81,0.84,0.42,0.75,0.3,0.59,0,"mixed_harmonious",0.8,0.9,0.8,0.67,"average","average"
"O00881","summer","gym",0.88,0.95,0.11,0.92,0.84,0.08,0.09,0.25,0.82,0,"mixed_harmonious",0.8,0.9,0.8,0.34,"bad","average"
"O00882","summer","date",1,0.95,0.4,0.85,0.84,0.06,0.75,0.9,0.78,0,"mixed_harmonious",0.8,0.9,0.8,0.4,"average","average"
"O00883","summer","office",1,0.8,0.24,0.98,0.84,0.07,0.28,0.78,0.9,0,"neutral_dominant",0.8,0.9,0.8,0.4,"average","good"
"O00884","summer","casual",1,0.95,0.49,0.92,0.84,0.48,0.28,0.88,0.82,0,"mixed_harmonious",0.8,0.9,0.8,0.72,"good","average"
"O00885","winter","casual",1,0.95,0.61,0.76,0.84,0.42,0.75,0.88,0.52,0,"complementary",0.8,0.9,0.8,0.72,"good","average"
"O00886","summer","office",1,0.8,0.49,0.98,0.84,0.46,0.41,0.78,0.9,0,"neutral_dominant",0.8,0.9,0.8,0.74,"good","average"
"O00887","all-season","office",0.62,0.85,0.39,0.85,0.84,0.18,0.75,0.78,0.78,0,"mixed_harmonious",0.8,0.9,0.79,0.42,"average","average"
"O00888","all-season","casual",0.88,0.85,0.59,0.93,0.84,0.43,0.75,0.88,0.88,0,"monochromatic",0.8,0.9,0.8,0.77,"good","average"
"O00889","spring","casual",1,0.8,0.54,0.94,0.84,0.42,0.75,0.88,0.9,0,"monochromatic",0.8,0.9,0.8,0.75,"good","good"
"O00890","autumn","gym",0.62,0.95,0.42,0.85,0.84,0.23,0.75,0.55,0.67,0,"mixed_harmonious",0.8,0.9,0.8,0.42,"average","good"
"O00891","all-season","office",1,0.85,0.75,0.93,0.84,0.63,1,0.78,0.88,0,"monochromatic",0.8,0.9,0.8,0.83,"good","average"
"O00892","autumn","gym",1,0.6,0.52,0.92,0.84,0.44,0.75,0.55,0.82,0,"mixed_harmonious",0.8,0.9,0.8,0.74,"good","good"
"O00893","summer","gym",0.88,1,0.38,0.92,0.84,0.18,0.5,0.92,0.82,0,"mixed_harmonious",0.8,0.9,0.8,0.42,"average","bad"
"O00894","all-season","casual",1,0.85,0.37,0.93,0.84,0.1,0.5,0.88,0.88,0,"monochromatic",0.8,0.9,0.8,0.4,"average","good"
"O00895","all-season","gym",0.88,0.85,0.56,0.85,0.84,0.35,1,0.55,0.78,0,"mixed_harmonious",0.8,0.9,0.8,0.73,"good","average"
"O00896","summer","gym",0.88,0.95,0.17,1,0.84,0.08,0.09,0.55,0.92,0,"monochromatic",0.8,0.9,0.8,0.34,"bad","average"
"O00897","all-season","office",0.88,0.85,0.58,0.91,0.87,0.54,0.5,0.93,0.86,0,"neutral_dominant",0.8,0.9,0.89,0.77,"good","average"
"O00898","winter","office",0.88,0.95,0.5,1,0.84,0.29,0.75,0.93,0.92,0,"monochromatic",0.8,0.9,0.8,0.75,"good","average"
"O00899","summer","weekend",0.88,0.95,0.63,1,0.84,0.5,0.75,0.88,0.92,0,"monochromatic",0.8,0.9,0.8,0.8,"good","average"
"O00900","summer","date",1,0.95,0.52,0.92,0.84,0.33,0.75,0.9,0.82,0,"mixed_harmonious",0.8,0.9,0.8,0.74,"good","average"
"O00901","summer","gym",1,1,0.41,0.94,0.84,0.16,0.75,0.55,0.9,0,"monochromatic",0.8,0.9,0.8,0.42,"average","average"
"O00902","spring","casual",1,0.95,0.78,1,0.84,0.63,1,0.88,0.92,0,"monochromatic",0.8,0.9,0.8,0.86,"good","good"
"O00903","all-season","date",0.88,0.85,0.52,0.71,0.84,0.28,0.75,0.9,0.5,0,"complementary",0.8,0.9,0.8,0.67,"average","average"
"O00904","summer","gym",0.88,0.95,0.53,0.92,0.84,0.38,0.75,0.92,0.82,0,"mixed_harmonious",0.8,0.9,0.8,0.74,"good","good"
"O00905","autumn","gym",1,0.95,0.55,1,0.84,0.43,0.75,0.55,0.92,0,"monochromatic",0.8,0.9,0.8,0.77,"good","good"
"O00906","winter","gym",0.88,0.95,0.27,1,0.84,0.29,0.09,0.55,0.92,0,"monochromatic",0.8,0.9,0.8,0.4,"average","average"
"O00907","winter","casual",1,0.95,0.77,0.92,0.84,0.6,1,0.88,0.82,0,"mixed_harmonious",0.8,0.9,0.8,0.84,"good","good"
"O00908","all-season","casual",1,0.85,0.77,0.93,0.84,0.63,1,0.88,0.88,0,"monochromatic",0.8,0.9,0.8,0.84,"good","bad"
"O00909","autumn","office",1,0.95,0.53,0.92,0.84,0.41,0.75,0.78,0.82,0,"mixed_harmonious",0.8,0.9,0.8,0.74,"good","good"
"O00910","all-season","date",0.88,0.85,0.55,0.84,0.84,0.34,0.75,0.9,0.75,0,"mixed_harmonious",0.8,0.9,0.8,0.72,"good","bad"
"O00911","all-season","casual",0.88,0.85,0.33,0.87,0.87,0.4,0.09,0.62,0.77,0,"analogous",0.8,0.9,0.89,0.4,"average","average"
"O00912","autumn","casual",1,0.95,0.78,0.91,0.84,0.63,1,0.88,0.79,0,"mixed_harmonious",0.8,0.9,0.8,0.84,"good","average"
"O00913","all-season","casual",0.88,0.85,0.68,0.93,0.87,0.62,0.75,0.88,0.88,0,"monochromatic",0.8,0.9,0.89,0.81,"good","average"
"O00914","autumn","date",1,0.95,0.73,0.81,0.84,0.6,1,0.68,0.62,0,"complementary",0.8,0.9,0.8,0.79,"good","good"
"O00915","autumn","casual",1,0.6,0.38,0.78,0.84,0.24,0.5,0.88,0.53,0,"mixed_harmonious",0.8,0.9,0.8,0.42,"average","average"
"O00916","summer","casual",0.88,0.95,0.63,1,0.84,0.7,0.41,0.88,0.92,0,"monochromatic",0.8,0.9,0.8,0.8,"good","good"
"O00917","winter","gym",0.62,0.6,0.5,1,0.84,0.48,0.75,0.55,0.92,0,"monochromatic",0.8,0.9,0.8,0.75,"good","bad"
"O00918","summer","casual",0.88,0.95,0.7,0.92,0.84,0.5,1,0.88,0.82,0,"mixed_harmonious",0.8,0.9,0.79,0.81,"good","average"
"O00919","all-season","date",1,0.85,0.44,0.85,0.84,0.09,0.75,0.9,0.78,0,"mixed_harmonious",0.8,0.9,0.8,0.4,"average","average"
"O00920","all-season","date",0.62,0.85,0.52,0.93,0.84,0.34,0.75,0.9,0.88,0,"monochromatic",0.8,0.9,0.8,0.74,"good","average"
"O00921","winter","date",1,0.95,0.61,0.92,0.84,0.42,0.75,0.9,0.82,0,"mixed_harmonious",0.8,0.9,0.8,0.77,"good","good"
"O00922","summer","gym",0.88,0.95,0.28,0.92,0.84,0.1,0.18,0.92,0.82,0,"mixed_harmonious",0.8,0.9,0.8,0.4,"average","bad"
"O00923","all-season","casual",0.88,0.85,0.19,0.85,0.84,0.09,0.09,0.62,0.78,0,"mixed_harmonious",0.8,0.9,0.79,0.4,"average","average"
"O00924","summer","gym",0.88,0.95,0.36,1,0.84,0.48,0.09,0.55,0.92,0,"monochromatic",0.8,0.9,0.8,0.4,"average","good"
"O00925","summer","date",1,0.8,0.27,0.94,0.84,0.07,0.28,0.9,0.9,0,"monochromatic",0.8,0.9,0.8,0.4,"average","average"
"O00926","winter","casual",1,0.95,0.67,1,0.84,0.41,1,0.88,0.92,0,"monochromatic",0.8,0.9,0.8,0.82,"good","good"
"O00927","all-season","gym",1,0.85,0.74,0.93,0.84,0.7,1,0.55,0.88,0,"monochromatic",0.8,0.9,0.8,0.83,"good","average"
"O00928","winter","date",0.88,0.95,0.43,0.91,0.84,0.09,0.75,0.9,0.79,0,"mixed_harmonious",0.8,0.9,0.8,0.4,"average","average"
"O00929","all-season","casual",0.88,0.85,0.68,0.85,0.87,0.62,0.75,0.88,0.78,0,"mixed_harmonious",0.8,0.9,0.89,0.79,"good","good"
"O00930","all-season","date",0.88,0.85,0.39,0.85,0.84,0.09,0.75,0.9,0.78,0,"mixed_harmonious",0.8,0.9,0.8,0.4,"average","bad"
"O00931","summer","office",0.62,0.95,0.34,0.94,0.87,0.38,0.18,0.78,0.9,0,"monochromatic",0.8,0.9,0.89,0.4,"average","average"
"O00932","all-season","gym",0.88,0.85,0.49,0.85,0.84,0.21,0.75,0.92,0.8,0,"complementary",0.8,0.9,0.8,0.42,"average","average"
"O00933","summer","casual",1,0.95,0.34,0.92,0.84,0.38,0.09,0.62,0.82,0,"mixed_harmonious",0.8,0.9,0.8,0.4,"average","average"
"O00934","all-season","weekend",1,0.85,0.77,0.78,0.84,0.63,1,0.88,0.63,0,"mixed_harmonious",0.8,0.9,0.8,0.79,"good","bad"
"O00935","summer","weekend",1,0.95,0.52,0.98,0.84,0.33,0.75,0.88,0.9,0,"neutral_dominant",0.8,0.9,0.8,0.75,"good","average"
"O00936","all-season","event",0.88,0.85,0.39,0.85,0.84,0.26,0.75,0.3,0.78,0,"mixed_harmonious",0.8,0.9,0.8,0.42,"average","average"
"O00937","spring","office",1,0.95,0.62,1,0.84,0.42,0.75,0.93,0.92,0,"monochromatic",0.8,0.9,0.8,0.8,"good","average"
"O00938","all-season","date",0.88,0.85,0.29,0.93,0.84,0.09,0.28,0.9,0.88,0,"monochromatic",0.8,0.9,0.79,0.34,"bad","good"
"O00939","all-season","casual",0.88,0.85,0.63,0.93,0.84,0.52,0.75,0.88,0.88,0,"monochromatic",0.8,0.9,0.79,0.78,"good","bad"
"O00940","summer","gym",0.88,0.95,0.28,0.98,0.84,0.1,0.18,0.92,0.9,0,"neutral_dominant",0.8,0.9,0.8,0.4,"average","average"
"O00941","winter","date",1,0.95,0.56,0.81,0.84,0.42,0.75,0.9,0.59,0,"mixed_harmonious",0.8,0.9,0.8,0.72,"good","average"
"O00942","all-season","casual",0.62,0.85,0.46,0.85,0.87,0.37,0.5,0.88,0.78,0,"mixed_harmonious",0.8,0.9,0.89,0.7,"good","bad"
"O00943","summer","date",1,0.95,0.3,0.85,0.84,0.08,0.28,0.9,0.78,0,"mixed_harmonious",0.8,0.9,0.8,0.4,"average","good"
"O00944","summer","office",1,0.95,0.27,0.92,0.84,0.12,0.28,0.78,0.82,0,"mixed_harmonious",0.8,0.9,0.8,0.42,"average","average"
"O00945","summer","travel",1,0.95,0.39,0.93,0.84,0.06,0.75,0.88,0.89,0,"analogous",0.8,0.9,0.8,0.4,"average","average"
"O00946","all-season","gym",0.88,0.85,0.37,0.85,0.87,0.37,0.5,0.25,0.8,0,"complementary",0.8,0.9,0.89,0.66,"average","bad"
"O00947","autumn","gym",1,0.95,0.64,0.98,0.84,0.62,0.75,0.55,0.91,0,"analogous",0.8,0.9,0.8,0.8,"good","bad"
"O00948","all-season","date",0.88,0.85,0.51,0.93,0.84,0.26,0.75,0.9,0.88,0,"monochromatic",0.8,0.9,0.8,0.4,"average","average"
"O00949","autumn","travel",1,0.6,0.5,0.81,0.84,0.28,0.75,0.88,0.59,0,"mixed_harmonious",0.8,0.9,0.8,0.42,"average","bad"
"O00950","autumn","event",1,0.95,0.55,1,0.84,0.68,0.5,0.3,0.92,0,"monochromatic",0.8,0.9,0.8,0.77,"good","bad"
"O00951","spring","office",1,0.8,0.48,0.92,0.84,0.24,0.75,0.78,0.82,0,"mixed_harmonious",0.8,0.9,0.8,0.42,"average","average"
"O00952","winter","casual",1,0.6,0.59,1,0.84,0.48,0.75,0.88,0.92,0,"monochromatic",0.8,0.9,0.8,0.79,"good","good"
"O00953","summer","office",0.62,0.95,0.36,1,0.84,0.08,0.75,0.78,0.92,0,"monochromatic",0.8,0.9,0.8,0.4,"average","average"
"O00954","autumn","office",1,0.95,0.62,0.98,0.84,0.42,0.75,0.93,0.9,0,"neutral_dominant",0.8,0.9,0.8,0.79,"good","average"
"O00955","summer","gym",0.88,0.95,0.11,1,0.84,0.08,0.09,0.25,0.92,0,"monochromatic",0.8,0.9,0.8,0.34,"bad","average"
"O00956","all-season","date",1,0.85,0.44,0.93,0.84,0.09,0.75,0.9,0.88,0,"monochromatic",0.8,0.9,0.8,0.4,"average","average"
"O00957","all-season","date",0.88,0.85,0.62,0.93,0.87,0.5,0.75,0.9,0.88,0,"monochromatic",0.8,0.9,0.89,0.79,"good","bad"
"O00958","spring","office",1,0.95,0.63,0.91,0.84,0.44,0.75,0.93,0.79,0,"mixed_harmonious",0.8,0.9,0.8,0.78,"good","average"
"O00959","autumn","office",1,0.95,0.54,0.85,0.84,0.36,0.75,0.93,0.67,0,"mixed_harmonious",0.8,0.9,0.8,0.72,"good","average"
"O00960","all-season","casual",0.88,0.85,0.6,0.93,0.84,0.46,0.75,0.88,0.88,0,"monochromatic",0.8,0.9,0.79,0.77,"good","average"
"O00961","all-season","gym",1,0.85,0.65,0.85,0.84,0.67,0.75,0.55,0.78,0,"mixed_harmonious",0.8,0.9,0.8,0.77,"good","good"
"O00962","summer","casual",1,0.95,0.64,0.85,0.84,0.46,1,0.88,0.78,0,"mixed_harmonious",0.8,0.9,0.8,0.76,"good","good"
"O00963","autumn","date",1,0.95,0.61,1,0.84,0.42,0.75,0.9,0.92,0,"monochromatic",0.8,0.9,0.8,0.8,"good","average"
"O00964","all-season","casual",0.88,0.85,0.52,0.78,0.84,0.38,0.75,0.88,0.63,0,"mixed_harmonious",0.8,0.9,0.8,0.69,"average","average"
"O00965","all-season","casual",0.88,0.85,0.58,0.73,0.84,0.68,0.5,0.88,0.56,0,"complementary",0.8,0.9,0.8,0.7,"good","average"
"O00966","summer","gym",0.88,1,0.19,0.98,0.87,0.18,0.18,0.25,0.9,0,"neutral_dominant",0.8,0.9,0.89,0.42,"average","average"
"O00967","spring","casual",1,0.95,0.41,0.92,0.84,0.09,0.75,0.88,0.82,0,"mixed_harmonious",0.8,0.9,0.8,0.4,"average","bad"
"O00968","summer","casual",0.88,1,0.51,1,0.84,0.23,0.75,0.88,0.92,0,"monochromatic",0.8,0.9,0.8,0.42,"average","average"
"O00969","all-season","date",0.88,0.85,0.44,0.93,0.87,0.1,0.75,0.9,0.88,0,"monochromatic",0.8,0.9,0.89,0.4,"average","average"
"O00970","summer","casual",1,0.95,0.68,1,0.84,0.57,0.75,0.88,0.92,0,"monochromatic",0.8,0.9,0.8,0.82,"good","average"
"O00971","autumn","travel",1,0.95,0.66,1,0.84,0.68,0.5,0.88,0.92,0,"monochromatic",0.8,0.9,0.8,0.82,"good","average"
"O00972","summer","casual",1,0.95,0.68,0.85,0.84,0.57,0.75,0.88,0.67,0,"mixed_harmonious",0.8,0.9,0.8,0.78,"good","good"
"O00973","all-season","casual",0.88,0.85,0.68,0.85,0.84,0.62,0.75,0.88,0.78,0,"mixed_harmonious",0.8,0.9,0.8,0.78,"good","bad"
"O00974","autumn","casual",1,0.95,0.61,0.92,0.84,0.42,0.75,0.88,0.82,0,"mixed_harmonious",0.8,0.9,0.8,0.77,"good","bad"
"O00975","spring","casual",0.88,0.95,0.6,1,0.84,0.44,0.75,0.88,0.92,0,"monochromatic",0.8,0.9,0.8,0.79,"good","average"
"O00976","spring","weekend",1,0.8,0.35,1,0.84,0.2,0.28,0.88,0.92,0,"monochromatic",0.8,0.9,0.8,0.42,"average","good"
"O00977","summer","gym",0.88,0.95,0.52,0.94,0.84,0.59,0.18,0.92,0.9,0,"monochromatic",0.8,0.9,0.8,0.4,"average","average"
"O00978","winter","event",1,0.6,0.51,0.92,0.84,0.53,0.75,0.3,0.82,0,"mixed_harmonious",0.8,0.9,0.8,0.73,"good","average"
"O00979","winter","office",1,0.95,0.54,1,0.84,0.68,0.5,0.28,0.92,0,"monochromatic",0.8,0.9,0.8,0.77,"good","average"
"O00980","all-season","gym",0.88,0.85,0.17,0.93,0.84,0.09,0.09,0.55,0.88,0,"monochromatic",0.8,0.9,0.8,0.34,"bad","average"
"O00981","all-season","date",0.88,0.85,0.35,0.92,0.84,0.08,0.5,0.9,0.87,0,"analogous",0.8,0.9,0.79,0.34,"bad","good"
"O00982","winter","date",1,0.95,0.56,0.91,0.84,0.42,0.75,0.9,0.79,0,"mixed_harmonious",0.8,0.9,0.8,0.75,"good","bad"
"O00983","autumn","date",1,0.95,0.12,1,0.84,0.07,0.09,0.32,0.92,0,"monochromatic",0.8,0.9,0.8,0.34,"bad","average"
"O00984","autumn","date",1,0.95,0.61,0.75,0.84,0.43,0.75,0.9,0.5,0,"triadic",0.8,0.9,0.8,0.72,"good","average"
"O00985","all-season","office",0.88,0.85,0.65,0.78,0.87,0.54,0.75,0.93,0.63,0,"mixed_harmonious",0.8,0.9,0.89,0.76,"good","bad"
"O00986","summer","casual",0.62,1,0.47,1,0.84,0.29,0.75,0.88,0.92,0,"monochromatic",0.8,0.9,0.8,0.74,"good","average"
"O00987","winter","casual",1,0.6,0.59,0.91,0.84,0.48,0.75,0.88,0.79,0,"mixed_harmonious",0.8,0.9,0.8,0.76,"good","bad"
"O00988","summer","gym",0.88,0.95,0.53,0.98,0.84,0.42,0.5,0.92,0.9,0,"neutral_dominant",0.8,0.9,0.8,0.76,"good","good"
"O00989","spring","gym",1,0.95,0.16,0.92,0.84,0.07,0.09,0.55,0.82,0,"mixed_harmonious",0.8,0.9,0.8,0.34,"bad","good"
"O00990","all-season","casual",0.88,0.85,0.37,0.93,0.84,0.2,0.5,0.88,0.88,0,"monochromatic",0.8,0.9,0.8,0.42,"average","good"
"O00991","all-season","casual",0.88,0.85,0.49,0.93,0.84,0.23,0.75,0.88,0.88,0,"monochromatic",0.8,0.9,0.8,0.42,"average","average"
"O00992","all-season","casual",0.88,0.85,0.59,0.93,0.84,0.43,0.75,0.88,0.88,0,"monochromatic",0.8,0.9,0.8,0.77,"good","average"
"O00993","summer","casual",1,0.95,0.52,1,0.84,0.33,0.75,0.88,0.92,0,"monochromatic",0.8,0.9,0.8,0.76,"good","good"
"O00994","all-season","date",0.88,0.85,0.52,0.93,0.84,0.28,0.75,0.9,0.88,0,"monochromatic",0.8,0.9,0.8,0.74,"good","bad"
"O00995","spring","casual",1,0.95,0.62,1,0.84,0.44,0.75,0.88,0.92,0,"monochromatic",0.8,0.9,0.8,0.8,"good","good"
"O00996","spring","gym",1,0.95,0.16,0.92,0.84,0.07,0.09,0.55,0.82,0,"mixed_harmonious",0.8,0.9,0.8,0.34,"bad","average"
"O00997","all-season","casual",0.88,0.85,0.69,0.85,0.84,0.49,1,0.88,0.78,0,"mixed_harmonious",0.8,0.9,0.8,0.78,"good","good"
"O00998","winter","casual",1,0.95,0.53,0.85,0.84,0.37,0.75,0.88,0.67,0,"mixed_harmonious",0.8,0.9,0.8,0.72,"good","bad"
"O00999","all-season","date",0.88,0.85,0.64,0.93,0.87,0.54,0.75,0.9,0.88,0,"monochromatic",0.8,0.9,0.89,0.8,"good","bad"
"O01000","autumn","office",0.88,0.95,0.7,0.85,0.84,0.62,0.75,0.93,0.67,0,"mixed_harmonious",0.8,0.9,0.8,0.79,"good","average"
"O01001","all-season","date",0.88,0.85,0.62,0.93,0.87,0.5,0.75,0.9,0.88,0,"monochromatic",0.8,0.9,0.89,0.79,"good","average"
"O01002","summer","casual",1,0.95,0.4,0.85,0.84,0.08,0.75,0.88,0.67,0,"mixed_harmonious",0.8,0.9,0.8,0.4,"average","good"
"O01003","autumn","casual",1,0.95,0.61,0.85,0.84,0.42,0.75,0.88,0.67,0,"mixed_harmonious",0.8,0.9,0.8,0.75,"good","bad"
"O01004","all-season","casual",0.88,0.85,0.54,0.91,0.84,0.48,0.5,0.88,0.86,0,"neutral_dominant",0.8,0.9,0.79,0.74,"good","good"
"O01005","all-season","office",0.88,0.85,0.33,0.85,0.84,0.08,0.5,0.78,0.78,0,"mixed_harmonious",0.8,0.9,0.79,0.34,"bad","average"
"O01006","spring","casual",1,0.95,0.53,0.94,0.84,0.36,0.75,0.88,0.81,0,"analogous",0.8,0.9,0.8,0.75,"good","good"
"O01007","autumn","office",1,0.95,0.62,0.81,0.84,0.42,0.75,0.93,0.59,0,"mixed_harmonious",0.8,0.9,0.8,0.74,"good","average"
"O01008","summer","date",0.88,0.95,0.29,0.85,0.84,0.08,0.28,0.9,0.78,0,"mixed_harmonious",0.8,0.9,0.8,0.4,"average","good"
"O01009","all-season","office",0.88,0.85,0.63,0.93,0.87,0.5,0.75,0.93,0.88,0,"monochromatic",0.8,0.9,0.89,0.79,"good","average"
"O01010","summer","gym",0.88,0.95,0.2,1,0.84,0.07,0.28,0.55,0.92,0,"monochromatic",0.8,0.9,0.79,0.4,"average","average"
"O01011","all-season","travel",0.88,0.85,0.85,0.93,0.84,0.84,1,0.88,0.88,0,"monochromatic",0.8,0.9,0.8,0.87,"good","good"
"O01012","all-season","office",0.88,0.85,0.61,0.93,0.87,0.46,0.75,0.93,0.88,0,"monochromatic",0.8,0.9,0.89,0.78,"good","bad"
"O01013","summer","casual",1,0.95,0.64,0.95,0.84,0.49,0.75,0.88,0.82,0,"monochromatic",0.8,0.9,0.8,0.79,"good","average"
"O01014","summer","gym",1,0.95,0.68,0.85,0.84,0.56,1,0.55,0.67,0,"mixed_harmonious",0.8,0.9,0.8,0.78,"good","average"
"O01015","winter","date",1,0.95,0.61,1,0.84,0.42,0.75,0.9,0.92,0,"monochromatic",0.8,0.9,0.8,0.8,"good","average"
"O01016","all-season","casual",1,0.85,0.59,0.93,0.84,0.42,0.75,0.88,0.88,0,"monochromatic",0.8,0.9,0.8,0.77,"good","good"
"O01017","all-season","casual",0.88,0.85,0.59,0.93,0.84,0.59,0.5,0.88,0.88,0,"monochromatic",0.8,0.9,0.79,0.77,"good","good"
"O01018","autumn","date",1,0.95,0.12,0.82,0.84,0.07,0.09,0.32,0.61,0,"mixed_harmonious",0.8,0.9,0.8,0.34,"bad","average"
"O01019","summer","gym",0.62,0.95,0.5,0.98,0.84,0.42,0.5,0.92,0.9,0,"neutral_dominant",0.8,0.9,0.8,0.75,"good","average"
"O01020","all-season","travel",0.88,0.85,0.46,0.85,0.84,0.24,0.75,0.88,0.78,0,"mixed_harmonious",0.8,0.9,0.79,0.42,"average","average"
"O01021","winter","casual",1,0.95,0.53,0.82,0.84,0.37,0.75,0.88,0.61,0,"mixed_harmonious",0.8,0.9,0.8,0.71,"good","average"
"O01022","all-season","date",0.62,0.85,0.48,0.91,0.84,0.26,0.75,0.9,0.86,0,"neutral_dominant",0.8,0.9,0.8,0.4,"average","average"
"O01023","autumn","office",1,0.95,0.52,1,0.84,0.23,0.75,0.93,0.92,0,"monochromatic",0.8,0.9,0.8,0.42,"average","good"
"O01024","all-season","casual",0.88,0.85,0.59,0.91,0.84,0.43,0.75,0.88,0.86,0,"neutral_dominant",0.8,0.9,0.8,0.76,"good","average"
"O01025","summer","casual",0.88,1,0.58,1,0.84,0.24,1,0.88,0.92,0,"monochromatic",0.8,0.9,0.79,0.42,"average","bad"
"O01026","summer","weekend",1,0.95,0.59,0.98,0.84,0.38,0.75,0.88,0.9,0,"neutral_dominant",0.8,0.9,0.8,0.78,"good","average"
"O01027","winter","office",1,0.6,0.6,0.98,0.84,0.48,0.75,0.93,0.9,0,"neutral_dominant",0.8,0.9,0.8,0.79,"good","good"
"O01028","all-season","casual",0.88,0.85,0.5,0.93,0.87,0.39,0.5,0.88,0.88,0,"monochromatic",0.8,0.9,0.89,0.74,"good","good"
"O01029","autumn","gym",1,0.95,0.54,1,0.84,0.36,0.75,0.92,0.92,0,"monochromatic",0.8,0.9,0.8,0.77,"good","bad"
"O01030","autumn","gym",1,0.6,0.65,0.75,0.84,0.74,0.75,0.55,0.5,0,"triadic",0.8,0.9,0.8,0.74,"good","average"
"O01031","winter","casual",1,0.6,0.43,1,0.84,0.26,0.5,0.88,0.92,0,"monochromatic",0.8,0.9,0.8,0.42,"average","good"
"O01032","winter","casual",1,0.95,0.53,0.92,0.84,0.37,0.75,0.88,0.82,0,"mixed_harmonious",0.8,0.9,0.8,0.74,"good","good"
"O01033","spring","casual",0.88,0.8,0.34,0.92,0.84,0.2,0.28,0.88,0.82,0,"mixed_harmonious",0.8,0.9,0.8,0.42,"average","bad"
"O01034","autumn","casual",1,0.95,0.7,0.85,0.84,0.62,0.75,0.88,0.67,0,"mixed_harmonious",0.8,0.9,0.8,0.79,"good","average"
"O01035","autumn","office",1,0.95,0.62,1,0.84,0.42,0.75,0.93,0.92,0,"monochromatic",0.8,0.9,0.8,0.8,"good","good"
"O01036","all-season","casual",1,0.85,0.6,0.85,0.84,0.44,0.75,0.88,0.8,0,"complementary",0.8,0.9,0.8,0.75,"good","bad"
"O01037","all-season","office",0.88,0.85,0.42,0.85,0.84,0.2,0.75,0.78,0.78,0,"mixed_harmonious",0.8,0.9,0.79,0.42,"average","average"
"O01038","winter","casual",1,0.95,0.77,1,0.84,0.6,1,0.88,0.92,0,"monochromatic",0.8,0.9,0.8,0.86,"good","bad"
"O01039","all-season","office",0.88,0.85,0.63,0.93,0.87,0.5,0.75,0.93,0.88,0,"monochromatic",0.8,0.9,0.89,0.79,"good","good"
"O01040","all-season","travel",0.88,0.85,0.5,0.93,0.84,0.26,0.75,0.88,0.88,0,"monochromatic",0.8,0.9,0.8,0.42,"average","average"
"O01041","all-season","event",1,0.85,0.57,0.91,0.84,0.44,0.75,0.94,0.86,0,"neutral_dominant",0.8,0.9,0.8,0.75,"good","average"
"O01042","summer","casual",1,0.8,0.54,0.92,0.84,0.42,0.75,0.88,0.82,0,"mixed_harmonious",0.8,0.9,0.8,0.74,"good","average"
"O01043","summer","date",0.88,0.95,0.4,0.98,0.84,0.3,0.28,0.9,0.9,0,"neutral_dominant",0.8,0.9,0.8,0.71,"good","average"
"O01044","all-season","office",0.88,0.85,0.55,0.85,0.84,0.44,0.75,0.93,0.78,0,"mixed_harmonious",0.8,0.9,0.8,0.73,"good","average"
"O01045","winter","casual",1,0.95,0.56,0.92,0.84,0.42,0.75,0.88,0.84,0,"complementary",0.8,0.9,0.8,0.75,"good","average"
"O01046","summer","gym",1,0.8,0.55,0.95,0.84,0.42,0.75,0.92,0.82,0,"monochromatic",0.8,0.9,0.8,0.76,"good","average"
"O01047","all-season","date",0.88,0.85,0.16,0.93,0.84,0.18,0.09,0.32,0.88,0,"monochromatic",0.8,0.9,0.8,0.42,"average","average"
"O01048","all-season","date",0.88,0.85,0.13,0.85,0.84,0.09,0.09,0.32,0.78,0,"mixed_harmonious",0.8,0.9,0.8,0.34,"bad","good"
"O01049","summer","gym",0.88,1,0.41,0.93,0.84,0.24,0.5,0.92,0.89,0,"analogous",0.8,0.9,0.8,0.42,"average","bad"
"O01050","summer","office",1,0.8,0.52,1,0.84,0.42,0.75,0.78,0.92,0,"monochromatic",0.8,0.9,0.8,0.76,"good","average"
"O01051","all-season","date",0.88,0.85,0.23,0.91,0.84,0.3,0.09,0.32,0.86,0,"neutral_dominant",0.8,0.9,0.8,0.4,"average","average"
"O01052","all-season","gym",0.88,0.85,0.79,0.93,0.84,0.84,1,0.55,0.88,0,"monochromatic",0.8,0.9,0.8,0.85,"good","bad"
"O01053","all-season","office",0.88,0.85,0.39,0.93,0.87,0.4,0.09,0.93,0.88,0,"monochromatic",0.8,0.9,0.89,0.4,"average","average"
"O01054","all-season","date",0.88,0.85,0.64,0.85,0.87,0.54,0.75,0.9,0.78,0,"mixed_harmonious",0.8,0.9,0.89,0.77,"good","average"
"O01055","summer","gym",0.62,0.95,0.39,0.92,0.84,0.44,0.18,0.92,0.82,0,"mixed_harmonious",0.8,0.9,0.8,0.4,"average","average"
"O01056","autumn","travel",1,0.95,0.52,0.92,0.84,0.46,0.5,0.72,0.82,0,"mixed_harmonious",0.8,0.9,0.8,0.74,"good","good"
"O01057","autumn","office",1,0.95,0.54,1,0.84,0.36,0.75,0.93,0.92,0,"monochromatic",0.8,0.9,0.8,0.77,"good","good"
"O01058","summer","gym",0.88,0.95,0.22,0.94,0.84,0.33,0.09,0.25,0.9,0,"monochromatic",0.8,0.9,0.8,0.4,"average","good"
"O01059","summer","gym",0.88,0.95,0.1,0.91,0.84,0.07,0.09,0.25,0.79,0,"mixed_harmonious",0.8,0.9,0.8,0.34,"bad","good"
"O01060","all-season","casual",0.88,0.85,0.29,0.85,0.84,0.3,0.09,0.62,0.8,0,"complementary",0.8,0.9,0.8,0.4,"average","average"
"O01061","spring","office",1,0.95,0.62,0.92,0.84,0.42,0.75,0.93,0.82,0,"mixed_harmonious",0.8,0.9,0.8,0.78,"good","average"
"O01062","summer","office",1,1,0.27,0.98,0.84,0.18,0.5,0.28,0.9,0,"neutral_dominant",0.8,0.9,0.8,0.42,"average","average"
"O01063","autumn","gym",1,0.6,0.65,0.92,0.84,0.74,0.75,0.55,0.82,0,"mixed_harmonious",0.8,0.9,0.8,0.79,"good","average"
"O01064","winter","gym",1,0.95,0.45,0.92,0.84,0.17,0.75,0.92,0.82,0,"mixed_harmonious",0.8,0.9,0.8,0.42,"average","average"
"O01065","all-season","casual",0.88,0.85,0.53,0.93,0.84,0.41,0.75,0.88,0.88,0,"monochromatic",0.8,0.9,0.8,0.74,"good","average"
"O01066","summer","date",0.88,0.95,0.38,0.67,0.84,0.33,0.28,0.9,0.57,0,"mixed_harmonious",0.8,0.9,0.79,0.61,"average","good"
"O01067","spring","date",1,0.95,0.41,1,0.84,0.09,0.75,0.9,0.92,0,"monochromatic",0.8,0.9,0.8,0.4,"average","average"
"O01068","all-season","casual",0.88,0.85,0.63,0.93,0.84,0.52,0.75,0.88,0.88,0,"monochromatic",0.8,0.9,0.79,0.78,"good","good"
"O01069","summer","date",1,0.8,0.27,0.98,0.84,0.07,0.28,0.9,0.9,0,"neutral_dominant",0.8,0.9,0.8,0.4,"average","average"
"O01070","autumn","date",1,0.95,0.61,0.92,0.84,0.43,0.75,0.9,0.82,0,"mixed_harmonious",0.8,0.9,0.8,0.77,"good","bad"
"O01071","all-season","date",1,0.85,0.44,0.84,0.84,0.09,0.75,0.9,0.75,0,"mixed_harmonious",0.8,0.9,0.8,0.4,"average","average"
"O01072","all-season","casual",0.88,0.85,0.71,0.91,0.84,0.68,0.75,0.88,0.86,0,"neutral_dominant",0.8,0.9,0.79,0.81,"good","good"
"O01073","summer","gym",0.88,0.95,0.48,1,0.84,0.52,0.18,0.92,0.92,0,"monochromatic",0.8,0.9,0.8,0.4,"average","good"
"O01074","all-season","casual",0.88,0.85,0.49,0.93,0.84,0.32,0.75,0.88,0.88,0,"monochromatic",0.8,0.9,0.8,0.73,"good","average"
"O01075","summer","weekend",1,0.45,0.27,0.81,0.84,0.08,0.28,0.88,0.59,0,"mixed_harmonious",0.8,0.9,0.8,0.4,"average","average"
"O01076","all-season","office",0.88,0.85,0.41,0.93,0.84,0.18,0.75,0.78,0.88,0,"monochromatic",0.8,0.9,0.79,0.42,"average","bad"
"O01077","all-season","office",0.88,0.85,0.41,0.93,0.84,0.18,0.75,0.78,0.88,0,"monochromatic",0.8,0.9,0.79,0.42,"average","bad"
"O01078","summer","date",1,0.95,0.52,1,0.84,0.33,0.75,0.9,0.92,0,"monochromatic",0.8,0.9,0.8,0.76,"good","average"
"O01079","spring","casual",1,0.95,0.62,0.75,0.84,0.44,0.75,0.88,0.57,0,"mixed_harmonious",0.8,0.9,0.8,0.73,"good","good"
"O01080","summer","date",0.88,0.95,0.38,1,0.84,0.33,0.28,0.9,0.92,0,"monochromatic",0.8,0.9,0.79,0.7,"good","good"
"O01081","summer","weekend",0.88,0.95,0.39,0.73,0.84,0.21,0.41,0.88,0.56,0,"triadic",0.8,0.9,0.8,0.42,"average","bad"
"O01082","summer","gym",0.88,0.95,0.57,0.67,0.84,0.7,0.41,0.55,0.57,0,"mixed_harmonious",0.8,0.9,0.8,0.68,"average","average"
"O01083","autumn","date",1,0.95,0.61,0.81,0.84,0.43,0.75,0.9,0.59,0,"mixed_harmonious",0.8,0.9,0.8,0.74,"good","average"
"O01084","all-season","office",0.88,0.85,0.61,0.93,0.84,0.52,0.75,0.78,0.88,0,"monochromatic",0.8,0.9,0.79,0.78,"good","bad"
"O01085","all-season","date",0.88,0.85,0.64,0.93,0.87,0.54,0.75,0.9,0.88,0,"monochromatic",0.8,0.9,0.89,0.8,"good","average"
"O01086","all-season","gym",0.88,0.85,0.56,0.93,0.84,0.35,1,0.55,0.88,0,"monochromatic",0.8,0.9,0.8,0.76,"good","average"
"O01087","all-season","casual",0.88,0.85,0.59,0.93,0.84,0.43,0.75,0.88,0.88,0,"monochromatic",0.8,0.9,0.8,0.77,"good","average"
"O01088","autumn","casual",0.62,0.6,0.67,0.92,0.84,0.74,0.75,0.88,0.82,0,"mixed_harmonious",0.8,0.9,0.8,0.8,"good","bad"
"O01089","summer","date",1,0.95,0.52,0.92,0.84,0.33,0.75,0.9,0.84,0,"complementary",0.8,0.9,0.8,0.74,"good","average"
"O01090","all-season","date",0.88,0.85,0.64,0.74,0.87,0.54,0.75,0.9,0.55,0,"mixed_harmonious",0.8,0.9,0.89,0.74,"good","average"
"O01091","all-season","date",0.62,0.85,0.31,0.85,0.84,0.07,0.5,0.9,0.78,0,"mixed_harmonious",0.8,0.9,0.79,0.34,"bad","good"
"O01092","all-season","office",1,0.85,0.58,0.78,0.84,0.38,0.75,0.93,0.63,0,"mixed_harmonious",0.8,0.9,0.8,0.72,"good","average"
"O01093","autumn","office",1,0.95,0.52,0.85,0.84,0.23,0.75,0.93,0.67,0,"mixed_harmonious",0.8,0.9,0.8,0.42,"average","average"
"O01094","summer","gym",1,0.95,0.57,0.75,0.84,0.49,0.75,0.55,0.57,0,"mixed_harmonious",0.8,0.9,0.8,0.71,"good","good"
"O01095","winter","casual",1,0.95,0.67,1,0.84,0.41,1,0.88,0.92,0,"monochromatic",0.8,0.9,0.8,0.82,"good","bad"
"O01096","all-season","date",0.88,0.85,0.39,0.93,0.84,0.09,0.75,0.9,0.88,0,"monochromatic",0.8,0.9,0.8,0.4,"average","average"
"O01097","all-season","casual",0.88,0.85,0.53,0.93,0.84,0.41,0.75,0.88,0.88,0,"monochromatic",0.8,0.9,0.8,0.74,"good","average"
"O01098","spring","date",1,0.95,0.41,0.95,0.84,0.09,0.75,0.9,0.82,0,"monochromatic",0.8,0.9,0.8,0.4,"average","average"
"O01099","all-season","office",0.88,0.85,0.55,0.74,0.84,0.34,0.75,0.93,0.55,0,"mixed_harmonious",0.8,0.9,0.8,0.69,"average","average"
"O01100","autumn","date",1,0.95,0.41,0.92,0.84,0.09,0.75,0.9,0.82,0,"mixed_harmonious",0.8,0.9,0.8,0.4,"average","average"
"O01101","all-season","casual",1,0.85,0.18,0.91,0.84,0.08,0.09,0.62,0.86,0,"neutral_dominant",0.8,0.9,0.8,0.34,"bad","bad"
"O01102","winter","casual",1,0.95,0.44,1,0.84,0.09,0.75,0.88,0.92,0,"monochromatic",0.8,0.9,0.8,0.4,"average","average"
"O01103","all-season","office",0.88,0.85,0.25,0.85,0.84,0.09,0.09,0.93,0.8,0,"complementary",0.8,0.9,0.8,0.34,"bad","average"
"O01104","all-season","date",0.88,0.85,0.35,0.85,0.84,0.08,0.5,0.9,0.7,0,"monochromatic",0.8,0.9,0.79,0.34,"bad","average"
"O01105","winter","casual",1,0.95,0.51,1,0.84,0.32,0.75,0.88,0.92,0,"monochromatic",0.8,0.9,0.8,0.76,"good","average"
"O01106","all-season","casual",0.88,0.85,0.54,0.93,0.84,0.34,0.75,0.88,0.88,0,"monochromatic",0.8,0.9,0.8,0.75,"good","average"
"O01107","autumn","casual",0.88,0.95,0.6,1,0.84,0.43,0.75,0.88,0.92,0,"monochromatic",0.8,0.9,0.8,0.79,"good","average"
"O01108","all-season","casual",0.88,0.85,0.63,0.93,0.84,0.52,0.75,0.88,0.88,0,"monochromatic",0.8,0.9,0.79,0.78,"good","average"
"O01109","autumn","gym",1,0.95,0.64,0.92,0.84,0.62,0.75,0.55,0.82,0,"mixed_harmonious",0.8,0.9,0.8,0.78,"good","average"
"O01110","summer","date",0.88,0.95,0.51,0.85,0.84,0.33,0.75,0.9,0.67,0,"mixed_harmonious",0.8,0.9,0.8,0.71,"good","average"
"O01111","all-season","casual",0.88,0.85,0.35,0.91,0.84,0.09,0.5,0.88,0.86,0,"neutral_dominant",0.8,0.9,0.79,0.4,"average","good"
"O01112","all-season","date",0.88,0.85,0.44,0.93,0.87,0.1,0.75,0.9,0.88,0,"monochromatic",0.8,0.9,0.89,0.4,"average","good"
"O01113","spring","gym",1,0.95,0.54,0.75,0.84,0.42,0.75,0.55,0.57,0,"mixed_harmonious",0.8,0.9,0.8,0.69,"average","good"
"O01114","all-season","casual",0.88,0.85,0.58,0.84,0.84,0.26,1,0.88,0.75,0,"mixed_harmonious",0.8,0.9,0.8,0.42,"average","good"
"O01115","spring","gym",1,0.95,0.61,0.92,0.84,0.42,0.75,0.92,0.82,0,"mixed_harmonious",0.8,0.9,0.8,0.77,"good","average"
"O01116","all-season","gym",1,0.85,0.5,0.93,0.84,0.44,0.75,0.55,0.88,0,"monochromatic",0.8,0.9,0.8,0.73,"good","average"
"O01117","autumn","casual",1,0.95,0.19,0.81,0.84,0.09,0.09,0.62,0.59,0,"mixed_harmonious",0.8,0.9,0.8,0.4,"average","good"
"O01118","summer","gym",0.62,0.95,0.27,0.82,0.84,0.44,0.09,0.25,0.82,0,"monochromatic",0.8,0.9,0.8,0.4,"average","average"
"O01119","spring","date",1,0.95,0.12,1,0.84,0.07,0.09,0.32,0.92,0,"monochromatic",0.8,0.9,0.8,0.34,"bad","average"
"O01120","autumn","date",1,0.95,0.61,1,0.84,0.43,0.75,0.9,0.92,0,"monochromatic",0.8,0.9,0.8,0.8,"good","average"
"O01121","summer","office",0.62,0.95,0.49,1,0.84,0.38,0.75,0.78,0.92,0,"monochromatic",0.8,0.9,0.8,0.75,"good","average"
"O01122","winter","casual",1,0.6,0.43,1,0.84,0.26,0.5,0.88,0.92,0,"monochromatic",0.8,0.9,0.8,0.42,"average","average"
"O01123","autumn","casual",1,0.95,0.61,1,0.84,0.43,0.75,0.88,0.92,0,"monochromatic",0.8,0.9,0.8,0.8,"good","good"
"O01124","all-season","casual",0.88,0.85,0.68,0.85,0.84,0.62,0.75,0.88,0.8,0,"complementary",0.8,0.9,0.8,0.78,"good","average"
"O01125","spring","casual",1,0.95,0.61,0.92,0.84,0.42,0.75,0.88,0.82,0,"mixed_harmonious",0.8,0.9,0.8,0.77,"good","average"
"O01126","spring","travel",1,0.95,0.62,0.98,0.84,0.44,0.75,0.88,0.91,0,"analogous",0.8,0.9,0.8,0.79,"good","average"
"O01127","all-season","travel",0.88,0.85,0.43,0.88,0.87,0.11,0.75,0.88,0.78,0,"monochromatic",0.8,0.9,0.89,0.4,"average","average"
"O01128","all-season","casual",0.88,0.85,0.5,0.93,0.84,0.26,0.75,0.88,0.88,0,"monochromatic",0.8,0.9,0.8,0.42,"average","average"
"O01129","all-season","date",0.88,0.85,0.52,0.93,0.84,0.28,0.75,0.9,0.88,0,"monochromatic",0.8,0.9,0.8,0.74,"good","bad"
"O01130","summer","date",1,0.95,0.52,1,0.84,0.33,0.75,0.9,0.92,0,"monochromatic",0.8,0.9,0.8,0.76,"good","average"
"O01131","spring","casual",1,0.95,0.61,0.8,0.84,0.42,0.75,0.88,0.6,0,"complementary",0.8,0.9,0.8,0.74,"good","bad"
"O01132","all-season","travel",0.88,0.85,0.5,0.93,0.84,0.26,0.75,0.88,0.88,0,"monochromatic",0.8,0.9,0.8,0.42,"average","good"
"O01133","summer","date",1,0.95,0.29,0.94,0.84,0.12,0.28,0.9,0.9,0,"monochromatic",0.8,0.9,0.8,0.42,"average","good"
"O01134","summer","gym",0.88,0.95,0.58,1,0.84,0.52,0.5,0.92,0.92,0,"monochromatic",0.8,0.9,0.8,0.78,"good","average"
"O01135","summer","casual",1,0.8,0.35,1,0.84,0.2,0.28,0.88,0.92,0,"monochromatic",0.8,0.9,0.8,0.42,"average","average"
"O01136","summer","office",1,0.8,0.24,0.92,0.84,0.07,0.28,0.78,0.82,0,"mixed_harmonious",0.8,0.9,0.8,0.4,"average","average"
"O01137","all-season","travel",0.88,0.85,0.6,0.85,0.84,0.46,0.75,0.88,0.78,0,"mixed_harmonious",0.8,0.9,0.79,0.75,"good","average"
"O01138","summer","gym",0.88,0.95,0.17,0.94,0.84,0.08,0.09,0.55,0.9,0,"monochromatic",0.8,0.9,0.8,0.34,"bad","average"
"O01139","all-season","travel",0.88,0.85,0.35,0.85,0.84,0.09,0.5,0.88,0.78,0,"mixed_harmonious",0.8,0.9,0.79,0.4,"average","average"
"O01140","summer","office",1,0.95,0.51,1,0.84,0.3,0.75,0.93,0.92,0,"monochromatic",0.8,0.9,0.8,0.76,"good","bad"
"O01141","summer","date",1,0.95,0.51,0.92,0.84,0.3,0.75,0.9,0.84,0,"complementary",0.8,0.9,0.8,0.73,"good","average"
"O01142","autumn","office",1,0.6,0.48,0.81,0.84,0.28,0.75,0.78,0.59,0,"mixed_harmonious",0.8,0.9,0.8,0.42,"average","bad"
"O01143","all-season","casual",0.88,0.85,0.39,0.85,0.84,0.09,0.75,0.88,0.78,0,"mixed_harmonious",0.8,0.9,0.8,0.4,"average","average"
"O01144","autumn","gym",1,0.95,0.72,0.92,0.84,0.63,1,0.55,0.84,0,"complementary",0.8,0.9,0.8,0.82,"good","average"
"O01145","summer","gym",0.88,0.95,0.41,0.91,0.84,0.44,0.18,0.92,0.79,0,"mixed_harmonious",0.8,0.9,0.8,0.4,"average","average"
"O01146","all-season","casual",0.88,0.85,0.52,0.83,0.84,0.28,0.75,0.88,0.69,0,"analogous",0.8,0.9,0.8,0.42,"average","average"
"O01147","summer","gym",0.88,0.95,0.28,1,0.84,0.1,0.18,0.92,0.92,0,"monochromatic",0.8,0.9,0.8,0.4,"average","average"
"O01148","all-season","casual",1,0.85,0.37,0.85,0.84,0.1,0.5,0.88,0.78,0,"mixed_harmonious",0.8,0.9,0.8,0.4,"average","bad"
"O01149","winter","gym",1,0.6,0.63,0.92,0.84,0.69,0.75,0.55,0.82,0,"mixed_harmonious",0.8,0.9,0.8,0.78,"good","average"
"O01150","all-season","casual",0.88,0.85,0.43,0.93,0.87,0.33,0.5,0.88,0.88,0,"monochromatic",0.8,0.9,0.89,0.71,"good","average"
"O01151","spring","office",1,0.95,0.43,0.85,0.84,0.46,0.5,0.28,0.67,0,"mixed_harmonious",0.8,0.9,0.8,0.68,"average","average"
"O01152","autumn","weekend",1,0.6,0.72,1,0.84,0.74,0.75,0.88,0.92,0,"monochromatic",0.8,0.9,0.8,0.84,"good","good"
"O01153","spring","gym",1,0.95,0.55,0.91,0.84,0.43,0.75,0.55,0.79,0,"mixed_harmonious",0.8,0.9,0.8,0.75,"good","average"
"O01154","autumn","casual",0.62,0.95,0.56,0.92,0.84,0.42,0.75,0.88,0.82,0,"mixed_harmonious",0.8,0.9,0.8,0.75,"good","average"
"O01155","all-season","office",0.88,0.85,0.44,0.91,0.87,0.33,0.5,0.93,0.86,0,"neutral_dominant",0.8,0.9,0.89,0.71,"good","bad"
"O01156","summer","office",0.88,1,0.49,1,0.84,0.24,0.75,0.78,0.92,0,"monochromatic",0.8,0.9,0.8,0.42,"average","average"
"O01157","all-season","gym",1,0.85,0.17,0.93,0.84,0.08,0.09,0.55,0.88,0,"monochromatic",0.8,0.9,0.8,0.34,"bad","bad"
"O01158","all-season","casual",1,0.85,0.55,0.93,0.84,0.32,0.75,0.88,0.88,0,"monochromatic",0.8,0.9,0.8,0.75,"good","average"
"O01159","summer","date",1,0.8,0.47,1,0.84,0.46,0.41,0.68,0.92,0,"monochromatic",0.8,0.9,0.8,0.74,"good","average"
"O01160","spring","casual",1,0.95,0.55,1,0.84,0.46,0.5,0.88,0.92,0,"monochromatic",0.8,0.9,0.8,0.77,"good","average"
"O01161","summer","casual",1,1,0.5,1,0.84,0.29,0.75,0.88,0.92,0,"monochromatic",0.8,0.9,0.8,0.75,"good","bad"
"O01162","all-season","casual",0.88,0.85,0.24,0.93,0.87,0.21,0.14,0.62,0.88,0,"monochromatic",0.8,0.9,0.89,0.42,"average","average"
"O01163","summer","casual",0.88,0.95,0.42,0.81,0.87,0.4,0.18,0.88,0.62,0,"complementary",0.8,0.9,0.89,0.4,"average","average"
"O01164","summer","gym",0.88,1,0.38,1,0.84,0.18,0.5,0.92,0.92,0,"monochromatic",0.8,0.9,0.8,0.42,"average","average"
"O01165","all-season","travel",0.88,0.85,0.43,0.78,0.84,0.18,0.75,0.88,0.63,0,"mixed_harmonious",0.8,0.9,0.79,0.42,"average","average"
"O01166","all-season","casual",0.88,0.85,0.49,0.85,0.84,0.31,0.75,0.88,0.78,0,"mixed_harmonious",0.8,0.9,0.8,0.7,"good","average"
"O01167","all-season","office",0.88,0.85,0.67,0.93,0.84,0.49,1,0.78,0.88,0,"monochromatic",0.8,0.9,0.8,0.8,"good","bad"
"O01168","all-season","office",0.88,0.85,0.59,0.85,0.84,0.68,0.75,0.28,0.78,0,"mixed_harmonious",0.8,0.9,0.79,0.74,"good","good"
"O01169","summer","gym",1,0.8,0.28,0.92,0.84,0.2,0.28,0.55,0.84,0,"complementary",0.8,0.9,0.8,0.42,"average","average"
"O01170","autumn","date",1,0.95,0.12,1,0.84,0.07,0.09,0.32,0.92,0,"monochromatic",0.8,0.9,0.8,0.34,"bad","average"
"O01171","autumn","date",1,0.95,0.61,0.92,0.84,0.42,0.75,0.9,0.84,0,"complementary",0.8,0.9,0.8,0.77,"good","bad"
"O01172","all-season","casual",0.88,0.85,0.51,0.71,0.84,0.26,0.75,0.88,0.5,0,"complementary",0.8,0.9,0.8,0.42,"average","good"
"O01173","summer","office",1,0.95,0.4,1,0.84,0.38,0.09,0.93,0.92,0,"monochromatic",0.8,0.9,0.8,0.4,"average","good"
"O01174","summer","casual",1,0.95,0.52,0.87,0.84,0.33,0.75,0.88,0.77,0,"analogous",0.8,0.9,0.8,0.72,"good","good"
"O01175","spring","travel",1,0.95,0.66,1,0.84,0.68,0.5,0.88,0.92,0,"monochromatic",0.8,0.9,0.8,0.82,"good","average"
"O01176","all-season","date",0.88,0.85,0.59,0.93,0.84,0.42,0.75,0.9,0.88,0,"monochromatic",0.8,0.9,0.8,0.77,"good","bad"
"O01177","summer","date",1,0.8,0.27,0.93,0.84,0.07,0.28,0.9,0.89,0,"analogous",0.8,0.9,0.8,0.4,"average","average"
"O01178","all-season","casual",0.88,0.85,0.2,0.78,0.87,0.09,0.14,0.62,0.63,0,"mixed_harmonious",0.8,0.9,0.89,0.4,"average","average"
"O01179","all-season","office",1,0.85,0.25,0.85,0.84,0.1,0.5,0.28,0.78,0,"mixed_harmonious",0.8,0.9,0.8,0.4,"average","average"
"O01180","all-season","date",0.88,0.85,0.45,0.85,0.84,0.31,0.75,0.68,0.78,0,"mixed_harmonious",0.8,0.9,0.8,0.69,"average","average"
"O01181","autumn","travel",1,0.95,0.75,0.98,0.84,0.63,1,0.72,0.9,0,"neutral_dominant",0.8,0.9,0.8,0.85,"good","average"
"O01182","all-season","travel",0.88,0.85,0.65,0.91,0.87,0.63,0.75,0.72,0.86,0,"neutral_dominant",0.8,0.9,0.89,0.79,"good","average"
"O01183","all-season","casual",0.88,0.85,0.35,0.93,0.84,0.44,0.09,0.62,0.88,0,"monochromatic",0.8,0.9,0.79,0.4,"average","good"
"O01184","autumn","casual",1,0.6,0.72,1,0.84,0.74,0.75,0.88,0.92,0,"monochromatic",0.8,0.9,0.8,0.84,"good","average"
"O01185","spring","gym",1,0.95,0.59,0.94,0.84,0.53,0.75,0.55,0.9,0,"monochromatic",0.8,0.9,0.8,0.77,"good","average"
"O01186","autumn","date",1,0.95,0.41,1,0.84,0.09,0.75,0.9,0.92,0,"monochromatic",0.8,0.9,0.8,0.4,"average","average"
"O01187","all-season","travel",0.62,0.85,0.4,0.93,0.84,0.16,0.75,0.88,0.88,0,"monochromatic",0.8,0.9,0.8,0.42,"average","good"
"O01188","all-season","casual",0.88,0.85,0.19,0.84,0.87,0.09,0.09,0.62,0.75,0,"mixed_harmonious",0.8,0.9,0.89,0.34,"bad","average"
"O01189","summer","office",1,0.95,0.42,1,0.84,0.08,0.75,0.78,0.92,0,"monochromatic",0.8,0.9,0.8,0.4,"average","average"
"O01190","all-season","casual",0.62,0.85,0.23,0.93,0.87,0.21,0.14,0.62,0.88,0,"monochromatic",0.8,0.9,0.89,0.42,"average","bad"
"O01191","all-season","casual",1,0.85,0.39,0.88,0.84,0.08,0.75,0.88,0.78,0,"monochromatic",0.8,0.9,0.8,0.4,"average","average"
"O01192","all-season","casual",1,0.85,0.38,0.91,0.84,0.48,0.09,0.62,0.86,0,"neutral_dominant",0.8,0.9,0.8,0.4,"average","average"
"O01193","summer","gym",1,0.95,0.61,0.92,0.84,0.57,0.75,0.55,0.82,0,"mixed_harmonious",0.8,0.9,0.8,0.77,"good","average"
"O01194","all-season","casual",0.88,0.85,0.59,0.85,0.84,0.43,0.75,0.88,0.78,0,"mixed_harmonious",0.8,0.9,0.8,0.74,"good","good"
"O01195","spring","office",1,0.95,0.62,0.92,0.84,0.43,0.75,0.93,0.82,0,"mixed_harmonious",0.8,0.9,0.8,0.78,"good","average"
"O01196","all-season","casual",0.88,0.85,0.48,0.93,0.84,0.21,0.75,0.88,0.88,0,"monochromatic",0.8,0.9,0.8,0.42,"average","good"
"O01197","summer","gym",0.88,0.95,0.11,0.91,0.84,0.08,0.09,0.25,0.74,0,"monochromatic",0.8,0.9,0.8,0.34,"bad","good"
"O01198","autumn","gym",0.88,0.6,0.64,1,0.84,0.74,0.75,0.55,0.92,0,"monochromatic",0.8,0.9,0.8,0.81,"good","good"
"O01199","all-season","gym",0.88,0.85,0.44,0.78,0.84,0.26,0.75,0.55,0.63,0,"mixed_harmonious",0.8,0.9,0.8,0.4,"average","good"
"O01200","all-season","casual",0.88,0.85,0.19,0.74,0.84,0.09,0.09,0.62,0.55,0,"mixed_harmonious",0.8,0.9,0.8,0.34,"bad","average"
"O01201","summer","date",1,1,0.47,0.92,0.84,0.29,0.75,0.68,0.82,0,"mixed_harmonious",0.8,0.9,0.8,0.72,"good","average"
"O01202","all-season","casual",0.88,0.85,0.63,0.93,0.84,0.53,0.75,0.88,0.88,0,"monochromatic",0.8,0.9,0.8,0.78,"good","good"
"O01203","summer","casual",0.88,0.95,0.42,0.94,0.87,0.4,0.18,0.88,0.9,0,"monochromatic",0.8,0.9,0.89,0.4,"average","good"
"O01204","all-season","casual",0.88,0.85,0.6,0.93,0.87,0.46,0.75,0.88,0.88,0,"monochromatic",0.8,0.9,0.89,0.78,"good","good"
"O01205","summer","casual",1,0.45,0.32,1,0.84,0.17,0.41,0.88,0.92,0,"monochromatic",0.8,0.9,0.8,0.42,"average","bad"
"O01206","all-season","casual",0.88,0.85,0.5,0.93,0.84,0.26,0.75,0.88,0.88,0,"monochromatic",0.8,0.9,0.8,0.42,"average","average"
"O01207","summer","casual",1,0.95,0.68,1,0.84,0.57,0.75,0.88,0.92,0,"monochromatic",0.8,0.9,0.8,0.82,"good","good"
"O01208","autumn","gym",1,0.95,0.71,0.98,0.84,0.62,1,0.55,0.9,0,"neutral_dominant",0.8,0.9,0.8,0.83,"good","average"
"O01209","all-season","gym",0.88,0.85,0.49,0.78,0.84,0.21,0.75,0.92,0.63,0,"mixed_harmonious",0.8,0.9,0.8,0.42,"average","average"
"O01210","spring","gym",1,0.95,0.55,0.92,0.84,0.43,0.75,0.55,0.82,0,"mixed_harmonious",0.8,0.9,0.8,0.75,"good","average"
"O01211","autumn","office",1,0.95,0.71,1,0.84,0.62,0.75,0.93,0.92,0,"monochromatic",0.8,0.9,0.8,0.84,"good","bad"
"O01212","autumn","date",1,0.95,0.41,0.92,0.84,0.09,0.75,0.9,0.82,0,"mixed_harmonious",0.8,0.9,0.8,0.4,"average","average"
"O01213","spring","office",1,0.95,0.26,1,0.84,0.09,0.09,0.93,0.92,0,"monochromatic",0.8,0.9,0.8,0.4,"average","average"
"O01214","summer","weekend",0.88,1,0.31,1,0.87,0.18,0.18,0.88,0.92,0,"monochromatic",0.8,0.9,0.89,0.42,"average","average"
"O01215","summer","travel",1,1,0.56,1,0.84,0.32,0.75,0.88,0.92,0,"monochromatic",0.8,0.9,0.8,0.78,"good","average"
"O01216","autumn","office",1,0.95,0.62,1,0.84,0.43,0.75,0.93,0.92,0,"monochromatic",0.8,0.9,0.8,0.8,"good","average"
"O01217","all-season","date",0.62,0.85,0.59,0.93,0.87,0.5,0.75,0.9,0.88,0,"monochromatic",0.8,0.9,0.89,0.78,"good","average"
"O01218","summer","office",1,0.95,0.65,1,0.84,0.49,0.75,0.93,0.92,0,"monochromatic",0.8,0.9,0.8,0.81,"good","average"
"O01219","all-season","gym",0.88,0.85,0.45,0.85,0.84,0.28,0.75,0.55,0.78,0,"mixed_harmonious",0.8,0.9,0.8,0.69,"average","average"
"O01220","all-season","gym",0.62,0.85,0.47,0.74,0.84,0.32,0.75,0.92,0.58,0,"complementary",0.8,0.9,0.8,0.66,"average","good"
"O01221","winter","date",1,0.95,0.56,1,0.84,0.42,0.75,0.9,0.92,0,"monochromatic",0.8,0.9,0.8,0.78,"good","good"
"O01222","all-season","weekend",0.88,0.85,0.41,0.85,0.87,0.2,0.5,0.88,0.78,0,"mixed_harmonious",0.8,0.9,0.89,0.42,"average","bad"
"O01223","autumn","event",1,0.95,0.73,0.91,0.84,0.63,1,0.6,0.79,0,"mixed_harmonious",0.8,0.9,0.8,0.82,"good","bad"
"O01224","summer","office",1,0.95,0.27,0.92,0.84,0.08,0.28,0.78,0.82,0,"mixed_harmonious",0.8,0.9,0.8,0.4,"average","average"
"O01225","all-season","casual",0.88,0.85,0.35,0.85,0.84,0.08,0.5,0.88,0.78,0,"mixed_harmonious",0.8,0.9,0.79,0.34,"bad","average"
"O01226","summer","gym",0.88,0.95,0.32,1,0.84,0.33,0.28,0.55,0.92,0,"monochromatic",0.8,0.9,0.79,0.68,"average","bad"
"O01227","all-season","office",1,0.85,0.56,0.91,0.84,0.44,0.75,0.93,0.86,0,"neutral_dominant",0.8,0.9,0.8,0.75,"good","good"
"O01228","summer","gym",0.88,0.95,0.15,0.85,0.84,0.07,0.09,0.55,0.67,0,"mixed_harmonious",0.8,0.9,0.8,0.34,"bad","average"
"O01229","summer","date",1,0.95,0.4,0.94,0.84,0.08,0.75,0.68,0.9,0,"monochromatic",0.8,0.9,0.8,0.4,"average","average"
"O01230","all-season","event",0.88,0.85,0.39,0.78,0.84,0.32,0.75,0.3,0.63,0,"mixed_harmonious",0.8,0.9,0.8,0.64,"average","average"
"O01231","winter","casual",0.88,0.95,0.18,0.92,0.84,0.08,0.09,0.62,0.82,0,"mixed_harmonious",0.8,0.9,0.8,0.34,"bad","average"
"O01232","autumn","office",1,0.95,0.54,1,0.84,0.36,0.75,0.93,0.92,0,"monochromatic",0.8,0.9,0.8,0.77,"good","average"
"O01233","summer","gym",1,0.95,0.68,1,0.84,0.56,1,0.55,0.92,0,"monochromatic",0.8,0.9,0.8,0.82,"good","good"
"O01234","summer","gym",1,0.95,0.23,1,0.84,0.08,0.28,0.55,0.92,0,"monochromatic",0.8,0.9,0.8,0.4,"average","average"
"O01235","all-season","date",1,0.85,0.39,0.93,0.84,0.09,0.75,0.68,0.88,0,"monochromatic",0.8,0.9,0.8,0.4,"average","average"
"O01236","all-season","date",0.88,0.85,0.32,0.85,0.84,0.07,0.5,0.9,0.78,0,"mixed_harmonious",0.8,0.9,0.79,0.34,"bad","average"
"O01237","spring","date",1,0.95,0.61,0.9,0.84,0.43,0.75,0.9,0.73,0,"analogous",0.8,0.9,0.8,0.77,"good","average"
"O01238","spring","casual",1,0.95,0.61,1,0.84,0.43,0.75,0.88,0.92,0,"monochromatic",0.8,0.9,0.8,0.8,"good","bad"
"O01239","all-season","gym",0.88,0.85,0.38,0.78,0.84,0.2,0.5,0.92,0.63,0,"mixed_harmonious",0.8,0.9,0.8,0.42,"average","average"
"O01240","winter","gym",1,0.6,0.43,1,0.84,0.26,0.5,0.92,0.92,0,"monochromatic",0.8,0.9,0.8,0.42,"average","average"
"O01241","all-season","office",0.88,0.85,0.54,0.85,0.84,0.32,0.75,0.93,0.78,0,"mixed_harmonious",0.8,0.9,0.8,0.72,"good","bad"
"O01242","autumn","date",0.88,0.95,0.11,1,0.84,0.07,0.09,0.32,0.92,0,"monochromatic",0.8,0.9,0.8,0.34,"bad","average"
"O01243","all-season","travel",0.88,0.85,0.35,0.91,0.84,0.08,0.5,0.88,0.86,0,"neutral_dominant",0.8,0.9,0.79,0.34,"bad","bad"
"O01244","all-season","travel",0.88,0.85,0.21,0.85,0.84,0.09,0.09,0.72,0.78,0,"mixed_harmonious",0.8,0.9,0.8,0.34,"bad","good"
"O01245","all-season","casual",1,0.85,0.59,0.85,0.84,0.42,0.75,0.88,0.8,0,"complementary",0.8,0.9,0.8,0.74,"good","good"
"O01246","spring","office",1,0.95,0.52,0.92,0.84,0.23,0.75,0.93,0.82,0,"mixed_harmonious",0.8,0.9,0.8,0.42,"average","bad"
"O01247","spring","travel",1,0.95,0.54,0.75,0.84,0.28,0.75,0.88,0.57,0,"mixed_harmonious",0.8,0.9,0.8,0.42,"average","good"
"O01248","all-season","date",0.88,0.85,0.55,0.93,0.84,0.34,0.75,0.9,0.88,0,"monochromatic",0.8,0.9,0.8,0.75,"good","average"
"O01249","all-season","casual",1,0.85,0.37,0.91,0.84,0.18,0.5,0.88,0.86,0,"neutral_dominant",0.8,0.9,0.8,0.42,"average","bad"
"O01250","winter","date",1,0.6,0.58,1,0.84,0.53,0.75,0.68,0.92,0,"monochromatic",0.8,0.9,0.8,0.78,"good","average"
"O01251","autumn","date",1,0.95,0.61,0.94,0.84,0.42,0.75,0.9,0.9,0,"monochromatic",0.8,0.9,0.8,0.78,"good","average"
"O01252","spring","casual",1,0.95,0.78,0.94,0.84,0.62,1,0.88,0.9,0,"monochromatic",0.8,0.9,0.8,0.85,"good","average"
"O01253","spring","office",0.62,0.95,0.28,0.81,0.84,0.24,0.5,0.28,0.59,0,"mixed_harmonious",0.8,0.9,0.8,0.42,"average","good"
"O01254","spring","casual",1,0.95,0.61,0.98,0.84,0.42,0.75,0.88,0.9,0,"neutral_dominant",0.8,0.9,0.8,0.79,"good","good"
"O01255","spring","casual",1,0.95,0.55,0.92,0.84,0.46,0.5,0.88,0.84,0,"complementary",0.8,0.9,0.8,0.75,"good","bad"
"O01256","winter","office",1,0.95,0.49,0.87,0.84,0.32,0.75,0.78,0.77,0,"analogous",0.8,0.9,0.8,0.71,"good","average"
"O01257","autumn","gym",1,0.95,0.54,0.81,0.84,0.42,0.75,0.55,0.59,0,"mixed_harmonious",0.8,0.9,0.8,0.71,"good","bad"
"O01258","autumn","casual",1,0.95,0.61,1,0.84,0.43,0.75,0.88,0.92,0,"monochromatic",0.8,0.9,0.8,0.8,"good","average"
"O01259","autumn","casual",1,0.95,0.51,1,0.84,0.23,0.75,0.88,0.92,0,"monochromatic",0.8,0.9,0.8,0.42,"average","good"
"O01260","autumn","casual",1,0.95,0.78,1,0.84,0.63,1,0.88,0.92,0,"monochromatic",0.8,0.9,0.8,0.86,"good","average"
"O01261","all-season","travel",0.88,0.85,0.59,0.85,0.84,0.59,0.5,0.88,0.8,0,"complementary",0.8,0.9,0.79,0.74,"good","average"
"O01262","summer","gym",0.88,0.95,0.53,0.93,0.84,0.42,0.5,0.92,0.89,0,"analogous",0.8,0.9,0.8,0.74,"good","good"
"O01263","autumn","date",1,0.95,0.61,1,0.84,0.43,0.75,0.9,0.92,0,"monochromatic",0.8,0.9,0.8,0.8,"good","average"
"O01264","all-season","date",0.88,0.85,0.12,0.71,0.84,0.08,0.09,0.32,0.5,0,"complementary",0.8,0.9,0.8,0.34,"bad","average"
"O01265","autumn","casual",1,0.6,0.58,1,0.84,0.44,0.75,0.88,0.92,0,"monochromatic",0.8,0.9,0.8,0.78,"good","bad"
"O01266","all-season","casual",1,0.85,0.39,0.85,0.84,0.08,0.75,0.88,0.78,0,"mixed_harmonious",0.8,0.9,0.8,0.4,"average","average"
"O01267","all-season","office",0.88,0.85,0.25,0.85,0.87,0.09,0.09,0.93,0.78,0,"mixed_harmonious",0.8,0.9,0.89,0.34,"bad","average"
"O01268","autumn","office",1,0.95,0.52,1,0.84,0.23,0.75,0.93,0.92,0,"monochromatic",0.8,0.9,0.8,0.42,"average","good"
"O01269","summer","gym",0.88,0.95,0.11,1,0.84,0.08,0.09,0.25,0.92,0,"monochromatic",0.8,0.9,0.8,0.34,"bad","average"
"O01270","spring","weekend",1,0.95,0.78,1,0.84,0.62,1,0.88,0.92,0,"monochromatic",0.8,0.9,0.8,0.86,"good","good"
"O01271","all-season","casual",0.88,0.85,0.54,0.78,0.84,0.48,0.5,0.88,0.63,0,"mixed_harmonious",0.8,0.9,0.79,0.7,"good","good"
"O01272","summer","casual",1,1,0.48,0.77,0.84,0.16,0.75,0.88,0.54,0,"complementary",0.8,0.9,0.8,0.42,"average","average"
"O01273","autumn","casual",1,0.95,0.61,1,0.84,0.42,0.75,0.88,0.92,0,"monochromatic",0.8,0.9,0.8,0.8,"good","average"
"O01274","summer","office",1,0.53,0.57,0.64,0.84,0.48,0.75,0.78,0.49,0,"mixed_harmonious",0.8,0.9,0.8,0.67,"average","average"
"O01275","all-season","office",0.62,0.85,0.25,0.93,0.87,0.09,0.14,0.93,0.88,0,"monochromatic",0.8,0.9,0.89,0.4,"average","average"
"O01276","all-season","date",0.88,0.85,0.64,0.85,0.87,0.54,0.75,0.9,0.78,0,"mixed_harmonious",0.8,0.9,0.89,0.77,"good","average"
"O01277","all-season","casual",1,0.85,0.72,0.92,0.84,0.67,0.75,0.88,0.87,0,"analogous",0.8,0.9,0.8,0.82,"good","average"
"O01278","all-season","office",0.88,0.85,0.25,0.93,0.87,0.09,0.09,0.93,0.88,0,"monochromatic",0.8,0.9,0.89,0.34,"bad","average"
"O01279","autumn","travel",1,0.95,0.21,1,0.84,0.09,0.09,0.72,0.92,0,"monochromatic",0.8,0.9,0.8,0.4,"average","average"
"O01280","all-season","casual",0.88,0.85,0.63,0.78,0.84,0.53,0.75,0.88,0.63,0,"mixed_harmonious",0.8,0.9,0.8,0.74,"good","bad"
"O01281","all-season","casual",0.88,0.85,0.64,0.75,0.84,0.55,0.75,0.88,0.57,0,"mixed_harmonious",0.8,0.9,0.8,0.73,"good","average"
"O01282","summer","gym",0.88,0.95,0.58,0.85,0.84,0.52,0.5,0.92,0.78,0,"mixed_harmonious",0.8,0.9,0.8,0.74,"good","good"
"O01283","all-season","office",0.88,0.85,0.44,0.93,0.87,0.33,0.5,0.93,0.88,0,"monochromatic",0.8,0.9,0.89,0.72,"good","average"
"O01284","all-season","date",0.88,0.85,0.39,0.93,0.84,0.09,0.75,0.9,0.88,0,"monochromatic",0.8,0.9,0.8,0.4,"average","good"
"O01285","all-season","date",0.88,0.85,0.68,0.93,0.87,0.62,0.75,0.9,0.88,0,"monochromatic",0.8,0.9,0.89,0.81,"good","average"
"O01286","autumn","office",0.62,0.95,0.67,0.94,0.84,0.62,0.75,0.93,0.9,0,"monochromatic",0.8,0.9,0.8,0.8,"good","average"
"O01287","summer","gym",0.88,0.95,0.15,0.93,0.84,0.07,0.09,0.55,0.89,0,"analogous",0.8,0.9,0.8,0.34,"bad","good"
"O01288","all-season","date",1,0.85,0.6,0.85,0.84,0.42,0.75,0.9,0.78,0,"mixed_harmonious",0.8,0.9,0.8,0.75,"good","average"
"O01289","autumn","casual",1,0.6,0.58,0.76,0.84,0.44,0.75,0.88,0.52,0,"complementary",0.8,0.9,0.8,0.71,"good","average"
"O01290","summer","gym",0.88,0.95,0.18,0.67,0.84,0.09,0.09,0.55,0.57,0,"mixed_harmonious",0.8,0.9,0.8,0.34,"bad","good"
"O01291","all-season","office",0.88,0.85,0.3,0.73,0.84,0.07,0.5,0.78,0.56,0,"complementary",0.8,0.9,0.79,0.34,"bad","average"
"O01292","all-season","office",0.88,0.85,0.63,0.93,0.84,0.68,0.75,0.78,0.88,0,"monochromatic",0.8,0.9,0.79,0.78,"good","good"
"O01293","all-season","casual",0.88,0.85,0.52,0.91,0.84,0.28,0.75,0.88,0.86,0,"neutral_dominant",0.8,0.9,0.8,0.42,"average","bad"
"O01294","summer","gym",0.88,1,0.41,1,0.84,0.24,0.5,0.92,0.92,0,"monochromatic",0.8,0.9,0.8,0.42,"average","good"
"O01295","all-season","casual",0.88,0.85,0.54,0.93,0.84,0.34,0.75,0.88,0.88,0,"monochromatic",0.8,0.9,0.8,0.75,"good","bad"
"O01296","autumn","casual",1,0.6,0.58,0.85,0.84,0.44,0.75,0.88,0.7,0,"monochromatic",0.8,0.9,0.8,0.74,"good","good"
"O01297","winter","casual",0.88,0.95,0.5,0.98,0.84,0.32,0.75,0.88,0.9,0,"neutral_dominant",0.8,0.9,0.8,0.75,"good","average"
"O01298","spring","office",1,0.95,0.63,0.92,0.84,0.44,0.75,0.93,0.82,0,"mixed_harmonious",0.8,0.9,0.8,0.78,"good","good"
"O01299","all-season","casual",0.88,0.85,0.6,0.85,0.84,0.46,0.75,0.88,0.78,0,"mixed_harmonious",0.8,0.9,0.79,0.75,"good","average"
"O01300","summer","gym",0.88,1,0.38,0.98,0.84,0.18,0.5,0.92,0.9,0,"neutral_dominant",0.8,0.9,0.8,0.42,"average","average"
"O01301","all-season","office",0.88,0.85,0.41,0.93,0.84,0.18,0.75,0.78,0.88,0,"monochromatic",0.8,0.9,0.79,0.42,"average","average"
"O01302","summer","date",1,0.45,0.27,0.82,0.84,0.08,0.28,0.9,0.82,0,"monochromatic",0.8,0.9,0.8,0.4,"average","good"
"O01303","all-season","gym",0.88,0.85,0.38,0.93,0.87,0.39,0.5,0.25,0.88,0,"monochromatic",0.8,0.9,0.89,0.69,"average","good"
"O01304","spring","casual",1,0.95,0.19,0.92,0.84,0.09,0.09,0.62,0.82,0,"mixed_harmonious",0.8,0.9,0.8,0.4,"average","good"
"O01305","all-season","office",0.88,0.85,0.43,0.78,0.84,0.48,0.09,0.93,0.63,0,"mixed_harmonious",0.8,0.9,0.8,0.4,"average","average"
"O01306","all-season","date",0.88,0.85,0.46,0.93,0.84,0.32,0.75,0.68,0.88,0,"monochromatic",0.8,0.9,0.8,0.72,"good","average"
"O01307","all-season","casual",0.88,0.85,0.69,0.93,0.84,0.49,1,0.88,0.88,0,"monochromatic",0.8,0.9,0.8,0.81,"good","average"
"O01308","summer","gym",0.88,1,0.52,0.92,0.84,0.24,0.75,0.92,0.82,0,"mixed_harmonious",0.8,0.9,0.8,0.42,"average","average"
"O01309","all-season","date",1,0.85,0.13,0.93,0.84,0.08,0.09,0.32,0.88,0,"monochromatic",0.8,0.9,0.8,0.34,"bad","good"
"O01310","autumn","office",1,0.6,0.28,0.76,0.84,0.24,0.5,0.28,0.52,0,"complementary",0.8,0.9,0.8,0.42,"average","good"
"O01311","spring","gym",1,0.95,0.72,0.92,0.84,0.63,1,0.55,0.82,0,"mixed_harmonious",0.8,0.9,0.8,0.82,"good","good"
"O01312","autumn","date",1,0.95,0.61,0.92,0.84,0.43,0.75,0.9,0.82,0,"mixed_harmonious",0.8,0.9,0.8,0.77,"good","average"
"O01313","winter","gym",1,0.6,0.53,1,0.84,0.48,0.75,0.55,0.92,0,"monochromatic",0.8,0.9,0.8,0.76,"good","good"
"O01314","autumn","date",1,0.95,0.41,1,0.84,0.09,0.75,0.9,0.92,0,"monochromatic",0.8,0.9,0.8,0.4,"average","good"
"O01315","summer","casual",1,0.8,0.54,0.82,0.84,0.42,0.75,0.88,0.82,0,"monochromatic",0.8,0.9,0.8,0.71,"good","average"
"O01316","winter","office",0.62,0.95,0.47,0.92,0.84,0.29,0.75,0.93,0.84,0,"complementary",0.8,0.9,0.8,0.72,"good","good"
"O01317","all-season","casual",0.88,0.85,0.52,0.85,0.84,0.28,0.75,0.88,0.78,0,"mixed_harmonious",0.8,0.9,0.8,0.42,"average","good"
"O01318","all-season","gym",1,0.85,0.38,0.93,0.84,0.18,0.5,0.92,0.88,0,"monochromatic",0.8,0.9,0.8,0.42,"average","good"
"O01319","summer","office",1,0.95,0.53,0.85,0.84,0.33,0.75,0.93,0.78,0,"mixed_harmonious",0.8,0.9,0.8,0.72,"good","bad"
"O01320","all-season","casual",0.88,0.85,0.6,0.84,0.87,0.46,0.75,0.88,0.75,0,"mixed_harmonious",0.8,0.9,0.89,0.75,"good","good"
"O01321","all-season","casual",0.88,0.85,0.35,0.93,0.84,0.09,0.5,0.88,0.88,0,"monochromatic",0.8,0.9,0.79,0.4,"average","good"
"O01322","autumn","travel",1,0.95,0.55,0.92,0.84,0.41,0.75,0.88,0.82,0,"mixed_harmonious",0.8,0.9,0.8,0.75,"good","average"
"O01323","spring","date",1,0.95,0.61,1,0.84,0.42,0.75,0.9,0.92,0,"monochromatic",0.8,0.9,0.8,0.8,"good","average"
"O01324","autumn","date",1,0.95,0.61,0.92,0.84,0.43,0.75,0.9,0.82,0,"mixed_harmonious",0.8,0.9,0.8,0.77,"good","good"
"O01325","all-season","casual",0.88,0.85,0.54,0.93,0.84,0.34,0.75,0.88,0.88,0,"monochromatic",0.8,0.9,0.8,0.75,"good","good"
"O01326","all-season","office",0.88,0.85,0.58,0.85,0.87,0.54,0.5,0.93,0.78,0,"mixed_harmonious",0.8,0.9,0.89,0.75,"good","bad"
"O01327","autumn","office",0.88,0.95,0.66,1,0.84,0.53,0.75,0.93,0.92,0,"monochromatic",0.8,0.9,0.8,0.82,"good","average"
"O01328","spring","date",1,0.8,0.27,0.98,0.84,0.07,0.28,0.9,0.9,0,"neutral_dominant",0.8,0.9,0.8,0.4,"average","bad"
"O01329","summer","casual",1,1,0.5,0.91,0.84,0.29,0.75,0.88,0.79,0,"mixed_harmonious",0.8,0.9,0.8,0.73,"good","bad"
"O01330","all-season","office",0.88,0.85,0.26,0.93,0.84,0.18,0.09,0.93,0.88,0,"monochromatic",0.8,0.9,0.8,0.42,"average","average"
"O01331","summer","gym",1,1,0.41,0.64,0.84,0.16,0.75,0.55,0.49,0,"mixed_harmonious",0.8,0.9,0.8,0.42,"average","average"
"O01332","summer","date",1,0.8,0.27,1,0.84,0.07,0.28,0.9,0.92,0,"monochromatic",0.8,0.9,0.8,0.4,"average","average"
"O01333","autumn","gym",1,0.95,0.18,0.85,0.84,0.09,0.09,0.55,0.67,0,"mixed_harmonious",0.8,0.9,0.8,0.4,"average","average"
"O01334","all-season","date",0.88,0.85,0.39,0.84,0.84,0.09,0.75,0.9,0.75,0,"mixed_harmonious",0.8,0.9,0.8,0.4,"average","average"
"O01335","summer","gym",0.88,1,0.39,0.92,0.84,0.2,0.5,0.92,0.82,0,"mixed_harmonious",0.8,0.9,0.8,0.42,"average","average"
"O01336","summer","casual",1,1,0.48,1,0.84,0.16,0.75,0.88,0.92,0,"monochromatic",0.8,0.9,0.8,0.42,"average","average"
"O01337","all-season","casual",0.88,0.85,0.68,0.91,0.87,0.63,0.75,0.88,0.86,0,"neutral_dominant",0.8,0.9,0.89,0.81,"good","average"
"O01338","autumn","office",0.88,0.95,0.74,0.92,0.84,0.62,1,0.78,0.82,0,"mixed_harmonious",0.8,0.9,0.8,0.82,"good","good"
"O01339","summer","gym",0.88,0.95,0.35,0.94,0.84,0.44,0.09,0.55,0.9,0,"monochromatic",0.8,0.9,0.8,0.4,"average","bad"
"O01340","spring","office",1,0.95,0.54,1,0.84,0.36,0.75,0.93,0.92,0,"monochromatic",0.8,0.9,0.8,0.77,"good","bad"
"O01341","all-season","weekend",0.88,0.85,0.37,0.75,0.84,0.18,0.5,0.88,0.57,0,"mixed_harmonious",0.8,0.9,0.8,0.42,"average","bad"
"O01342","all-season","casual",1,0.85,0.56,0.91,0.84,0.44,0.75,0.88,0.86,0,"neutral_dominant",0.8,0.9,0.8,0.75,"good","good"
"O01343","summer","gym",0.88,0.95,0.29,0.94,0.84,0.44,0.09,0.25,0.9,0,"monochromatic",0.8,0.9,0.8,0.4,"average","good"
"O01344","summer","gym",0.88,1,0.65,1,0.84,0.52,0.75,0.92,0.92,0,"monochromatic",0.8,0.9,0.8,0.81,"good","average"
"O01345","autumn","office",1,0.6,0.7,0.98,0.84,0.74,0.75,0.78,0.9,0,"neutral_dominant",0.8,0.9,0.8,0.83,"good","average"
"O01346","winter","date",1,0.95,0.56,0.92,0.84,0.42,0.75,0.9,0.82,0,"mixed_harmonious",0.8,0.9,0.8,0.75,"good","average"
"O01347","all-season","office",0.88,0.85,0.6,0.93,0.84,0.43,0.75,0.93,0.88,0,"monochromatic",0.8,0.9,0.8,0.77,"good","average"
"O01348","summer","office",1,0.95,0.54,0.98,0.84,0.68,0.5,0.28,0.9,0,"neutral_dominant",0.8,0.9,0.8,0.76,"good","average"
"O01349","summer","gym",0.62,0.95,0.15,0.92,0.84,0.07,0.09,0.55,0.82,0,"mixed_harmonious",0.8,0.9,0.8,0.4,"average","average"
"O01350","summer","gym",0.88,0.95,0.58,0.95,0.84,0.52,0.5,0.92,0.82,0,"monochromatic",0.8,0.9,0.8,0.77,"good","bad"
"O01351","winter","office",1,0.6,0.67,1,0.84,0.69,0.75,0.78,0.92,0,"monochromatic",0.8,0.9,0.8,0.82,"good","average"
"O01352","spring","date",0.62,0.95,0.57,0.98,0.84,0.43,0.75,0.9,0.9,0,"neutral_dominant",0.8,0.9,0.8,0.77,"good","average"
"O01353","summer","date",1,0.95,0.11,1,0.84,0.05,0.09,0.32,0.92,0,"monochromatic",0.8,0.9,0.8,0.4,"average","average"
"O01354","summer","date",1,0.95,0.51,0.74,0.84,0.3,0.75,0.9,0.58,0,"complementary",0.8,0.9,0.8,0.68,"average","average"
"O01355","summer","date",1,0.8,0.23,0.67,0.84,0.07,0.28,0.68,0.57,0,"mixed_harmonious",0.8,0.9,0.8,0.4,"average","average"
"O01356","all-season","date",0.88,0.85,0.23,0.93,0.84,0.3,0.09,0.32,0.88,0,"monochromatic",0.8,0.9,0.8,0.4,"average","average"
"O01357","summer","date",1,0.95,0.4,0.92,0.84,0.06,0.75,0.9,0.82,0,"mixed_harmonious",0.8,0.9,0.8,0.4,"average","bad"
"O01358","autumn","gym",1,0.95,0.55,1,0.84,0.43,0.75,0.55,0.92,0,"monochromatic",0.8,0.9,0.8,0.77,"good","good"
"O01359","all-season","casual",0.88,0.85,0.39,0.74,0.84,0.24,0.5,0.88,0.55,0,"mixed_harmonious",0.8,0.9,0.8,0.42,"average","average"
"O01360","summer","gym",1,1,0.39,0.92,0.84,0.18,0.5,0.92,0.82,0,"mixed_harmonious",0.8,0.9,0.8,0.42,"average","average"
"O01361","summer","gym",0.88,0.95,0.45,1,0.84,0.46,0.18,0.92,0.92,0,"monochromatic",0.8,0.9,0.8,0.4,"average","average"
"O01362","summer","casual",1,0.95,0.64,0.94,0.84,0.46,1,0.88,0.9,0,"monochromatic",0.8,0.9,0.8,0.79,"good","bad"
"O01363","autumn","gym",0.88,0.95,0.53,0.81,0.84,0.42,0.75,0.55,0.59,0,"mixed_harmonious",0.8,0.9,0.8,0.71,"good","bad"
"O01364","all-season","office",0.88,0.85,0.52,0.74,0.84,0.48,0.5,0.78,0.55,0,"mixed_harmonious",0.8,0.9,0.79,0.68,"average","good"
"O01365","all-season","office",0.88,0.85,0.33,0.93,0.84,0.09,0.5,0.78,0.88,0,"monochromatic",0.8,0.9,0.79,0.4,"average","average"
"O01366","autumn","gym",1,0.95,0.71,0.92,0.84,0.62,1,0.55,0.84,0,"complementary",0.8,0.9,0.8,0.81,"good","bad"
"O01367","summer","gym",0.88,0.95,0.36,0.94,0.84,0.48,0.09,0.55,0.9,0,"monochromatic",0.8,0.9,0.8,0.4,"average","bad"
"O01368","all-season","weekend",1,0.85,0.4,0.93,0.84,0.09,0.75,0.88,0.88,0,"monochromatic",0.8,0.9,0.8,0.4,"average","bad"
"O01369","autumn","casual",1,0.95,0.17,1,0.84,0.07,0.09,0.62,0.92,0,"monochromatic",0.8,0.9,0.8,0.34,"bad","average"
"O01370","summer","casual",1,0.95,0.4,0.92,0.84,0.08,0.75,0.88,0.82,0,"mixed_harmonious",0.8,0.9,0.8,0.4,"average","average"
"O01371","autumn","office",1,0.95,0.54,1,0.84,0.68,0.5,0.28,0.92,0,"monochromatic",0.8,0.9,0.8,0.77,"good","average"
"O01372","all-season","date",0.88,0.85,0.3,0.92,0.84,0.44,0.09,0.32,0.87,0,"analogous",0.8,0.9,0.79,0.4,"average","good"
"O01373","summer","casual",1,0.95,0.39,0.93,0.84,0.06,0.75,0.88,0.89,0,"analogous",0.8,0.9,0.8,0.4,"average","good"
"O01374","summer","gym",0.88,0.95,0.27,0.92,0.84,0.33,0.09,0.55,0.82,0,"mixed_harmonious",0.8,0.9,0.8,0.4,"average","average"
"O01375","all-season","casual",0.88,0.85,0.5,0.84,0.87,0.39,0.5,0.88,0.75,0,"mixed_harmonious",0.8,0.9,0.89,0.71,"good","average"
"O01376","all-season","travel",0.88,0.85,0.35,0.74,0.84,0.09,0.5,0.88,0.55,0,"mixed_harmonious",0.8,0.9,0.79,0.4,"average","good"
"O01377","all-season","casual",0.88,0.85,0.29,0.93,0.84,0.3,0.09,0.62,0.88,0,"monochromatic",0.8,0.9,0.8,0.4,"average","good"
"O01378","autumn","casual",1,0.95,0.66,0.81,0.84,0.68,0.5,0.88,0.59,0,"mixed_harmonious",0.8,0.9,0.8,0.76,"good","average"
"O01379","all-season","date",0.88,0.85,0.43,0.84,0.84,0.09,0.75,0.9,0.75,0,"mixed_harmonious",0.8,0.9,0.8,0.4,"average","average"
"O01380","summer","casual",0.88,0.95,0.27,0.92,0.87,0.09,0.18,0.88,0.82,0,"mixed_harmonious",0.8,0.9,0.89,0.4,"average","bad"
"O01381","winter","gym",1,0.6,0.43,1,0.84,0.26,0.5,0.92,0.92,0,"monochromatic",0.8,0.9,0.8,0.42,"average","average"
"O01382","all-season","date",0.88,0.85,0.35,0.85,0.84,0.08,0.5,0.9,0.78,0,"mixed_harmonious",0.8,0.9,0.79,0.34,"bad","average"
"O01383","all-season","weekend",0.88,0.85,0.65,0.93,0.84,0.68,0.75,0.88,0.88,0,"monochromatic",0.8,0.9,0.79,0.79,"good","good"
"O01384","summer","event",1,0.8,0.44,1,0.84,0.42,0.75,0.3,0.92,0,"monochromatic",0.8,0.9,0.8,0.73,"good","good"
"O01385","all-season","casual",0.62,0.85,0.64,0.74,0.87,0.62,0.75,0.88,0.55,0,"mixed_harmonious",0.8,0.9,0.89,0.74,"good","average"
"O01386","summer","date",0.88,0.95,0.4,0.67,0.84,0.3,0.28,0.9,0.57,0,"mixed_harmonious",0.8,0.9,0.8,0.61,"average","average"
"O01387","spring","gym",1,0.95,0.55,1,0.84,0.44,0.75,0.55,0.92,0,"monochromatic",0.8,0.9,0.8,0.77,"good","bad"
"O01388","autumn","casual",1,0.6,0.58,0.92,0.84,0.44,0.75,0.88,0.82,0,"mixed_harmonious",0.8,0.9,0.8,0.76,"good","good"
"O01389","all-season","casual",0.88,0.85,0.39,0.93,0.84,0.24,0.5,0.88,0.88,0,"monochromatic",0.8,0.9,0.8,0.42,"average","bad"
"O01390","summer","gym",0.88,0.95,0.36,0.92,0.84,0.48,0.09,0.55,0.82,0,"mixed_harmonious",0.8,0.9,0.8,0.4,"average","good"
"O01391","all-season","event",0.88,0.85,0.4,0.85,0.84,0.28,0.75,0.3,0.78,0,"mixed_harmonious",0.8,0.9,0.8,0.42,"average","good"
"O01392","all-season","casual",0.88,0.85,0.16,0.78,0.84,0.06,0.09,0.62,0.63,0,"mixed_harmonious",0.8,0.9,0.8,0.4,"average","bad"
"O01393","winter","office",1,0.95,0.25,1,0.84,0.08,0.09,0.93,0.92,0,"monochromatic",0.8,0.9,0.8,0.34,"bad","bad"
"O01394","summer","casual",0.88,1,0.51,1,0.84,0.24,0.75,0.88,0.92,0,"monochromatic",0.8,0.9,0.8,0.42,"average","average"
"O01395","winter","office",1,0.95,0.57,0.91,0.84,0.42,0.75,0.93,0.79,0,"mixed_harmonious",0.8,0.9,0.8,0.75,"good","average"
"O01396","winter","gym",0.88,0.95,0.53,0.98,0.84,0.42,0.75,0.55,0.91,0,"analogous",0.8,0.9,0.8,0.76,"good","good"
"O01397","all-season","casual",0.88,0.85,0.6,0.74,0.84,0.46,0.75,0.88,0.58,0,"complementary",0.8,0.9,0.79,0.71,"good","average"
"O01398","autumn","casual",1,0.95,0.41,0.94,0.84,0.09,0.75,0.88,0.9,0,"monochromatic",0.8,0.9,0.8,0.4,"average","average"
"O01399","summer","casual",0.88,0.95,0.63,0.98,0.84,0.5,0.75,0.88,0.9,0,"neutral_dominant",0.8,0.9,0.8,0.8,"good","good"
"O01400","winter","office",1,0.95,0.26,0.98,0.84,0.17,0.5,0.28,0.9,0,"neutral_dominant",0.8,0.9,0.8,0.42,"average","average"
"O01401","summer","gym",0.88,0.95,0.58,0.82,0.84,0.52,0.5,0.92,0.82,0,"monochromatic",0.8,0.9,0.8,0.73,"good","average"
"O01402","summer","date",0.88,0.95,0.4,0.98,0.84,0.3,0.28,0.9,0.9,0,"neutral_dominant",0.8,0.9,0.8,0.71,"good","good"
"O01403","autumn","office",1,0.95,0.67,0.92,0.84,0.53,0.75,0.93,0.84,0,"complementary",0.8,0.9,0.8,0.8,"good","good"
"O01404","summer","casual",0.88,1,0.55,0.92,0.84,0.32,0.75,0.88,0.84,0,"complementary",0.8,0.9,0.8,0.75,"good","good"
"O01405","summer","date",0.88,0.95,0.38,0.94,0.84,0.33,0.28,0.9,0.9,0,"monochromatic",0.8,0.9,0.79,0.69,"average","average"
"O01406","all-season","date",0.88,0.85,0.35,0.93,0.84,0.08,0.5,0.9,0.88,0,"monochromatic",0.8,0.9,0.79,0.34,"bad","bad"
"O01407","summer","gym",0.88,0.95,0.18,1,0.84,0.09,0.09,0.55,0.92,0,"monochromatic",0.8,0.9,0.8,0.4,"average","average"
"O01408","all-season","gym",0.88,0.85,0.52,0.85,0.84,0.38,0.75,0.92,0.78,0,"mixed_harmonious",0.8,0.9,0.8,0.72,"good","bad"
"O01409","summer","gym",0.88,0.95,0.29,0.92,0.87,0.4,0.18,0.25,0.82,0,"mixed_harmonious",0.8,0.9,0.89,0.4,"average","good"
"O01410","all-season","date",0.88,0.85,0.29,0.85,0.84,0.09,0.28,0.9,0.78,0,"mixed_harmonious",0.8,0.9,0.79,0.34,"bad","average"
"O01411","all-season","office",1,0.85,0.7,0.78,0.84,0.62,0.75,0.93,0.63,0,"mixed_harmonious",0.8,0.9,0.8,0.77,"good","average"
"O01412","summer","date",1,0.95,0.52,0.81,0.84,0.33,0.75,0.9,0.62,0,"complementary",0.8,0.9,0.8,0.7,"good","average"
"O01413","summer","casual",1,0.8,0.51,0.74,0.84,0.46,0.41,0.88,0.58,0,"complementary",0.8,0.9,0.8,0.68,"average","average"
"O01414","all-season","casual",0.88,0.85,0.35,0.74,0.84,0.08,0.5,0.88,0.55,0,"mixed_harmonious",0.8,0.9,0.79,0.34,"bad","good"
"O01415","all-season","office",0.62,0.85,0.6,0.93,0.84,0.35,1,0.93,0.88,0,"monochromatic",0.8,0.9,0.8,0.77,"good","bad"
"O01416","winter","office",1,0.95,0.25,0.98,0.84,0.08,0.09,0.93,0.9,0,"neutral_dominant",0.8,0.9,0.8,0.34,"bad","average"
"O01417","all-season","office",0.88,0.85,0.62,0.93,0.84,0.55,0.75,0.78,0.88,0,"monochromatic",0.8,0.9,0.8,0.78,"good","average"
"O01418","all-season","casual",0.88,0.85,0.49,0.93,0.87,0.37,0.5,0.88,0.88,0,"monochromatic",0.8,0.9,0.89,0.74,"good","good"
"O01419","summer","casual",1,0.8,0.26,0.85,0.84,0.07,0.28,0.88,0.67,0,"mixed_harmonious",0.8,0.9,0.8,0.4,"average","bad"
"O01420","summer","casual",0.88,1,0.58,0.94,0.84,0.24,1,0.88,0.9,0,"monochromatic",0.8,0.9,0.79,0.42,"average","bad"
"O01421","spring","gym",1,0.95,0.55,0.81,0.84,0.44,0.75,0.55,0.59,0,"mixed_harmonious",0.8,0.9,0.8,0.72,"good","average"
"O01422","all-season","office",0.88,0.85,0.44,0.93,0.87,0.47,0.14,0.93,0.88,0,"monochromatic",0.8,0.9,0.89,0.72,"good","good"
"O01423","all-season","office",0.88,0.85,0.5,0.85,0.87,0.37,0.5,0.93,0.78,0,"mixed_harmonious",0.8,0.9,0.89,0.72,"good","average"
"O01424","summer","gym",1,0.95,0.38,1,0.84,0.38,0.28,0.55,0.92,0,"monochromatic",0.8,0.9,0.8,0.7,"good","good"
"O01425","summer","casual",1,0.95,0.44,0.94,0.84,0.08,0.75,0.88,0.9,0,"monochromatic",0.8,0.9,0.8,0.4,"average","good"
"O01426","summer","office",0.62,0.95,0.34,1,0.87,0.38,0.18,0.78,0.92,0,"monochromatic",0.8,0.9,0.89,0.4,"average","bad"
"O01427","all-season","date",0.88,0.85,0.35,0.85,0.84,0.08,0.5,0.9,0.78,0,"mixed_harmonious",0.8,0.9,0.79,0.34,"bad","average"
"O01428","summer","gym",0.88,0.95,0.17,1,0.84,0.08,0.09,0.55,0.92,0,"monochromatic",0.8,0.9,0.8,0.34,"bad","average"
"O01429","summer","casual",0.88,1,0.51,0.92,0.84,0.23,0.75,0.88,0.82,0,"mixed_harmonious",0.8,0.9,0.8,0.42,"average","average"
"O01430","autumn","gym",1,0.6,0.52,1,0.84,0.44,0.75,0.55,0.92,0,"monochromatic",0.8,0.9,0.8,0.76,"good","average"
"O01431","all-season","travel",0.88,0.85,0.35,0.71,0.84,0.08,0.5,0.88,0.5,0,"complementary",0.8,0.9,0.79,0.34,"bad","good"
"O01432","all-season","office",0.88,0.85,0.27,0.93,0.84,0.2,0.5,0.28,0.88,0,"monochromatic",0.8,0.9,0.8,0.42,"average","average"
"O01433","all-season","office",0.88,0.85,0.64,0.78,0.84,0.53,0.75,0.93,0.63,0,"mixed_harmonious",0.8,0.9,0.8,0.74,"good","average"
"O01434","autumn","office",1,0.95,0.71,0.94,0.84,0.62,0.75,0.93,0.81,0,"analogous",0.8,0.9,0.8,0.82,"good","good"
"O01435","all-season","casual",0.88,0.85,0.39,0.93,0.84,0.09,0.75,0.88,0.88,0,"monochromatic",0.8,0.9,0.8,0.4,"average","average"
"O01436","spring","gym",1,0.95,0.18,0.94,0.84,0.09,0.09,0.55,0.9,0,"monochromatic",0.8,0.9,0.8,0.4,"average","good"
"O01437","spring","casual",0.88,0.95,0.76,0.92,0.84,0.62,1,0.88,0.82,0,"mixed_harmonious",0.8,0.9,0.8,0.83,"good","average"
"O01438","winter","office",1,0.95,0.54,1,0.84,0.37,0.75,0.93,0.92,0,"monochromatic",0.8,0.9,0.8,0.77,"good","average"
"O01439","all-season","weekend",0.88,0.85,0.53,0.93,0.84,0.32,0.75,0.88,0.88,0,"monochromatic",0.8,0.9,0.8,0.74,"good","average"
"O01440","summer","casual",0.62,0.95,0.25,0.82,0.87,0.09,0.18,0.88,0.82,0,"monochromatic",0.8,0.9,0.89,0.4,"average","average"
"O01441","winter","casual",1,0.95,0.44,1,0.84,0.17,0.75,0.88,0.92,0,"monochromatic",0.8,0.9,0.8,0.42,"average","good"
"O01442","summer","office",1,1,0.27,0.75,0.84,0.18,0.5,0.28,0.57,0,"mixed_harmonious",0.8,0.9,0.8,0.42,"average","average"
"O01443","autumn","date",1,0.95,0.61,0.92,0.84,0.42,0.75,0.9,0.82,0,"mixed_harmonious",0.8,0.9,0.8,0.77,"good","average"
"O01444","spring","travel",1,0.95,0.54,1,0.84,0.28,0.75,0.88,0.92,0,"monochromatic",0.8,0.9,0.8,0.42,"average","bad"
"O01445","summer","gym",0.88,0.95,0.29,1,0.84,0.44,0.09,0.25,0.92,0,"monochromatic",0.8,0.9,0.8,0.4,"average","average"
"O01446","all-season","casual",0.88,0.85,0.32,0.85,0.84,0.07,0.5,0.88,0.78,0,"mixed_harmonious",0.8,0.9,0.79,0.34,"bad","good"
"O01447","summer","event",1,0.45,0.37,0.85,0.84,0.33,0.75,0.3,0.67,0,"mixed_harmonious",0.8,0.9,0.8,0.66,"average","average"
"O01448","all-season","travel",0.62,0.85,0.48,0.93,0.84,0.26,0.75,0.88,0.88,0,"monochromatic",0.8,0.9,0.8,0.4,"average","average"
"O01449","winter","office",1,0.95,0.51,1,0.84,0.29,0.75,0.93,0.92,0,"monochromatic",0.8,0.9,0.8,0.76,"good","average"
"O01450","autumn","casual",1,0.95,0.61,0.92,0.84,0.42,0.75,0.88,0.82,0,"mixed_harmonious",0.8,0.9,0.8,0.77,"good","good"
"O01451","autumn","date",0.62,0.95,0.57,1,0.84,0.42,0.75,0.9,0.92,0,"monochromatic",0.8,0.9,0.8,0.78,"good","bad"
"O01452","all-season","gym",0.88,0.85,0.37,0.93,0.87,0.37,0.5,0.25,0.88,0,"monochromatic",0.8,0.9,0.89,0.69,"average","average"
"O01453","autumn","casual",1,0.6,0.72,0.92,0.84,0.74,0.75,0.88,0.82,0,"mixed_harmonious",0.8,0.9,0.8,0.82,"good","average"
"O01454","summer","casual",1,0.95,0.52,0.92,0.84,0.19,1,0.88,0.82,0,"mixed_harmonious",0.8,0.9,0.8,0.42,"average","bad"
"O01455","all-season","office",0.88,0.85,0.65,0.85,0.87,0.54,0.75,0.93,0.78,0,"mixed_harmonious",0.8,0.9,0.89,0.78,"good","average"
"O01456","summer","gym",1,0.95,0.34,0.98,0.84,0.23,0.41,0.55,0.9,0,"neutral_dominant",0.8,0.9,0.8,0.42,"average","good"
"O01457","summer","office",1,1,0.6,0.92,0.84,0.44,0.75,0.78,0.82,0,"mixed_harmonious",0.8,0.9,0.8,0.77,"good","average"
"O01458","summer","gym",0.88,1,0.65,0.85,0.84,0.52,0.75,0.92,0.78,0,"mixed_harmonious",0.8,0.9,0.8,0.77,"good","good"
"O01459","all-season","office",0.62,0.85,0.62,0.74,0.87,0.54,0.75,0.93,0.55,0,"mixed_harmonious",0.8,0.9,0.89,0.73,"good","bad"
"O01460","all-season","weekend",0.88,0.85,0.65,0.93,0.84,0.68,0.75,0.88,0.88,0,"monochromatic",0.8,0.9,0.79,0.79,"good","average"
"O01461","all-season","casual",0.88,0.85,0.5,0.85,0.87,0.39,0.5,0.88,0.78,0,"mixed_harmonious",0.8,0.9,0.89,0.72,"good","average"
"O01462","summer","date",0.88,0.8,0.26,1,0.84,0.07,0.28,0.9,0.92,0,"monochromatic",0.8,0.9,0.8,0.4,"average","bad"
"O01463","all-season","office",0.88,0.85,0.34,0.93,0.84,0.3,0.09,0.93,0.88,0,"monochromatic",0.8,0.9,0.8,0.4,"average","average"
"O01464","all-season","date",1,0.85,0.13,0.93,0.84,0.08,0.09,0.32,0.88,0,"monochromatic",0.8,0.9,0.8,0.34,"bad","average"
"O01465","summer","date",1,0.8,0.27,0.94,0.84,0.07,0.28,0.9,0.9,0,"monochromatic",0.8,0.9,0.8,0.4,"average","average"
"O01466","spring","gym",1,0.8,0.28,0.94,0.84,0.2,0.28,0.55,0.9,0,"monochromatic",0.8,0.9,0.8,0.42,"average","good"
"O01467","all-season","office",0.88,0.85,0.61,0.85,0.84,0.52,0.75,0.78,0.78,0,"mixed_harmonious",0.8,0.9,0.79,0.75,"good","average"
"O01468","winter","travel",1,0.95,0.53,1,0.84,0.42,0.75,0.72,0.92,0,"monochromatic",0.8,0.9,0.8,0.76,"good","average"
"O01469","autumn","gym",1,0.95,0.59,0.92,0.84,0.53,0.75,0.55,0.82,0,"mixed_harmonious",0.8,0.9,0.8,0.76,"good","good"
"O01470","summer","office",1,1,0.51,1,0.84,0.29,0.75,0.93,0.92,0,"monochromatic",0.8,0.9,0.8,0.76,"good","average"
"O01471","all-season","gym",0.88,0.85,0.37,0.93,0.87,0.37,0.5,0.25,0.88,0,"monochromatic",0.8,0.9,0.89,0.69,"average","average"
"O01472","all-season","gym",0.88,0.85,0.62,0.74,0.84,0.49,1,0.55,0.55,0,"mixed_harmonious",0.8,0.9,0.8,0.72,"good","bad"
"O01473","spring","casual",0.88,0.95,0.52,0.98,0.84,0.36,0.75,0.88,0.9,0,"neutral_dominant",0.8,0.9,0.8,0.75,"good","bad"
"O01474","winter","casual",1,0.95,0.37,0.91,0.84,0.17,0.5,0.88,0.79,0,"mixed_harmonious",0.8,0.9,0.8,0.42,"average","average"
"O01475","summer","casual",1,0.95,0.44,0.92,0.84,0.08,0.75,0.88,0.82,0,"mixed_harmonious",0.8,0.9,0.8,0.4,"average","good"
"O01476","all-season","office",1,0.85,0.62,0.93,0.84,0.46,0.75,0.93,0.88,0,"monochromatic",0.8,0.9,0.8,0.78,"good","bad"
"O01477","summer","casual",1,1,0.5,1,0.84,0.29,0.75,0.88,0.92,0,"monochromatic",0.8,0.9,0.8,0.75,"good","average"
"O01478","summer","gym",0.88,0.95,0.41,0.94,0.84,0.44,0.18,0.92,0.9,0,"monochromatic",0.8,0.9,0.8,0.4,"average","average"
"O01479","summer","office",0.88,0.95,0.34,1,0.84,0.23,0.28,0.78,0.92,0,"monochromatic",0.8,0.9,0.8,0.42,"average","bad"
"O01480","summer","travel",1,0.95,0.4,1,0.84,0.08,0.75,0.88,0.92,0,"monochromatic",0.8,0.9,0.8,0.4,"average","good"
"O01481","spring","travel",1,0.95,0.51,1,0.84,0.23,0.75,0.88,0.92,0,"monochromatic",0.8,0.9,0.8,0.42,"average","average"
"O01482","all-season","casual",0.88,0.85,0.49,0.93,0.84,0.31,0.75,0.88,0.88,0,"monochromatic",0.8,0.9,0.8,0.73,"good","good"
"O01483","all-season","casual",0.88,0.85,0.19,0.93,0.84,0.09,0.09,0.62,0.88,0,"monochromatic",0.8,0.9,0.79,0.4,"average","average"
"O01484","summer","gym",0.62,0.95,0.5,0.94,0.84,0.42,0.5,0.92,0.9,0,"monochromatic",0.8,0.9,0.8,0.73,"good","average"
"O01485","autumn","casual",1,0.6,0.5,0.94,0.84,0.28,0.75,0.88,0.9,0,"monochromatic",0.8,0.9,0.8,0.42,"average","average"
"O01486","all-season","casual",0.88,0.85,0.58,0.84,0.84,0.42,0.75,0.88,0.75,0,"mixed_harmonious",0.8,0.9,0.79,0.74,"good","average"
"O01487","summer","weekend",1,0.95,0.5,0.98,0.84,0.3,0.75,0.88,0.9,0,"neutral_dominant",0.8,0.9,0.8,0.75,"good","average"
"O01488","all-season","office",0.88,0.85,0.52,0.93,0.84,0.48,0.5,0.78,0.88,0,"monochromatic",0.8,0.9,0.79,0.74,"good","bad"
"O01489","all-season","casual",0.88,0.85,0.5,0.93,0.84,0.26,0.75,0.88,0.88,0,"monochromatic",0.8,0.9,0.8,0.42,"average","average"
"O01490","all-season","casual",0.88,0.85,0.43,0.74,0.87,0.1,0.75,0.88,0.55,0,"mixed_harmonious",0.8,0.9,0.89,0.4,"average","good"
"O01491","all-season","casual",0.88,0.85,0.49,0.85,0.84,0.31,0.75,0.88,0.78,0,"mixed_harmonious",0.8,0.9,0.8,0.7,"good","average"
"O01492","winter","casual",1,0.95,0.53,1,0.84,0.37,0.75,0.88,0.92,0,"monochromatic",0.8,0.9,0.8,0.76,"good","average"
"O01493","summer","date",0.88,0.95,0.38,0.91,0.84,0.33,0.28,0.9,0.79,0,"mixed_harmonious",0.8,0.9,0.79,0.68,"average","good"
"O01494","autumn","casual",1,0.95,0.66,1,0.84,0.53,0.75,0.88,0.92,0,"monochromatic",0.8,0.9,0.8,0.82,"good","average"
"O01495","summer","office",0.88,0.95,0.36,0.92,0.84,0.33,0.28,0.78,0.82,0,"mixed_harmonious",0.8,0.9,0.79,0.67,"average","bad"
"O01496","all-season","event",0.88,0.85,0.39,0.93,0.84,0.26,0.75,0.3,0.88,0,"monochromatic",0.8,0.9,0.8,0.42,"average","average"
"O01497","all-season","casual",0.88,0.85,0.57,0.72,0.84,0.24,1,0.88,0.54,0,"triadic",0.8,0.9,0.8,0.42,"average","bad"
"O01498","all-season","date",0.88,0.85,0.47,0.93,0.84,0.18,0.75,0.9,0.88,0,"monochromatic",0.8,0.9,0.8,0.42,"average","average"
"O01499","autumn","date",1,0.95,0.61,0.94,0.84,0.43,0.75,0.9,0.9,0,"monochromatic",0.8,0.9,0.8,0.78,"good","good"
"O01500","summer","date",1,0.95,0.52,0.92,0.84,0.33,0.75,0.9,0.82,0,"mixed_harmonious",0.8,0.9,0.8,0.74,"good","average"
"O01501","all-season","casual",0.88,0.85,0.63,0.93,0.84,0.53,0.75,0.88,0.88,0,"monochromatic",0.8,0.9,0.8,0.78,"good","good"
"O01502","all-season","date",1,0.85,0.52,0.92,0.84,0.44,0.75,0.68,0.87,0,"analogous",0.8,0.9,0.8,0.74,"good","average"
"O01503","winter","casual",0.88,0.95,0.75,0.92,0.84,0.6,1,0.88,0.82,0,"mixed_harmonious",0.8,0.9,0.8,0.83,"good","average"
"O01504","all-season","date",1,0.85,0.56,0.85,0.84,0.44,0.75,0.9,0.78,0,"mixed_harmonious",0.8,0.9,0.8,0.73,"good","average"
"O01505","all-season","office",0.88,0.85,0.42,0.93,0.84,0.2,0.75,0.78,0.88,0,"monochromatic",0.8,0.9,0.79,0.42,"average","bad"
"O01506","summer","gym",1,0.8,0.55,0.85,0.84,0.42,0.75,0.92,0.67,0,"mixed_harmonious",0.8,0.9,0.8,0.73,"good","bad"
"O01507","all-season","casual",1,0.85,0.61,0.74,0.84,0.46,0.75,0.88,0.58,0,"complementary",0.8,0.9,0.8,0.72,"good","good"
"O01508","spring","office",1,0.8,0.52,0.8,0.84,0.42,0.75,0.78,0.6,0,"complementary",0.8,0.9,0.8,0.7,"good","bad"
"O01509","summer","weekend",1,0.53,0.59,0.94,0.84,0.48,0.75,0.88,0.9,0,"monochromatic",0.8,0.9,0.8,0.77,"good","good"
"O01510","winter","gym",1,0.95,0.5,0.77,0.84,0.42,0.75,0.55,0.54,0,"complementary",0.8,0.9,0.8,0.68,"average","average"
"O01511","summer","gym",0.88,1,0.38,0.92,0.84,0.18,0.5,0.92,0.84,0,"complementary",0.8,0.9,0.8,0.42,"average","bad"
"O01512","summer","casual",1,0.95,0.61,1,0.84,0.42,0.75,0.88,0.92,0,"monochromatic",0.8,0.9,0.8,0.8,"good","average"
"O01513","winter","date",1,0.95,0.44,1,0.84,0.09,0.75,0.9,0.92,0,"monochromatic",0.8,0.9,0.8,0.4,"average","average"
"O01514","all-season","gym",0.62,0.85,0.58,0.85,0.84,0.62,0.75,0.55,0.78,0,"mixed_harmonious",0.8,0.9,0.8,0.74,"good","average"
"O01515","all-season","weekend",1,0.85,0.57,0.93,0.84,0.38,0.75,0.88,0.88,0,"monochromatic",0.8,0.9,0.8,0.76,"good","good"
"O01516","all-season","weekend",1,0.85,0.69,0.91,0.84,0.62,0.75,0.88,0.86,0,"neutral_dominant",0.8,0.9,0.8,0.8,"good","bad"
"O01517","summer","gym",1,0.8,0.2,1,0.84,0.07,0.28,0.55,0.92,0,"monochromatic",0.8,0.9,0.8,0.4,"average","average"
"O01518","all-season","date",0.88,0.85,0.35,0.93,0.84,0.08,0.5,0.9,0.88,0,"monochromatic",0.8,0.9,0.79,0.34,"bad","average"
"O01519","all-season","gym",1,0.85,0.41,0.84,0.84,0.09,0.75,0.92,0.75,0,"mixed_harmonious",0.8,0.9,0.8,0.4,"average","average"
"O01520","summer","casual",1,0.45,0.32,0.92,0.84,0.17,0.41,0.88,0.84,0,"complementary",0.8,0.9,0.8,0.42,"average","bad"
"O01521","summer","gym",0.88,0.95,0.45,0.92,0.84,0.46,0.18,0.92,0.84,0,"complementary",0.8,0.9,0.8,0.4,"average","average"
"O01522","winter","casual",1,0.95,0.44,0.98,0.84,0.17,0.75,0.88,0.91,0,"analogous",0.8,0.9,0.8,0.42,"average","good"
"O01523","all-season","date",0.88,0.85,0.32,0.91,0.84,0.07,0.5,0.9,0.86,0,"neutral_dominant",0.8,0.9,0.79,0.34,"bad","average"
"O01524","summer","date",1,0.45,0.27,0.94,0.84,0.08,0.28,0.9,0.9,0,"monochromatic",0.8,0.9,0.8,0.4,"average","good"
"O01525","autumn","office",0.88,0.95,0.41,1,0.84,0.09,0.75,0.93,0.92,0,"monochromatic",0.8,0.9,0.8,0.4,"average","average"
"O01526","spring","casual",1,0.95,0.66,1,0.84,0.68,0.5,0.88,0.92,0,"monochromatic",0.8,0.9,0.8,0.82,"good","bad"
"O01527","spring","office",1,0.95,0.79,0.91,0.84,0.63,1,0.93,0.79,0,"mixed_harmonious",0.8,0.9,0.8,0.84,"good","bad"
"O01528","autumn","casual",1,0.95,0.78,0.81,0.84,0.62,1,0.88,0.59,0,"mixed_harmonious",0.8,0.9,0.8,0.81,"good","average"
"O01529","summer","office",1,0.95,0.69,0.85,0.84,0.57,0.75,0.93,0.78,0,"mixed_harmonious",0.8,0.9,0.8,0.78,"good","average"
"O01530","summer","weekend",1,0.88,0.51,1,0.84,0.24,0.75,0.88,0.92,0,"monochromatic",0.8,0.9,0.8,0.42,"average","average"
"O01531","all-season","casual",1,0.85,0.61,0.92,0.84,0.46,0.75,0.88,0.87,0,"analogous",0.8,0.9,0.8,0.77,"good","average"
"O01532","all-season","gym",0.88,0.85,0.13,0.93,0.87,0.09,0.14,0.25,0.88,0,"monochromatic",0.8,0.9,0.89,0.4,"average","average"
"O01533","summer","casual",1,0.95,0.35,0.67,0.84,0.17,0.41,0.88,0.57,0,"mixed_harmonious",0.8,0.9,0.8,0.42,"average","bad"
"O01534","summer","gym",1,0.95,0.57,0.85,0.84,0.49,0.75,0.55,0.78,0,"mixed_harmonious",0.8,0.9,0.8,0.74,"good","average"
"O01535","autumn","gym",1,0.95,0.54,0.85,0.84,0.36,0.75,0.92,0.67,0,"mixed_harmonious",0.8,0.9,0.8,0.72,"good","average"
"O01536","all-season","date",0.88,0.85,0.6,0.91,0.84,0.68,0.75,0.32,0.86,0,"neutral_dominant",0.8,0.9,0.79,0.77,"good","average"
"O01537","all-season","date",0.88,0.85,0.5,0.93,0.87,0.39,0.5,0.9,0.88,0,"monochromatic",0.8,0.9,0.89,0.74,"good","good"
"O01538","summer","casual",1,0.95,0.44,0.92,0.84,0.08,0.75,0.88,0.82,0,"mixed_harmonious",0.8,0.9,0.8,0.4,"average","average"
"O01539","autumn","casual",1,0.95,0.61,1,0.84,0.42,0.75,0.88,0.92,0,"monochromatic",0.8,0.9,0.8,0.8,"good","average"
"O01540","summer","date",1,0.95,0.4,0.91,0.84,0.06,0.75,0.9,0.79,0,"mixed_harmonious",0.8,0.9,0.8,0.4,"average","good"
"O01541","autumn","gym",1,0.95,0.56,1,0.84,0.46,0.5,0.92,0.92,0,"monochromatic",0.8,0.9,0.8,0.78,"good","bad"
"O01542","winter","casual",1,0.95,0.66,0.78,0.84,0.68,0.5,0.88,0.63,0,"mixed_harmonious",0.8,0.9,0.8,0.75,"good","bad"
"O01543","summer","casual",0.88,0.95,0.39,0.85,0.84,0.21,0.41,0.88,0.78,0,"mixed_harmonious",0.8,0.9,0.8,0.42,"average","average"
"O01544","summer","gym",0.88,0.95,0.15,0.98,0.84,0.07,0.09,0.55,0.9,0,"neutral_dominant",0.8,0.9,0.8,0.4,"average","average"
"O01545","spring","date",1,0.95,0.12,0.85,0.84,0.07,0.09,0.32,0.67,0,"mixed_harmonious",0.8,0.9,0.8,0.34,"bad","average"
"O01546","all-season","casual",0.88,0.85,0.5,0.93,0.87,0.39,0.5,0.88,0.88,0,"monochromatic",0.8,0.9,0.89,0.74,"good","good"
"O01547","all-season","casual",0.62,0.85,0.67,0.91,0.84,0.68,0.75,0.88,0.86,0,"neutral_dominant",0.8,0.9,0.79,0.79,"good","average"
"O01548","all-season","gym",0.88,0.85,0.5,0.93,0.87,0.5,0.75,0.25,0.88,0,"monochromatic",0.8,0.9,0.89,0.74,"good","average"
"O01549","spring","office",1,0.95,0.3,0.98,0.84,0.24,0.5,0.28,0.9,0,"neutral_dominant",0.8,0.9,0.8,0.42,"average","good"
"O01550","spring","gym",0.62,0.95,0.55,0.92,0.84,0.53,0.75,0.55,0.82,0,"mixed_harmonious",0.8,0.9,0.8,0.75,"good","average"
"O01551","all-season","date",0.88,0.85,0.3,0.93,0.84,0.44,0.09,0.32,0.88,0,"monochromatic",0.8,0.9,0.79,0.4,"average","average"
"O01552","all-season","date",0.88,0.85,0.43,0.93,0.84,0.09,0.75,0.9,0.88,0,"monochromatic",0.8,0.9,0.8,0.4,"average","average"
"O01553","all-season","casual",0.88,0.85,0.58,0.91,0.84,0.26,1,0.88,0.86,0,"neutral_dominant",0.8,0.9,0.8,0.42,"average","average"
"O01554","all-season","date",0.88,0.85,0.3,0.93,0.84,0.44,0.09,0.32,0.88,0,"monochromatic",0.8,0.9,0.79,0.4,"average","average"
"O01555","summer","gym",0.88,0.95,0.18,0.92,0.84,0.09,0.09,0.55,0.82,0,"mixed_harmonious",0.8,0.9,0.8,0.4,"average","good"
"O01556","summer","casual",1,1,0.62,0.94,0.84,0.44,0.75,0.88,0.9,0,"monochromatic",0.8,0.9,0.8,0.78,"good","average"
"O01557","summer","date",0.88,0.95,0.36,0.92,0.84,0.23,0.28,0.9,0.82,0,"mixed_harmonious",0.8,0.9,0.8,0.4,"average","bad"
"O01558","spring","gym",0.88,0.95,0.6,0.88,0.84,0.42,0.75,0.92,0.78,0,"monochromatic",0.8,0.9,0.8,0.76,"good","average"
"O01559","summer","casual",0.88,1,0.51,0.92,0.84,0.24,0.75,0.88,0.82,0,"mixed_harmonious",0.8,0.9,0.8,0.42,"average","good"
"O01560","all-season","office",1,0.85,0.58,0.72,0.84,0.38,0.75,0.93,0.54,0,"triadic",0.8,0.9,0.8,0.7,"good","good"
"O01561","spring","date",0.88,0.95,0.4,1,0.84,0.09,0.75,0.9,0.92,0,"monochromatic",0.8,0.9,0.8,0.4,"average","average"
"O01562","all-season","casual",0.88,0.85,0.63,0.85,0.84,0.52,0.75,0.88,0.78,0,"mixed_harmonious",0.8,0.9,0.79,0.76,"good","average"
"O01563","all-season","casual",1,0.85,0.56,0.84,0.84,0.44,0.75,0.88,0.75,0,"mixed_harmonious",0.8,0.9,0.8,0.73,"good","average"
"O01564","all-season","casual",0.88,0.85,0.52,0.93,0.84,0.28,0.75,0.88,0.88,0,"monochromatic",0.8,0.9,0.8,0.42,"average","average"
"O01565","summer","gym",0.88,1,0.38,0.94,0.84,0.18,0.5,0.92,0.9,0,"monochromatic",0.8,0.9,0.8,0.42,"average","average"
"O01566","summer","gym",1,0.95,0.44,1,0.84,0.3,0.75,0.55,0.92,0,"monochromatic",0.8,0.9,0.8,0.73,"good","average"
"O01567","spring","office",1,0.95,0.71,0.98,0.84,0.62,0.75,0.93,0.91,0,"analogous",0.8,0.9,0.8,0.83,"good","average"
"O01568","all-season","office",0.88,0.85,0.62,0.85,0.84,0.55,0.75,0.78,0.8,0,"complementary",0.8,0.9,0.8,0.76,"good","bad"
"O01569","all-season","casual",0.88,0.85,0.54,0.93,0.84,0.48,0.5,0.88,0.88,0,"monochromatic",0.8,0.9,0.79,0.75,"good","average"
"O01570","winter","date",1,0.95,0.56,0.91,0.84,0.42,0.75,0.9,0.79,0,"mixed_harmonious",0.8,0.9,0.8,0.75,"good","average"
"O01571","spring","date",1,0.95,0.61,0.81,0.84,0.43,0.75,0.9,0.59,0,"mixed_harmonious",0.8,0.9,0.8,0.74,"good","average"
"O01572","all-season","date",0.88,0.85,0.43,0.85,0.84,0.09,0.75,0.9,0.78,0,"mixed_harmonious",0.8,0.9,0.8,0.4,"average","average"
"O01573","all-season","office",1,0.85,0.6,0.85,0.84,0.42,0.75,0.93,0.78,0,"mixed_harmonious",0.8,0.9,0.8,0.75,"good","average"
"O01574","all-season","date",1,0.85,0.56,0.92,0.84,0.44,0.75,0.9,0.87,0,"analogous",0.8,0.9,0.8,0.75,"good","bad"
"O01575","summer","gym",0.88,0.95,0.36,0.82,0.84,0.48,0.09,0.55,0.82,0,"monochromatic",0.8,0.9,0.8,0.4,"average","good"
"O01576","summer","date",1,0.95,0.3,1,0.84,0.08,0.28,0.9,0.92,0,"monochromatic",0.8,0.9,0.8,0.4,"average","average"
"O01577","summer","gym",1,0.8,0.2,0.85,0.84,0.07,0.28,0.55,0.78,0,"mixed_harmonious",0.8,0.9,0.8,0.4,"average","average"
"O01578","summer","casual",1,0.95,0.64,0.82,0.84,0.46,1,0.88,0.82,0,"monochromatic",0.8,0.9,0.8,0.75,"good","average"
"O01579","summer","date",0.88,0.95,0.27,0.81,0.87,0.09,0.18,0.9,0.59,0,"mixed_harmonious",0.8,0.9,0.89,0.4,"average","good"
"O01580","all-season","office",0.88,0.85,0.29,0.85,0.84,0.18,0.28,0.78,0.78,0,"mixed_harmonious",0.8,0.9,0.79,0.42,"average","average"
"O01581","spring","gym",1,0.95,0.54,0.78,0.84,0.42,0.75,0.55,0.51,0,"mixed_harmonious",0.8,0.9,0.8,0.7,"good","average"
"O01582","all-season","office",0.88,0.85,0.45,0.78,0.87,0.36,0.5,0.93,0.63,0,"mixed_harmonious",0.8,0.9,0.89,0.68,"average","bad"
"O01583","all-season","gym",0.62,0.85,0.53,0.85,0.84,0.35,1,0.55,0.78,0,"mixed_harmonious",0.8,0.9,0.8,0.72,"good","average"
"O01584","all-season","office",0.88,0.85,0.42,0.91,0.87,0.2,0.5,0.93,0.86,0,"neutral_dominant",0.8,0.9,0.89,0.42,"average","average"
"O01585","all-season","casual",0.88,0.85,0.54,0.85,0.84,0.48,0.5,0.88,0.78,0,"mixed_harmonious",0.8,0.9,0.79,0.72,"good","good"
"O01586","all-season","gym",1,0.85,0.5,0.93,0.84,0.44,0.75,0.55,0.88,0,"monochromatic",0.8,0.9,0.8,0.73,"good","good"
"O01587","all-season","gym",1,0.85,0.54,0.85,0.84,0.44,0.75,0.55,0.78,0,"mixed_harmonious",0.8,0.9,0.8,0.72,"good","good"
"O01588","all-season","date",1,0.85,0.56,0.72,0.84,0.44,0.75,0.9,0.54,0,"triadic",0.8,0.9,0.8,0.69,"average","average"
"O01589","autumn","gym",1,0.95,0.54,0.92,0.84,0.42,0.75,0.55,0.82,0,"mixed_harmonious",0.8,0.9,0.8,0.74,"good","bad"
"O01590","all-season","gym",0.88,0.85,0.37,0.85,0.84,0.18,0.75,0.55,0.78,0,"mixed_harmonious",0.8,0.9,0.79,0.42,"average","bad"
"O01591","spring","casual",1,0.95,0.7,0.92,0.84,0.62,0.75,0.88,0.82,0,"mixed_harmonious",0.8,0.9,0.8,0.81,"good","average"
"O01592","all-season","casual",0.88,0.85,0.49,0.85,0.87,0.37,0.5,0.88,0.78,0,"mixed_harmonious",0.8,0.9,0.89,0.71,"good","bad"
"O01593","all-season","date",0.88,0.85,0.13,0.85,0.84,0.09,0.09,0.32,0.78,0,"mixed_harmonious",0.8,0.9,0.8,0.34,"bad","bad"
"O01594","summer","date",0.88,0.95,0.5,0.82,0.84,0.3,0.75,0.9,0.82,0,"monochromatic",0.8,0.9,0.8,0.7,"average","good"
"O01595","all-season","casual",0.88,0.85,0.54,0.93,0.84,0.48,0.5,0.88,0.88,0,"monochromatic",0.8,0.9,0.79,0.75,"good","bad"
"O01596","autumn","casual",1,0.95,0.78,1,0.84,0.63,1,0.88,0.92,0,"monochromatic",0.8,0.9,0.8,0.86,"good","average"
"O01597","autumn","casual",1,0.95,0.61,0.94,0.84,0.43,0.75,0.88,0.9,0,"monochromatic",0.8,0.9,0.8,0.78,"good","average"
"O01598","all-season","casual",0.88,0.85,0.63,0.85,0.84,0.52,0.75,0.88,0.78,0,"mixed_harmonious",0.8,0.9,0.79,0.76,"good","average"
"O01599","all-season","casual",1,0.85,0.56,0.85,0.84,0.44,0.75,0.88,0.78,0,"mixed_harmonious",0.8,0.9,0.8,0.73,"good","good"
"O01600","winter","date",1,0.95,0.13,0.81,0.84,0.08,0.09,0.32,0.59,0,"mixed_harmonious",0.8,0.9,0.8,0.34,"bad","average"
"O01601","summer","date",1,0.95,0.11,0.92,0.84,0.05,0.09,0.32,0.82,0,"mixed_harmonious",0.8,0.9,0.8,0.4,"average","average"
"O01602","all-season","date",0.88,0.85,0.3,0.93,0.84,0.44,0.09,0.32,0.88,0,"monochromatic",0.8,0.9,0.79,0.4,"average","bad"
"O01603","autumn","office",1,0.6,0.59,0.92,0.84,0.44,0.75,0.93,0.82,0,"mixed_harmonious",0.8,0.9,0.8,0.76,"good","average"
"O01604","spring","casual",1,0.95,0.19,0.79,0.84,0.09,0.09,0.62,0.65,0,"mixed_harmonious",0.8,0.9,0.8,0.4,"average","average"
"O01605","autumn","casual",1,0.95,0.61,1,0.84,0.43,0.75,0.88,0.92,0,"monochromatic",0.8,0.9,0.8,0.8,"good","average"
"O01606","all-season","casual",1,0.85,0.72,0.88,0.84,0.67,0.75,0.88,0.78,0,"monochromatic",0.8,0.9,0.8,0.8,"good","bad"
"O01607","autumn","gym",1,0.95,0.55,0.92,0.84,0.43,0.75,0.55,0.82,0,"mixed_harmonious",0.8,0.9,0.8,0.75,"good","bad"
"O01608","summer","office",1,0.95,0.53,0.85,0.84,0.33,0.75,0.93,0.78,0,"mixed_harmonious",0.8,0.9,0.8,0.72,"good","average"
"O01609","autumn","office",1,0.95,0.62,1,0.84,0.43,0.75,0.93,0.92,0,"monochromatic",0.8,0.9,0.8,0.8,"good","average"
"O01610","all-season","casual",0.88,0.85,0.52,0.83,0.84,0.28,0.75,0.88,0.69,0,"analogous",0.8,0.9,0.8,0.42,"average","good"
"O01611","summer","date",1,0.95,0.3,1,0.84,0.08,0.28,0.9,0.92,0,"monochromatic",0.8,0.9,0.8,0.4,"average","good"
"O01612","autumn","casual",1,0.95,0.66,1,0.84,0.68,0.5,0.88,0.92,0,"monochromatic",0.8,0.9,0.8,0.82,"good","bad"
"O01613","all-season","gym",0.62,0.85,0.38,0.93,0.84,0.09,0.75,0.92,0.88,0,"monochromatic",0.8,0.9,0.8,0.4,"average","bad"
"O01614","summer","casual",1,0.95,0.16,1,0.84,0.05,0.09,0.62,0.92,0,"monochromatic",0.8,0.9,0.8,0.4,"average","average"
"O01615","summer","gym",0.88,0.95,0.27,0.93,0.84,0.33,0.09,0.55,0.89,0,"analogous",0.8,0.9,0.8,0.4,"average","good"
"O01616","autumn","casual",1,0.6,0.38,1,0.84,0.24,0.5,0.88,0.92,0,"monochromatic",0.8,0.9,0.8,0.42,"average","average"
"O01617","summer","gym",1,0.95,0.34,1,0.84,0.07,0.5,0.92,0.92,0,"monochromatic",0.8,0.9,0.8,0.4,"average","average"
"O01618","all-season","casual",1,0.85,0.69,0.93,0.84,0.62,0.75,0.88,0.88,0,"monochromatic",0.8,0.9,0.8,0.81,"good","average"
"O01619","summer","date",1,0.95,0.4,0.92,0.84,0.06,0.75,0.9,0.82,0,"mixed_harmonious",0.8,0.9,0.8,0.4,"average","bad"
"O01620","all-season","casual",0.88,0.85,0.6,0.85,0.87,0.46,0.75,0.88,0.78,0,"mixed_harmonious",0.8,0.9,0.89,0.76,"good","average"
"O01621","spring","casual",1,0.95,0.76,0.98,0.84,0.74,0.75,0.88,0.91,0,"analogous",0.8,0.9,0.8,0.85,"good","average"
"O01622","autumn","office",1,0.95,0.62,1,0.84,0.42,0.75,0.93,0.92,0,"monochromatic",0.8,0.9,0.8,0.8,"good","average"
"O01623","all-season","casual",1,0.85,0.65,0.85,0.84,0.68,0.5,0.88,0.78,0,"mixed_harmonious",0.8,0.9,0.8,0.77,"good","average"
"O01624","all-season","gym",0.88,0.85,0.5,0.93,0.84,0.38,0.75,0.55,0.88,0,"monochromatic",0.8,0.9,0.8,0.73,"good","good"
"O01625","summer","gym",0.88,0.95,0.11,0.92,0.84,0.08,0.09,0.25,0.82,0,"mixed_harmonious",0.8,0.9,0.8,0.34,"bad","bad"
"O01626","winter","office",1,0.95,0.49,0.79,0.84,0.32,0.75,0.78,0.58,0,"triadic",0.8,0.9,0.8,0.69,"average","good"
"O01627","all-season","casual",0.88,0.85,0.53,0.93,0.84,0.32,0.75,0.88,0.88,0,"monochromatic",0.8,0.9,0.8,0.74,"good","good"
"O01628","all-season","weekend",0.88,0.85,0.24,0.93,0.87,0.21,0.14,0.62,0.88,0,"monochromatic",0.8,0.9,0.89,0.42,"average","average"
"O01629","summer","casual",1,0.95,0.33,1,0.84,0.07,0.5,0.88,0.92,0,"monochromatic",0.8,0.9,0.8,0.4,"average","good"
"O01630","all-season","travel",0.88,0.85,0.56,0.92,0.84,0.43,0.75,0.72,0.87,0,"analogous",0.8,0.9,0.8,0.75,"good","average"
"O01631","all-season","casual",0.88,0.85,0.43,0.93,0.84,0.18,0.75,0.88,0.88,0,"monochromatic",0.8,0.9,0.79,0.42,"average","average"
"O01632","summer","office",1,0.95,0.65,0.74,0.84,0.49,0.75,0.93,0.58,0,"complementary",0.8,0.9,0.8,0.73,"good","average"
"O01633","winter","gym",1,0.95,0.47,1,0.84,0.37,0.75,0.55,0.92,0,"monochromatic",0.8,0.9,0.8,0.74,"good","bad"
"O01634","summer","office",1,0.45,0.3,1,0.84,0.17,0.41,0.78,0.92,0,"monochromatic",0.8,0.9,0.8,0.42,"average","good"
"O01635","summer","gym",0.88,0.95,0.1,0.94,0.84,0.07,0.09,0.25,0.9,0,"monochromatic",0.8,0.9,0.8,0.34,"bad","average"
"O01636","autumn","event",1,0.95,0.73,0.85,0.84,0.63,1,0.6,0.67,0,"mixed_harmonious",0.8,0.9,0.8,0.8,"good","average"
"O01637","spring","office",1,0.95,0.23,1,0.84,0.07,0.09,0.93,0.92,0,"monochromatic",0.8,0.9,0.8,0.34,"bad","average"
"O01638","summer","date",1,0.95,0.3,0.85,0.84,0.08,0.28,0.9,0.78,0,"mixed_harmonious",0.8,0.9,0.8,0.4,"average","average"
"O01639","all-season","gym",0.88,0.85,0.52,0.85,0.84,0.43,0.75,0.55,0.8,0,"complementary",0.8,0.9,0.8,0.72,"good","bad"
"O01640","summer","gym",1,0.95,0.44,0.94,0.84,0.08,0.75,0.92,0.9,0,"monochromatic",0.8,0.9,0.8,0.4,"average","average"
"O01641","summer","casual",0.88,1,0.31,0.94,0.87,0.18,0.18,0.88,0.9,0,"monochromatic",0.8,0.9,0.89,0.42,"average","average"
"O01642","autumn","casual",1,0.6,0.72,1,0.84,0.74,0.75,0.88,0.92,0,"monochromatic",0.8,0.9,0.8,0.84,"good","bad"
"O01643","summer","event",0.88,0.95,0.59,0.85,0.84,0.5,1,0.3,0.67,0,"mixed_harmonious",0.8,0.9,0.79,0.74,"good","average"
"O01644","all-season","date",0.88,0.85,0.23,0.93,0.84,0.3,0.09,0.32,0.88,0,"monochromatic",0.8,0.9,0.8,0.4,"average","average"
"O01645","all-season","casual",0.88,0.85,0.63,0.84,0.84,0.52,0.75,0.88,0.75,0,"mixed_harmonious",0.8,0.9,0.79,0.76,"good","average"
"O01646","summer","gym",0.62,0.95,0.31,0.67,0.84,0.21,0.41,0.55,0.57,0,"mixed_harmonious",0.8,0.9,0.8,0.42,"average","average"
"O01647","all-season","office",0.88,0.85,0.33,0.74,0.84,0.08,0.5,0.78,0.55,0,"mixed_harmonious",0.8,0.9,0.79,0.34,"bad","average"
"O01648","summer","casual",1,0.95,0.59,0.85,0.84,0.38,0.75,0.88,0.78,0,"mixed_harmonious",0.8,0.9,0.8,0.74,"good","bad"
"O01649","summer","office",1,1,0.51,0.94,0.84,0.29,0.75,0.93,0.9,0,"monochromatic",0.8,0.9,0.8,0.74,"good","good"
"O01650","spring","gym",1,0.95,0.59,0.92,0.84,0.53,0.75,0.55,0.82,0,"mixed_harmonious",0.8,0.9,0.8,0.76,"good","average"
"O01651","autumn","date",1,0.95,0.61,0.98,0.84,0.43,0.75,0.9,0.9,0,"neutral_dominant",0.8,0.9,0.8,0.79,"good","bad"
"O01652","summer","gym",0.88,1,0.65,1,0.84,0.52,0.75,0.92,0.92,0,"monochromatic",0.8,0.9,0.8,0.81,"good","average"
"O01653","all-season","casual",0.88,0.85,0.59,0.93,0.84,0.59,0.5,0.88,0.88,0,"monochromatic",0.8,0.9,0.79,0.77,"good","bad"
"O01654","autumn","office",1,0.95,0.76,1,0.84,0.62,1,0.78,0.92,0,"monochromatic",0.8,0.9,0.8,0.86,"good","average"
"O01655","summer","gym",0.88,0.95,0.52,1,0.84,0.59,0.18,0.92,0.92,0,"monochromatic",0.8,0.9,0.8,0.4,"average","bad"
"O01656","all-season","date",0.88,0.85,0.43,0.85,0.84,0.09,0.75,0.9,0.7,0,"monochromatic",0.8,0.9,0.8,0.4,"average","bad"
"O01657","summer","casual",0.88,1,0.47,0.92,0.84,0.16,0.75,0.88,0.82,0,"mixed_harmonious",0.8,0.9,0.8,0.42,"average","average"
"O01658","all-season","casual",0.88,0.85,0.58,0.78,0.84,0.26,1,0.88,0.63,0,"mixed_harmonious",0.8,0.9,0.8,0.42,"average","bad"
"O01659","all-season","casual",1,0.85,0.59,0.93,0.84,0.42,0.75,0.88,0.88,0,"monochromatic",0.8,0.9,0.8,0.77,"good","bad"
"O01660","autumn","gym",0.88,0.95,0.55,0.85,0.84,0.41,0.75,0.92,0.67,0,"mixed_harmonious",0.8,0.9,0.8,0.73,"good","average"
"O01661","all-season","date",0.88,0.85,0.43,0.85,0.84,0.09,0.75,0.9,0.8,0,"complementary",0.8,0.9,0.8,0.4,"average","average"
"O01662","summer","gym",0.88,0.95,0.12,1,0.84,0.09,0.09,0.25,0.92,0,"monochromatic",0.8,0.9,0.8,0.34,"bad","average"
"O01663","autumn","date",1,0.95,0.49,0.92,0.84,0.36,0.75,0.68,0.82,0,"mixed_harmonious",0.8,0.9,0.8,0.72,"good","average"
"O01664","winter","casual",1,0.95,0.77,1,0.84,0.6,1,0.88,0.92,0,"monochromatic",0.8,0.9,0.8,0.86,"good","average"
"O01665","all-season","casual",0.88,0.85,0.64,0.92,0.87,0.54,0.75,0.88,0.87,0,"analogous",0.8,0.9,0.89,0.79,"good","bad"
"O01666","all-season","office",0.88,0.85,0.25,0.85,0.87,0.09,0.09,0.93,0.78,0,"mixed_harmonious",0.8,0.9,0.89,0.34,"bad","bad"
"O01667","autumn","gym",1,0.95,0.59,0.92,0.84,0.53,0.75,0.55,0.82,0,"mixed_harmonious",0.8,0.9,0.8,0.76,"good","average"
"O01668","autumn","casual",0.88,0.95,0.69,1,0.84,0.62,0.75,0.88,0.92,0,"monochromatic",0.8,0.9,0.8,0.83,"good","average"
"O01669","summer","gym",0.88,0.95,0.12,0.85,0.84,0.09,0.09,0.25,0.78,0,"mixed_harmonious",0.8,0.9,0.8,0.34,"bad","bad"
"O01670","autumn","casual",1,0.95,0.55,0.92,0.84,0.46,0.5,0.88,0.82,0,"mixed_harmonious",0.8,0.9,0.8,0.75,"good","average"
"O01671","autumn","date",0.88,0.95,0.4,1,0.84,0.09,0.75,0.9,0.92,0,"monochromatic",0.8,0.9,0.8,0.4,"average","bad"
"O01672","summer","gym",1,0.95,0.41,0.98,0.84,0.08,0.75,0.92,0.9,0,"neutral_dominant",0.8,0.9,0.8,0.4,"average","average"
"O01673","winter","travel",1,0.95,0.44,1,0.84,0.09,0.75,0.88,0.92,0,"monochromatic",0.8,0.9,0.8,0.4,"average","bad"
"O01674","all-season","date",0.88,0.85,0.51,0.78,0.84,0.26,0.75,0.9,0.63,0,"mixed_harmonious",0.8,0.9,0.8,0.4,"average","good"
"O01675","autumn","date",1,0.95,0.12,0.94,0.84,0.07,0.09,0.32,0.9,0,"monochromatic",0.8,0.9,0.8,0.34,"bad","average"
"O01676","autumn","casual",1,0.95,0.61,0.81,0.84,0.42,0.75,0.88,0.62,0,"complementary",0.8,0.9,0.8,0.74,"good","average"
"O01677","winter","casual",1,0.95,0.64,0.92,0.84,0.48,0.75,0.88,0.82,0,"mixed_harmonious",0.8,0.9,0.8,0.78,"good","average"
"O01678","autumn","gym",1,0.95,0.59,0.91,0.84,0.53,0.75,0.55,0.79,0,"mixed_harmonious",0.8,0.9,0.8,0.76,"good","average"
"O01679","all-season","office",0.62,0.85,0.69,0.93,0.84,0.6,1,0.78,0.88,0,"monochromatic",0.8,0.9,0.8,0.81,"good","good"
"O01680","autumn","casual",1,0.6,0.58,1,0.84,0.44,0.75,0.88,0.92,0,"monochromatic",0.8,0.9,0.8,0.78,"good","good"
"O01681","autumn","travel",1,0.95,0.77,1,0.84,0.6,1,0.88,0.92,0,"monochromatic",0.8,0.9,0.8,0.86,"good","average"
"O01682","all-season","office",0.62,0.85,0.55,0.85,0.87,0.54,0.5,0.93,0.78,0,"mixed_harmonious",0.8,0.9,0.89,0.74,"good","good"
"O01683","summer","casual",0.88,0.95,0.38,1,0.84,0.33,0.28,0.88,0.92,0,"monochromatic",0.8,0.9,0.79,0.7,"good","average"
"O01684","all-season","casual",0.88,0.85,0.54,0.74,0.84,0.34,0.75,0.88,0.55,0,"mixed_harmonious",0.8,0.9,0.8,0.69,"average","average"
"O01685","summer","gym",0.88,0.95,0.12,1,0.84,0.09,0.09,0.25,0.92,0,"monochromatic",0.8,0.9,0.8,0.34,"bad","average"
"O01686","all-season","gym",0.88,0.85,0.48,0.84,0.87,0.46,0.75,0.25,0.75,0,"mixed_harmonious",0.8,0.9,0.89,0.71,"good","average"
"O01687","winter","office",1,0.95,0.26,1,0.84,0.17,0.5,0.28,0.92,0,"monochromatic",0.8,0.9,0.8,0.42,"average","average"
"O01688","autumn","travel",1,0.95,0.77,0.92,0.84,0.6,1,0.88,0.82,0,"mixed_harmonious",0.8,0.9,0.8,0.84,"good","bad"
"O01689","autumn","office",1,0.95,0.54,0.98,0.84,0.36,0.75,0.93,0.91,0,"analogous",0.8,0.9,0.8,0.76,"good","average"
"O01690","all-season","date",0.88,0.85,0.39,0.74,0.84,0.09,0.75,0.9,0.55,0,"mixed_harmonious",0.8,0.9,0.8,0.4,"average","bad"
"O01691","summer","casual",1,0.95,0.16,0.92,0.84,0.05,0.09,0.62,0.82,0,"mixed_harmonious",0.8,0.9,0.8,0.4,"average","average"
"O01692","all-season","casual",1,0.85,0.56,0.85,0.84,0.44,0.75,0.88,0.78,0,"mixed_harmonious",0.8,0.9,0.8,0.73,"good","average"
"O01693","spring","date",0.88,0.95,0.4,1,0.84,0.09,0.75,0.9,0.92,0,"monochromatic",0.8,0.9,0.8,0.4,"average","average"
"O01694","spring","casual",1,0.95,0.7,1,0.84,0.62,0.75,0.88,0.92,0,"monochromatic",0.8,0.9,0.8,0.83,"good","good"
"O01695","summer","gym",0.88,0.95,0.58,0.94,0.84,0.52,0.5,0.92,0.9,0,"monochromatic",0.8,0.9,0.8,0.77,"good","average"
"O01696","all-season","date",0.88,0.85,0.62,0.93,0.87,0.5,0.75,0.9,0.88,0,"monochromatic",0.8,0.9,0.89,0.79,"good","average"
"O01697","spring","gym",1,0.95,0.72,0.91,0.84,0.63,1,0.55,0.79,0,"mixed_harmonious",0.8,0.9,0.8,0.81,"good","good"
"O01698","winter","office",1,0.95,0.45,0.92,0.84,0.09,0.75,0.93,0.84,0,"complementary",0.8,0.9,0.8,0.4,"average","average"
"O01699","summer","casual",1,0.8,0.26,0.85,0.84,0.07,0.28,0.88,0.78,0,"mixed_harmonious",0.8,0.9,0.8,0.4,"average","average"
"O01700","summer","office",0.88,0.95,0.38,1,0.84,0.21,0.41,0.78,0.92,0,"monochromatic",0.8,0.9,0.8,0.42,"average","average"
"O01701","summer","gym",0.88,0.95,0.33,0.92,0.84,0.21,0.41,0.55,0.82,0,"mixed_harmonious",0.8,0.9,0.8,0.42,"average","average"
"O01702","all-season","casual",0.88,0.85,0.32,0.93,0.84,0.07,0.5,0.88,0.88,0,"monochromatic",0.8,0.9,0.79,0.34,"bad","good"
"O01703","all-season","casual",0.88,0.85,0.74,0.93,0.84,0.6,1,0.88,0.88,0,"monochromatic",0.8,0.9,0.8,0.83,"good","average"
"O01704","all-season","office",1,0.85,0.6,0.93,0.84,0.42,0.75,0.93,0.88,0,"monochromatic",0.8,0.9,0.8,0.77,"good","good"
"O01705","all-season","casual",0.88,0.85,0.53,0.78,0.84,0.41,0.75,0.88,0.63,0,"mixed_harmonious",0.8,0.9,0.8,0.7,"average","bad"
"O01706","all-season","casual",1,0.85,0.69,0.85,0.84,0.62,0.75,0.88,0.78,0,"mixed_harmonious",0.8,0.9,0.8,0.78,"good","good"
"O01707","autumn","gym",1,0.95,0.54,1,0.84,0.42,0.75,0.55,0.92,0,"monochromatic",0.8,0.9,0.8,0.77,"good","good"
"O01708","winter","casual",1,0.95,0.77,0.91,0.84,0.6,1,0.88,0.79,0,"mixed_harmonious",0.8,0.9,0.8,0.83,"good","average"
"O01709","all-season","casual",0.62,0.85,0.72,0.78,0.84,0.63,1,0.88,0.63,0,"mixed_harmonious",0.8,0.9,0.8,0.77,"good","average"
"O01710","autumn","office",1,0.95,0.52,0.94,0.84,0.23,0.75,0.93,0.9,0,"monochromatic",0.8,0.9,0.8,0.42,"average","average"
"O01711","summer","gym",0.88,0.95,0.18,1,0.84,0.09,0.09,0.55,0.92,0,"monochromatic",0.8,0.9,0.8,0.4,"average","average"
"O01712","summer","weekend",0.62,0.95,0.38,0.85,0.84,0.3,0.28,0.88,0.78,0,"mixed_harmonious",0.8,0.9,0.8,0.66,"average","average"
"O01713","autumn","office",1,0.6,0.48,1,0.84,0.28,0.75,0.78,0.92,0,"monochromatic",0.8,0.9,0.8,0.42,"average","bad"
"O01714","all-season","office",0.88,0.85,0.42,0.85,0.84,0.2,0.75,0.78,0.78,0,"mixed_harmonious",0.8,0.9,0.79,0.42,"average","average"
"O01715","winter","date",1,0.95,0.61,1,0.84,0.42,0.75,0.9,0.92,0,"monochromatic",0.8,0.9,0.8,0.8,"good","bad"
"O01716","summer","casual",1,0.8,0.51,0.85,0.84,0.46,0.41,0.88,0.78,0,"mixed_harmonious",0.8,0.9,0.8,0.71,"good","bad"
"O01717","summer","gym",0.88,0.95,0.1,0.85,0.84,0.07,0.09,0.25,0.67,0,"mixed_harmonious",0.8,0.9,0.8,0.34,"bad","good"
"O01718","winter","casual",1,0.95,0.77,1,0.84,0.6,1,0.88,0.92,0,"monochromatic",0.8,0.9,0.8,0.86,"good","average"
"O01719","summer","date",1,0.95,0.11,0.91,0.84,0.05,0.09,0.32,0.79,0,"mixed_harmonious",0.8,0.9,0.8,0.4,"average","bad"
"O01720","autumn","casual",1,0.95,0.78,0.92,0.84,0.63,1,0.88,0.82,0,"mixed_harmonious",0.8,0.9,0.8,0.84,"good","average"
"O01721","autumn","office",1,0.95,0.79,1,0.84,0.63,1,0.93,0.92,0,"monochromatic",0.8,0.9,0.8,0.87,"good","good"
"O01722","spring","date",1,0.95,0.61,0.92,0.84,0.43,0.75,0.9,0.82,0,"mixed_harmonious",0.8,0.9,0.8,0.77,"good","average"
"O01723","winter","office",0.88,0.6,0.66,1,0.84,0.69,0.75,0.78,0.92,0,"monochromatic",0.8,0.9,0.8,0.82,"good","bad"
"O01724","summer","travel",1,0.95,0.39,0.67,0.84,0.06,0.75,0.88,0.57,0,"mixed_harmonious",0.8,0.9,0.8,0.4,"average","bad"
"O01725","autumn","travel",1,0.95,0.41,0.98,0.84,0.09,0.75,0.88,0.9,0,"neutral_dominant",0.8,0.9,0.8,0.4,"average","average"
"O01726","summer","date",0.88,0.95,0.36,0.92,0.84,0.44,0.41,0.32,0.82,0,"mixed_harmonious",0.8,0.9,0.79,0.67,"average","average"
"O01727","autumn","travel",1,0.95,0.51,1,0.84,0.23,0.75,0.88,0.92,0,"monochromatic",0.8,0.9,0.8,0.42,"average","bad"
"O01728","spring","casual",1,0.95,0.55,0.98,0.84,0.41,0.75,0.88,0.9,0,"neutral_dominant",0.8,0.9,0.8,0.77,"good","bad"
"O01729","summer","gym",1,0.95,0.15,1,0.84,0.05,0.09,0.55,0.92,0,"monochromatic",0.8,0.9,0.8,0.4,"average","good"
"O01730","summer","casual",1,0.95,0.33,0.82,0.84,0.07,0.5,0.88,0.61,0,"mixed_harmonious",0.8,0.9,0.8,0.4,"average","average"
"O01731","all-season","casual",1,0.85,0.72,0.85,0.84,0.67,0.75,0.88,0.78,0,"mixed_harmonious",0.8,0.9,0.8,0.8,"good","average"
"O01732","all-season","date",1,0.85,0.6,0.85,0.84,0.42,0.75,0.9,0.8,0,"complementary",0.8,0.9,0.8,0.75,"good","average"
"O01733","all-season","date",0.88,0.85,0.43,0.93,0.84,0.09,0.75,0.9,0.88,0,"monochromatic",0.8,0.9,0.8,0.4,"average","bad"
"O01734","all-season","date",0.62,0.85,0.12,0.71,0.87,0.09,0.09,0.32,0.47,0,"mixed_harmonious",0.8,0.9,0.89,0.34,"bad","average"
"O01735","all-season","office",0.88,0.85,0.58,0.78,0.84,0.46,0.75,0.78,0.63,0,"mixed_harmonious",0.8,0.9,0.79,0.72,"good","average"
"O01736","all-season","office",0.88,0.85,0.43,0.93,0.84,0.16,0.75,0.93,0.88,0,"monochromatic",0.8,0.9,0.8,0.42,"average","average"
"O01737","summer","gym",0.88,0.95,0.35,1,0.84,0.44,0.09,0.55,0.92,0,"monochromatic",0.8,0.9,0.8,0.4,"average","average"
"O01738","spring","casual",1,0.95,0.78,0.98,0.84,0.62,1,0.88,0.9,0,"neutral_dominant",0.8,0.9,0.8,0.86,"good","good"
"O01739","summer","gym",1,0.95,0.57,0.67,0.84,0.49,0.75,0.55,0.57,0,"mixed_harmonious",0.8,0.9,0.8,0.68,"average","average"
"O01740","all-season","casual",0.88,0.85,0.58,0.93,0.84,0.26,1,0.88,0.88,0,"monochromatic",0.8,0.9,0.8,0.42,"average","good"
"O01741","autumn","casual",1,0.95,0.51,1,0.84,0.23,0.75,0.88,0.92,0,"monochromatic",0.8,0.9,0.8,0.42,"average","average"
"O01742","all-season","gym",0.88,0.85,0.59,0.93,0.84,0.68,0.5,0.92,0.88,0,"monochromatic",0.8,0.9,0.8,0.77,"good","bad"
"O01743","all-season","casual",0.88,0.85,0.58,0.75,0.84,0.42,0.75,0.88,0.57,0,"mixed_harmonious",0.8,0.9,0.79,0.71,"good","average"
"O01744","summer","casual",0.88,0.95,0.63,1,0.84,0.7,0.41,0.88,0.92,0,"monochromatic",0.8,0.9,0.8,0.8,"good","bad"
"O01745","autumn","casual",0.62,0.95,0.73,0.92,0.84,0.62,1,0.88,0.82,0,"mixed_harmonious",0.8,0.9,0.8,0.82,"good","average"
"O01746","summer","office",0.88,0.95,0.25,0.69,0.87,0.09,0.18,0.78,0.48,0,"triadic",0.8,0.9,0.89,0.4,"average","good"
"O01747","summer","gym",1,1,0.56,0.64,0.84,0.44,0.75,0.55,0.49,0,"mixed_harmonious",0.8,0.9,0.8,0.67,"average","average"
"O01748","summer","gym",0.88,0.95,0.5,0.85,0.84,0.45,0.5,0.92,0.67,0,"mixed_harmonious",0.8,0.9,0.8,0.71,"good","average"
"O01749","summer","casual",1,1,0.5,0.92,0.84,0.29,0.75,0.88,0.82,0,"mixed_harmonious",0.8,0.9,0.8,0.73,"good","average"
"O01750","all-season","office",0.88,0.85,0.5,0.84,0.84,0.33,0.75,0.93,0.75,0,"mixed_harmonious",0.8,0.9,0.8,0.7,"good","average"
"O01751","all-season","date",1,0.85,0.56,0.85,0.84,0.44,0.75,0.9,0.78,0,"mixed_harmonious",0.8,0.9,0.8,0.73,"good","average"
"O01752","summer","gym",0.88,0.95,0.1,1,0.84,0.07,0.09,0.25,0.92,0,"monochromatic",0.8,0.9,0.8,0.34,"bad","good"
"O01753","all-season","gym",0.88,0.85,0.62,0.91,0.84,0.49,1,0.55,0.86,0,"neutral_dominant",0.8,0.9,0.8,0.77,"good","good"
"O01754","all-season","casual",0.88,0.85,0.6,0.93,0.87,0.46,0.75,0.88,0.88,0,"monochromatic",0.8,0.9,0.89,0.78,"good","average"
"O01755","summer","office",1,0.95,0.38,0.92,0.84,0.08,0.75,0.78,0.82,0,"mixed_harmonious",0.8,0.9,0.8,0.4,"average","good"
"O01756","winter","office",0.88,0.95,0.5,1,0.84,0.29,0.75,0.93,0.92,0,"monochromatic",0.8,0.9,0.8,0.75,"good","average"
"O01757","all-season","office",0.88,0.85,0.67,0.74,0.84,0.49,1,0.78,0.55,0,"mixed_harmonious",0.8,0.9,0.8,0.74,"good","average"
"O01758","all-season","casual",0.88,0.85,0.39,0.93,0.84,0.24,0.5,0.88,0.88,0,"monochromatic",0.8,0.9,0.8,0.42,"average","average"
"O01759","all-season","gym",0.88,0.85,0.31,0.93,0.87,0.47,0.14,0.25,0.88,0,"monochromatic",0.8,0.9,0.89,0.66,"average","good"
"O01760","autumn","date",1,0.95,0.61,0.92,0.84,0.43,0.75,0.9,0.82,0,"mixed_harmonious",0.8,0.9,0.8,0.77,"good","good"
"O01761","all-season","date",0.88,0.85,0.44,0.93,0.87,0.1,0.75,0.9,0.88,0,"monochromatic",0.8,0.9,0.89,0.4,"average","average"
"O01762","all-season","casual",0.88,0.85,0.68,0.93,0.87,0.62,0.75,0.88,0.88,0,"monochromatic",0.8,0.9,0.89,0.81,"good","average"
"O01763","summer","office",1,0.45,0.25,0.93,0.84,0.08,0.28,0.78,0.89,0,"analogous",0.8,0.9,0.8,0.4,"average","good"
"O01764","all-season","office",0.88,0.85,0.66,0.93,0.84,0.62,0.75,0.78,0.88,0,"monochromatic",0.8,0.9,0.8,0.8,"good","bad"
"O01765","all-season","date",0.88,0.85,0.62,0.85,0.87,0.5,0.75,0.9,0.78,0,"mixed_harmonious",0.8,0.9,0.89,0.76,"good","bad"
"O01766","all-season","office",1,0.85,0.81,0.93,0.84,0.7,1,0.93,0.88,0,"monochromatic",0.8,0.9,0.8,0.86,"good","average"
"O01767","all-season","office",0.88,0.85,0.29,0.93,0.84,0.44,0.09,0.28,0.88,0,"monochromatic",0.8,0.9,0.79,0.4,"average","bad"
"O01768","spring","casual",1,0.95,0.61,1,0.84,0.42,0.75,0.88,0.92,0,"monochromatic",0.8,0.9,0.8,0.8,"good","average"
"O01769","summer","travel",1,0.95,0.46,0.92,0.84,0.48,0.28,0.72,0.84,0,"complementary",0.8,0.9,0.8,0.71,"good","good"
"O01770","summer","office",0.62,0.95,0.23,0.94,0.87,0.09,0.18,0.78,0.9,0,"monochromatic",0.8,0.9,0.89,0.4,"average","average"
"O01771","winter","casual",1,0.95,0.44,1,0.84,0.17,0.75,0.88,0.92,0,"monochromatic",0.8,0.9,0.8,0.42,"average","good"
"O01772","all-season","office",0.88,0.85,0.66,0.85,0.84,0.62,0.75,0.78,0.8,0,"complementary",0.8,0.9,0.8,0.77,"good","good"
"O01773","winter","gym",1,0.95,0.51,0.92,0.84,0.29,0.75,0.92,0.82,0,"mixed_harmonious",0.8,0.9,0.8,0.73,"good","average"
"O01774","all-season","casual",0.88,0.85,0.16,0.93,0.84,0.06,0.09,0.62,0.88,0,"monochromatic",0.8,0.9,0.8,0.4,"average","average"
"O01775","summer","casual",0.88,0.95,0.32,0.92,0.87,0.2,0.18,0.88,0.82,0,"mixed_harmonious",0.8,0.9,0.89,0.42,"average","average"
"O01776","spring","travel",1,0.95,0.66,0.98,0.84,0.68,0.5,0.88,0.91,0,"analogous",0.8,0.9,0.8,0.81,"good","average"
"O01777","all-season","casual",0.88,0.85,0.24,0.93,0.87,0.21,0.14,0.62,0.88,0,"monochromatic",0.8,0.9,0.89,0.42,"average","good"
"O01778","all-season","date",0.62,0.85,0.61,0.85,0.87,0.54,0.75,0.9,0.78,0,"mixed_harmonious",0.8,0.9,0.89,0.76,"good","average"
"O01779","summer","office",0.88,0.95,0.61,0.94,0.84,0.7,0.41,0.78,0.9,0,"monochromatic",0.8,0.9,0.8,0.78,"good","bad"
"O01780","all-season","gym",1,0.85,0.63,0.78,0.84,0.62,0.75,0.55,0.63,0,"mixed_harmonious",0.8,0.9,0.8,0.74,"good","average"
"O01781","summer","casual",0.62,0.95,0.55,0.92,0.84,0.38,0.75,0.88,0.82,0,"mixed_harmonious",0.8,0.9,0.8,0.75,"good","average"
"O01782","autumn","casual",1,0.95,0.66,1,0.84,0.68,0.5,0.88,0.92,0,"monochromatic",0.8,0.9,0.8,0.82,"good","bad"
"O01783","winter","gym",1,0.95,0.38,1,0.84,0.17,0.5,0.92,0.92,0,"monochromatic",0.8,0.9,0.8,0.42,"average","average"
"O01784","autumn","casual",1,0.95,0.55,0.94,0.84,0.41,0.75,0.88,0.9,0,"monochromatic",0.8,0.9,0.8,0.75,"good","average"
"O01785","spring","gym",1,0.95,0.16,1,0.84,0.07,0.09,0.55,0.92,0,"monochromatic",0.8,0.9,0.8,0.34,"bad","average"
"O01786","summer","date",1,0.45,0.27,0.81,0.84,0.08,0.28,0.9,0.59,0,"mixed_harmonious",0.8,0.9,0.8,0.4,"average","good"
"O01787","all-season","casual",0.88,0.85,0.63,0.91,0.84,0.52,0.75,0.88,0.86,0,"neutral_dominant",0.8,0.9,0.79,0.78,"good","good"
"O01788","summer","office",1,1,0.46,0.91,0.84,0.16,0.75,0.78,0.79,0,"mixed_harmonious",0.8,0.9,0.8,0.42,"average","bad"
"O01789","summer","casual",0.88,0.95,0.63,0.85,0.84,0.7,0.41,0.88,0.78,0,"mixed_harmonious",0.8,0.9,0.8,0.76,"good","good"
"O01790","spring","office",1,0.95,0.67,0.85,0.84,0.53,0.75,0.93,0.67,0,"mixed_harmonious",0.8,0.9,0.8,0.78,"good","average"
"O01791","summer","gym",0.88,0.95,0.73,1,0.84,0.68,0.75,0.92,0.92,0,"monochromatic",0.8,0.9,0.8,0.84,"good","good"
"O01792","all-season","office",0.88,0.85,0.8,0.93,0.84,0.7,1,0.93,0.88,0,"monochromatic",0.8,0.9,0.8,0.85,"good","bad"
"O01793","summer","gym",0.88,0.95,0.12,0.85,0.84,0.09,0.09,0.25,0.67,0,"mixed_harmonious",0.8,0.9,0.8,0.34,"bad","average"
"O01794","summer","gym",0.88,0.95,0.48,1,0.84,0.52,0.18,0.92,0.92,0,"monochromatic",0.8,0.9,0.8,0.4,"average","good"
"O01795","all-season","casual",0.88,0.85,0.38,0.93,0.87,0.47,0.14,0.62,0.88,0,"monochromatic",0.8,0.9,0.89,0.69,"average","average"
"O01796","summer","casual",0.88,1,0.51,0.98,0.84,0.24,0.75,0.88,0.9,0,"neutral_dominant",0.8,0.9,0.8,0.42,"average","average"
"O01797","summer","office",1,0.95,0.4,1,0.84,0.06,0.75,0.93,0.92,0,"monochromatic",0.8,0.9,0.8,0.4,"average","good"
"O01798","autumn","date",1,0.95,0.61,0.92,0.84,0.42,0.75,0.9,0.82,0,"mixed_harmonious",0.8,0.9,0.8,0.77,"good","average"
"O01799","all-season","office",0.88,0.85,0.69,0.93,0.87,0.62,0.75,0.93,0.88,0,"monochromatic",0.8,0.9,0.89,0.82,"good","good"
"O01800","spring","office",0.88,0.95,0.78,1,0.84,0.63,1,0.93,0.92,0,"monochromatic",0.8,0.9,0.8,0.86,"good","good"
"O01801","summer","gym",0.88,0.95,0.2,0.98,0.84,0.18,0.09,0.55,0.9,0,"neutral_dominant",0.8,0.9,0.8,0.42,"average","good"
"O01802","summer","date",1,0.95,0.51,0.91,0.84,0.3,0.75,0.9,0.79,0,"mixed_harmonious",0.8,0.9,0.8,0.73,"good","average"
"O01803","all-season","casual",0.88,0.85,0.43,0.93,0.84,0.18,0.75,0.88,0.88,0,"monochromatic",0.8,0.9,0.79,0.42,"average","good"
"O01804","summer","gym",0.88,0.95,0.64,0.73,0.84,0.5,0.75,0.92,0.56,0,"triadic",0.8,0.9,0.8,0.73,"good","average"
"O01805","all-season","gym",0.88,0.85,0.54,0.91,0.84,0.41,0.75,0.92,0.86,0,"neutral_dominant",0.8,0.9,0.8,0.74,"good","average"
"O01806","autumn","casual",1,0.95,0.55,1,0.84,0.41,0.75,0.88,0.92,0,"monochromatic",0.8,0.9,0.8,0.77,"good","average"
"O01807","all-season","casual",0.88,0.85,0.53,0.85,0.84,0.32,0.75,0.88,0.78,0,"mixed_harmonious",0.8,0.9,0.8,0.72,"good","average"
"O01808","winter","casual",0.62,0.95,0.41,0.92,0.84,0.17,0.75,0.88,0.82,0,"mixed_harmonious",0.8,0.9,0.8,0.42,"average","average"
"O01809","summer","date",1,0.45,0.27,0.61,0.84,0.08,0.28,0.9,0.43,0,"mixed_harmonious",0.8,0.9,0.8,0.4,"average","good"
"O01810","all-season","office",0.88,0.85,0.67,0.84,0.84,0.49,1,0.78,0.75,0,"mixed_harmonious",0.8,0.9,0.8,0.77,"good","good"
"O01811","spring","casual",0.62,0.95,0.73,0.92,0.84,0.62,1,0.88,0.82,0,"mixed_harmonious",0.8,0.9,0.8,0.82,"good","bad"
"O01812","all-season","casual",1,0.85,0.6,0.93,0.84,0.44,0.75,0.88,0.88,0,"monochromatic",0.8,0.9,0.8,0.77,"good","bad"
"O01813","all-season","casual",0.88,0.85,0.58,0.78,0.84,0.26,1,0.88,0.63,0,"mixed_harmonious",0.8,0.9,0.8,0.42,"average","bad"
"O01814","all-season","casual",0.88,0.85,0.69,0.91,0.84,0.49,1,0.88,0.86,0,"neutral_dominant",0.8,0.9,0.8,0.8,"good","bad"
"O01815","all-season","gym",1,0.85,0.63,0.93,0.84,0.62,0.75,0.55,0.88,0,"monochromatic",0.8,0.9,0.8,0.78,"good","average"
"O01816","all-season","date",0.88,0.85,0.29,0.93,0.84,0.09,0.28,0.9,0.88,0,"monochromatic",0.8,0.9,0.79,0.34,"bad","average"
"O01817","autumn","casual",1,0.6,0.58,0.98,0.84,0.44,0.75,0.88,0.9,0,"neutral_dominant",0.8,0.9,0.8,0.78,"good","average"
"O01818","summer","event",1,0.95,0.4,0.95,0.84,0.38,0.09,0.94,0.82,0,"monochromatic",0.8,0.9,0.8,0.4,"average","average"
"O01819","summer","gym",0.88,0.95,0.73,0.92,0.84,0.68,0.75,0.92,0.82,0,"mixed_harmonious",0.8,0.9,0.8,0.82,"good","bad"
"O01820","all-season","travel",0.88,0.85,0.35,0.93,0.84,0.08,0.5,0.88,0.88,0,"monochromatic",0.8,0.9,0.79,0.34,"bad","good"
"O01821","all-season","travel",0.88,0.85,0.32,0.93,0.84,0.07,0.5,0.88,0.88,0,"monochromatic",0.8,0.9,0.79,0.34,"bad","average"
"O01822","summer","gym",0.88,0.95,0.17,0.92,0.84,0.08,0.09,0.55,0.82,0,"mixed_harmonious",0.8,0.9,0.8,0.34,"bad","good"
"O01823","summer","casual",1,0.95,0.5,1,0.84,0.3,0.75,0.88,0.92,0,"monochromatic",0.8,0.9,0.8,0.75,"good","average"
"O01824","summer","gym",0.88,0.95,0.35,1,0.84,0.44,0.09,0.55,0.92,0,"monochromatic",0.8,0.9,0.8,0.4,"average","average"
"O01825","all-season","event",1,0.85,0.27,0.85,0.84,0.18,0.5,0.3,0.78,0,"mixed_harmonious",0.8,0.9,0.8,0.42,"average","good"
"O01826","autumn","office",1,0.6,0.59,1,0.84,0.44,0.75,0.93,0.92,0,"monochromatic",0.8,0.9,0.8,0.79,"good","average"
"O01827","summer","office",0.88,0.95,0.25,0.92,0.87,0.09,0.18,0.78,0.82,0,"mixed_harmonious",0.8,0.9,0.89,0.4,"average","bad"
"O01828","summer","gym",0.88,0.95,0.14,0.93,0.87,0.09,0.18,0.25,0.89,0,"analogous",0.8,0.9,0.89,0.4,"average","average"
"O01829","all-season","date",0.88,0.85,0.55,0.91,0.84,0.34,0.75,0.9,0.86,0,"neutral_dominant",0.8,0.9,0.8,0.75,"good","average"
"O01830","summer","gym",0.88,0.95,0.1,1,0.84,0.07,0.09,0.25,0.92,0,"monochromatic",0.8,0.9,0.8,0.34,"bad","average"
"O01831","winter","weekend",1,0.95,0.44,1,0.84,0.17,0.75,0.88,0.92,0,"monochromatic",0.8,0.9,0.8,0.42,"average","average"
"O01832","all-season","travel",0.88,0.85,0.6,0.74,0.84,0.46,0.75,0.88,0.55,0,"mixed_harmonious",0.8,0.9,0.79,0.71,"good","bad"
"O01833","summer","gym",0.88,0.95,0.1,0.85,0.84,0.07,0.09,0.25,0.78,0,"mixed_harmonious",0.8,0.9,0.8,0.34,"bad","good"
"O01834","autumn","casual",1,0.6,0.38,0.94,0.84,0.24,0.5,0.88,0.9,0,"monochromatic",0.8,0.9,0.8,0.42,"average","good"
"O01835","winter","office",1,0.95,0.43,1,0.84,0.17,0.75,0.78,0.92,0,"monochromatic",0.8,0.9,0.8,0.42,"average","average"
"O01836","summer","date",1,0.95,0.11,0.67,0.84,0.05,0.09,0.32,0.57,0,"mixed_harmonious",0.8,0.9,0.8,0.4,"average","bad"
"O01837","summer","date",1,0.95,0.52,1,0.84,0.33,0.75,0.9,0.92,0,"monochromatic",0.8,0.9,0.8,0.76,"good","good"
"O01838","all-season","date",1,0.85,0.56,0.85,0.84,0.44,0.75,0.9,0.8,0,"complementary",0.8,0.9,0.8,0.73,"good","average"
"O01839","all-season","office",0.88,0.85,0.27,0.93,0.84,0.09,0.28,0.78,0.88,0,"monochromatic",0.8,0.9,0.79,0.34,"bad","bad"
"O01840","winter","office",1,0.95,0.75,0.92,0.84,0.6,1,0.78,0.82,0,"mixed_harmonious",0.8,0.9,0.8,0.83,"good","average"
"O01841","all-season","casual",1,0.85,0.65,0.85,0.84,0.53,0.75,0.88,0.78,0,"mixed_harmonious",0.8,0.9,0.8,0.77,"good","good"
"O01842","summer","gym",0.88,0.95,0.2,0.85,0.87,0.2,0.18,0.25,0.67,0,"mixed_harmonious",0.8,0.9,0.89,0.42,"average","average"
"O01843","autumn","date",1,0.95,0.61,0.92,0.84,0.42,0.75,0.9,0.82,0,"mixed_harmonious",0.8,0.9,0.8,0.77,"good","average"
"O01844","summer","gym",0.62,0.95,0.43,0.85,0.84,0.46,0.18,0.92,0.78,0,"mixed_harmonious",0.8,0.9,0.8,0.4,"average","average"
"O01845","summer","date",1,0.95,0.51,0.94,0.84,0.3,0.75,0.9,0.9,0,"monochromatic",0.8,0.9,0.8,0.74,"good","average"
"O01846","autumn","gym",1,0.95,0.59,0.92,0.84,0.53,0.75,0.55,0.82,0,"mixed_harmonious",0.8,0.9,0.8,0.76,"good","average"
"O01847","all-season","casual",0.88,0.85,0.57,0.85,0.87,0.54,0.5,0.88,0.78,0,"mixed_harmonious",0.8,0.9,0.89,0.74,"good","good"
"O01848","all-season","casual",0.88,0.85,0.52,0.93,0.84,0.28,0.75,0.88,0.88,0,"monochromatic",0.8,0.9,0.8,0.74,"good","good"
"O01849","all-season","casual",0.88,0.85,0.64,0.85,0.84,0.55,0.75,0.88,0.78,0,"mixed_harmonious",0.8,0.9,0.8,0.76,"good","good"
"O01850","all-season","date",0.88,0.85,0.51,0.91,0.84,0.26,0.75,0.9,0.86,0,"neutral_dominant",0.8,0.9,0.8,0.4,"average","average"
"O01851","winter","casual",1,0.95,0.56,0.81,0.84,0.42,0.75,0.88,0.59,0,"mixed_harmonious",0.8,0.9,0.8,0.72,"good","average"
"O01852","all-season","casual",0.88,0.85,0.6,0.85,0.87,0.46,0.75,0.88,0.78,0,"mixed_harmonious",0.8,0.9,0.89,0.76,"good","average"
"O01853","summer","date",0.88,0.95,0.4,1,0.84,0.3,0.28,0.9,0.92,0,"monochromatic",0.8,0.9,0.8,0.71,"good","bad"
"O01854","summer","travel",0.88,0.95,0.7,1,0.84,0.5,1,0.88,0.92,0,"monochromatic",0.8,0.9,0.79,0.83,"good","good"
"O01855","all-season","casual",0.88,0.85,0.39,0.74,0.84,0.24,0.5,0.88,0.55,0,"mixed_harmonious",0.8,0.9,0.8,0.42,"average","good"
"O01856","summer","gym",0.88,0.95,0.64,0.98,0.84,0.5,0.75,0.92,0.9,0,"neutral_dominant",0.8,0.9,0.8,0.8,"good","bad"
"O01857","all-season","casual",0.88,0.85,0.53,0.93,0.84,0.32,0.75,0.88,0.88,0,"monochromatic",0.8,0.9,0.8,0.74,"good","good"
"O01858","all-season","weekend",0.88,0.85,0.35,0.85,0.84,0.44,0.09,0.62,0.78,0,"mixed_harmonious",0.8,0.9,0.79,0.4,"average","average"
"O01859","summer","weekend",1,0.95,0.52,0.92,0.84,0.33,0.75,0.88,0.82,0,"mixed_harmonious",0.8,0.9,0.8,0.74,"good","bad"
"O01860","spring","gym",1,0.8,0.28,1,0.84,0.2,0.28,0.55,0.92,0,"monochromatic",0.8,0.9,0.8,0.42,"average","average"
"O01861","summer","gym",0.88,0.95,0.11,0.92,0.84,0.08,0.09,0.25,0.82,0,"mixed_harmonious",0.8,0.9,0.8,0.34,"bad","average"
"O01862","all-season","casual",0.88,0.85,0.49,0.93,0.87,0.37,0.5,0.88,0.88,0,"monochromatic",0.8,0.9,0.89,0.74,"good","average"
"O01863","summer","office",1,0.95,0.5,0.85,0.84,0.19,1,0.78,0.67,0,"mixed_harmonious",0.8,0.9,0.8,0.42,"average","average"
"O01864","summer","gym",0.88,0.95,0.18,0.85,0.84,0.09,0.09,0.55,0.67,0,"mixed_harmonious",0.8,0.9,0.8,0.34,"bad","average"
"O01865","winter","casual",1,0.95,0.64,0.92,0.84,0.48,0.75,0.88,0.84,0,"complementary",0.8,0.9,0.8,0.78,"good","average"
"O01866","spring","weekend",0.88,0.8,0.53,0.98,0.84,0.42,0.75,0.88,0.91,0,"analogous",0.8,0.9,0.8,0.76,"good","average"
"O01867","all-season","date",0.88,0.85,0.62,0.93,0.87,0.5,0.75,0.9,0.88,0,"monochromatic",0.8,0.9,0.89,0.79,"good","average"
"O01868","all-season","office",0.88,0.85,0.51,0.85,0.84,0.41,0.75,0.78,0.78,0,"mixed_harmonious",0.8,0.9,0.8,0.71,"good","good"
"O01869","all-season","date",0.88,0.85,0.23,0.93,0.84,0.3,0.09,0.32,0.88,0,"monochromatic",0.8,0.9,0.8,0.4,"average","bad"
"O01870","all-season","gym",0.88,0.85,0.52,0.91,0.87,0.54,0.75,0.25,0.86,0,"neutral_dominant",0.8,0.9,0.89,0.74,"good","good"
"O01871","all-season","casual",0.88,0.85,0.62,0.72,0.87,0.5,0.75,0.88,0.49,0,"mixed_harmonious",0.8,0.9,0.89,0.73,"good","good"
"O01872","winter","casual",1,0.95,0.53,1,0.84,0.37,0.75,0.88,0.92,0,"monochromatic",0.8,0.9,0.8,0.76,"good","average"
"O01873","autumn","gym",1,0.95,0.54,1,0.84,0.36,0.75,0.92,0.92,0,"monochromatic",0.8,0.9,0.8,0.77,"good","bad"
"O01874","summer","gym",1,0.95,0.43,0.93,0.84,0.48,0.28,0.55,0.89,0,"analogous",0.8,0.9,0.8,0.7,"good","average"
"O01875","autumn","casual",1,0.95,0.7,0.81,0.84,0.62,0.75,0.88,0.59,0,"mixed_harmonious",0.8,0.9,0.8,0.78,"good","good"
"O01876","autumn","office",1,0.95,0.62,0.77,0.84,0.42,0.75,0.93,0.54,0,"complementary",0.8,0.9,0.8,0.73,"good","average"
"O01877","summer","date",0.62,0.95,0.35,0.94,0.84,0.23,0.28,0.9,0.9,0,"monochromatic",0.8,0.9,0.8,0.4,"average","average"
"O01878","all-season","casual",0.88,0.85,0.63,0.93,0.84,0.52,0.75,0.88,0.88,0,"monochromatic",0.8,0.9,0.79,0.78,"good","average"
"O01879","autumn","gym",1,0.95,0.71,0.92,0.84,0.62,1,0.55,0.82,0,"mixed_harmonious",0.8,0.9,0.8,0.81,"good","good"
"O01880","summer","casual",0.62,1,0.58,1,0.84,0.44,0.75,0.88,0.92,0,"monochromatic",0.8,0.9,0.8,0.78,"good","good"
"O01881","all-season","event",0.88,0.85,0.37,0.78,0.84,0.21,0.75,0.3,0.63,0,"mixed_harmonious",0.8,0.9,0.8,0.42,"average","average"
"O01882","all-season","gym",0.88,0.85,0.49,0.78,0.84,0.21,0.75,0.92,0.63,0,"mixed_harmonious",0.8,0.9,0.8,0.42,"average","bad"
"O01883","winter","casual",1,0.6,0.59,1,0.84,0.48,0.75,0.88,0.92,0,"monochromatic",0.8,0.9,0.8,0.79,"good","good"
"O01884","spring","gym",1,0.95,0.55,0.75,0.84,0.44,0.75,0.55,0.57,0,"mixed_harmonious",0.8,0.9,0.8,0.7,"average","average"
"O01885","winter","office",1,0.95,0.75,1,0.84,0.6,1,0.78,0.92,0,"monochromatic",0.8,0.9,0.8,0.85,"good","average"
"O01886","summer","gym",1,0.95,0.44,0.94,0.84,0.3,0.75,0.55,0.9,0,"monochromatic",0.8,0.9,0.8,0.71,"good","average"
"O01887","all-season","date",1,0.85,0.44,0.93,0.84,0.09,0.75,0.9,0.88,0,"monochromatic",0.8,0.9,0.8,0.4,"average","bad"
"O01888","autumn","casual",0.88,0.95,0.52,0.81,0.84,0.36,0.75,0.88,0.62,0,"complementary",0.8,0.9,0.8,0.7,"good","average"
"O01889","summer","gym",0.88,0.95,0.11,1,0.84,0.08,0.09,0.25,0.92,0,"monochromatic",0.8,0.9,0.8,0.34,"bad","average"
"O01890","autumn","casual",1,0.6,0.5,1,0.84,0.28,0.75,0.88,0.92,0,"monochromatic",0.8,0.9,0.8,0.42,"average","average"
"O01891","spring","date",0.88,0.95,0.6,1,0.84,0.42,0.75,0.9,0.92,0,"monochromatic",0.8,0.9,0.8,0.79,"good","average"
"O01892","autumn","casual",1,0.95,0.41,0.85,0.84,0.09,0.75,0.88,0.67,0,"mixed_harmonious",0.8,0.9,0.8,0.4,"average","average"
"O01893","all-season","date",0.88,0.85,0.5,0.85,0.84,0.23,0.75,0.9,0.8,0,"complementary",0.8,0.9,0.8,0.42,"average","average"
"O01894","autumn","office",1,0.6,0.28,0.85,0.84,0.24,0.5,0.28,0.7,0,"monochromatic",0.8,0.9,0.8,0.42,"average","average"
"O01895","autumn","casual",1,0.6,0.5,0.92,0.84,0.28,0.75,0.88,0.84,0,"complementary",0.8,0.9,0.8,0.42,"average","good"
"O01896","all-season","casual",0.88,0.85,0.5,0.93,0.84,0.26,0.75,0.88,0.88,0,"monochromatic",0.8,0.9,0.8,0.42,"average","good"
"O01897","autumn","gym",1,0.6,0.52,0.92,0.84,0.44,0.75,0.55,0.82,0,"mixed_harmonious",0.8,0.9,0.8,0.74,"good","good"
"O01898","autumn","date",1,0.95,0.61,1,0.84,0.43,0.75,0.9,0.92,0,"monochromatic",0.8,0.9,0.8,0.8,"good","bad"
"O01899","summer","casual",0.88,0.45,0.46,0.98,0.84,0.33,0.75,0.88,0.9,0,"neutral_dominant",0.8,0.9,0.8,0.73,"good","bad"
"O01900","summer","casual",0.88,0.95,0.26,0.85,0.84,0.07,0.28,0.88,0.67,0,"mixed_harmonious",0.8,0.9,0.79,0.4,"average","bad"
"O01901","summer","casual",1,0.95,0.64,1,0.84,0.49,0.75,0.88,0.92,0,"monochromatic",0.8,0.9,0.8,0.81,"good","average"
"O01902","all-season","event",0.88,0.85,0.5,0.75,0.84,0.23,0.75,0.94,0.57,0,"mixed_harmonious",0.8,0.9,0.8,0.42,"average","good"
"O01903","all-season","gym",0.88,0.85,0.52,0.93,0.87,0.54,0.75,0.25,0.88,0,"monochromatic",0.8,0.9,0.89,0.75,"good","average"
"O01904","summer","date",0.88,0.95,0.36,0.85,0.84,0.23,0.28,0.9,0.78,0,"mixed_harmonious",0.8,0.9,0.8,0.4,"average","bad"
"O01905","all-season","date",0.88,0.85,0.23,0.93,0.84,0.3,0.09,0.32,0.88,0,"monochromatic",0.8,0.9,0.8,0.4,"average","average"
"O01906","summer","gym",0.88,0.95,0.45,1,0.84,0.46,0.18,0.92,0.92,0,"monochromatic",0.8,0.9,0.8,0.4,"average","bad"
"O01907","winter","casual",0.62,0.95,0.46,1,0.84,0.29,0.75,0.88,0.92,0,"monochromatic",0.8,0.9,0.8,0.74,"good","average"
"O01908","summer","casual",0.88,1,0.51,0.85,0.84,0.23,0.75,0.88,0.78,0,"mixed_harmonious",0.8,0.9,0.8,0.42,"average","average"
"O01909","summer","office",1,0.95,0.6,0.73,0.84,0.38,0.75,0.93,0.56,0,"triadic",0.8,0.9,0.8,0.71,"good","average"
"O01910","all-season","office",0.62,0.85,0.23,0.85,0.87,0.09,0.09,0.93,0.78,0,"mixed_harmonious",0.8,0.9,0.89,0.34,"bad","average"
"O01911","all-season","date",0.88,0.85,0.13,0.85,0.84,0.09,0.09,0.32,0.78,0,"mixed_harmonious",0.8,0.9,0.8,0.34,"bad","average"
"O01912","summer","casual",0.88,0.95,0.46,0.94,0.84,0.44,0.41,0.88,0.9,0,"monochromatic",0.8,0.9,0.79,0.72,"good","average"
"O01913","all-season","office",0.88,0.85,0.25,0.93,0.84,0.09,0.09,0.93,0.88,0,"monochromatic",0.8,0.9,0.8,0.34,"bad","average"
"O01914","summer","date",1,0.95,0.51,0.85,0.84,0.3,0.75,0.9,0.78,0,"mixed_harmonious",0.8,0.9,0.8,0.71,"good","good"
"O01915","all-season","casual",0.88,0.85,0.64,0.85,0.87,0.54,0.75,0.88,0.78,0,"mixed_harmonious",0.8,0.9,0.89,0.77,"good","good"
"O01916","summer","gym",0.88,0.95,0.29,0.85,0.84,0.44,0.09,0.25,0.78,0,"mixed_harmonious",0.8,0.9,0.8,0.4,"average","good"
"O01917","summer","casual",1,0.95,0.66,0.67,0.84,0.68,0.5,0.88,0.57,0,"mixed_harmonious",0.8,0.9,0.8,0.72,"good","average"
"O01918","autumn","office",0.88,0.95,0.52,1,0.84,0.41,0.75,0.78,0.92,0,"monochromatic",0.8,0.9,0.8,0.76,"good","average"
"O01919","autumn","gym",1,0.95,0.54,0.81,0.84,0.36,0.75,0.92,0.59,0,"mixed_harmonious",0.8,0.9,0.8,0.71,"good","good"
"O01920","autumn","gym",1,0.6,0.65,1,0.84,0.74,0.75,0.55,0.92,0,"monochromatic",0.8,0.9,0.8,0.81,"good","good"
"O01921","spring","office",0.88,0.95,0.6,0.81,0.84,0.42,0.75,0.93,0.59,0,"mixed_harmonious",0.8,0.9,0.8,0.74,"good","average"
"O01922","autumn","casual",1,0.95,0.66,0.92,0.84,0.68,0.5,0.88,0.84,0,"complementary",0.8,0.9,0.8,0.79,"good","average"
"O01923","summer","travel",0.88,0.95,0.33,0.98,0.84,0.23,0.28,0.72,0.9,0,"neutral_dominant",0.8,0.9,0.8,0.42,"average","average"
"O01924","all-season","casual",0.88,0.85,0.59,0.92,0.84,0.43,0.75,0.88,0.87,0,"analogous",0.8,0.9,0.8,0.76,"good","bad"
"O01925","autumn","casual",1,0.95,0.51,0.91,0.84,0.23,0.75,0.88,0.79,0,"mixed_harmonious",0.8,0.9,0.8,0.42,"average","average"
"O01926","spring","office",1,0.95,0.54,0.92,0.84,0.68,0.5,0.28,0.84,0,"complementary",0.8,0.9,0.8,0.74,"good","average"
"O01927","summer","casual",1,0.95,0.52,1,0.84,0.33,0.75,0.88,0.92,0,"monochromatic",0.8,0.9,0.8,0.76,"good","average"
"O01928","all-season","casual",0.88,0.85,0.35,0.91,0.84,0.08,0.5,0.88,0.86,0,"neutral_dominant",0.8,0.9,0.79,0.34,"bad","good"
"O01929","all-season","gym",0.88,0.85,0.52,0.93,0.84,0.43,0.75,0.55,0.88,0,"monochromatic",0.8,0.9,0.8,0.74,"good","good"
"O01930","all-season","office",1,0.85,0.81,0.74,0.84,0.7,1,0.93,0.55,0,"mixed_harmonious",0.8,0.9,0.8,0.8,"good","average"
"O01931","all-season","date",0.88,0.85,0.13,0.85,0.87,0.09,0.09,0.32,0.78,0,"mixed_harmonious",0.8,0.9,0.89,0.34,"bad","good"
"O01932","spring","date",0.88,0.95,0.6,0.9,0.84,0.43,0.75,0.9,0.73,0,"analogous",0.8,0.9,0.8,0.76,"good","good"
"O01933","summer","gym",0.88,1,0.38,0.94,0.84,0.18,0.5,0.92,0.9,0,"monochromatic",0.8,0.9,0.8,0.42,"average","average"
"O01934","summer","gym",0.88,0.95,0.22,0.92,0.84,0.33,0.09,0.25,0.82,0,"mixed_harmonious",0.8,0.9,0.8,0.4,"average","average"
"O01935","all-season","weekend",1,0.85,0.69,0.93,0.84,0.62,0.75,0.88,0.88,0,"monochromatic",0.8,0.9,0.8,0.81,"good","average"
"O01936","all-season","office",0.88,0.85,0.44,0.85,0.87,0.47,0.14,0.93,0.78,0,"mixed_harmonious",0.8,0.9,0.89,0.69,"average","average"
"O01937","winter","date",1,0.95,0.61,0.91,0.84,0.42,0.75,0.9,0.79,0,"mixed_harmonious",0.8,0.9,0.8,0.77,"good","bad"
"O01938","summer","casual",0.88,1,0.51,1,0.84,0.24,0.75,0.88,0.92,0,"monochromatic",0.8,0.9,0.8,0.42,"average","average"
"O01939","summer","casual",1,0.95,0.44,0.81,0.84,0.08,0.75,0.88,0.62,0,"complementary",0.8,0.9,0.8,0.4,"average","bad"
"O01940","autumn","casual",1,0.6,0.58,1,0.84,0.44,0.75,0.88,0.92,0,"monochromatic",0.8,0.9,0.8,0.78,"good","average"
"O01941","all-season","casual",0.88,0.85,0.43,0.91,0.84,0.18,0.75,0.88,0.86,0,"neutral_dominant",0.8,0.9,0.79,0.42,"average","good"
"O01942","all-season","gym",0.88,0.85,0.56,0.93,0.84,0.35,1,0.55,0.88,0,"monochromatic",0.8,0.9,0.8,0.76,"good","good"
"O01943","all-season","gym",0.62,0.85,0.38,0.85,0.84,0.09,0.75,0.92,0.78,0,"mixed_harmonious",0.8,0.9,0.8,0.4,"average","average"
"O01944","all-season","gym",0.88,0.85,0.68,0.78,0.84,0.6,1,0.55,0.63,0,"mixed_harmonious",0.8,0.9,0.8,0.76,"good","good"
"O01945","summer","office",1,0.95,0.38,0.98,0.84,0.08,0.75,0.78,0.9,0,"neutral_dominant",0.8,0.9,0.8,0.4,"average","good"
"O01946","autumn","office",1,0.6,0.59,0.98,0.84,0.44,0.75,0.93,0.9,0,"neutral_dominant",0.8,0.9,0.8,0.78,"good","bad"
"O01947","spring","gym",1,0.95,0.64,0.92,0.84,0.62,0.75,0.55,0.82,0,"mixed_harmonious",0.8,0.9,0.8,0.78,"good","good"
"O01948","winter","gym",1,0.95,0.54,0.83,0.84,0.42,0.75,0.55,0.69,0,"analogous",0.8,0.9,0.8,0.72,"good","average"
"O01949","winter","travel",1,0.6,0.62,1,0.84,0.53,0.75,0.88,0.92,0,"monochromatic",0.8,0.9,0.8,0.8,"good","average"
"O01950","all-season","weekend",1,0.85,0.61,0.93,0.84,0.46,0.75,0.88,0.88,0,"monochromatic",0.8,0.9,0.8,0.78,"good","average"
"O01951","summer","casual",0.88,0.95,0.26,0.75,0.84,0.07,0.28,0.88,0.57,0,"mixed_harmonious",0.8,0.9,0.79,0.4,"average","good"
"O01952","spring","date",1,0.8,0.27,1,0.84,0.07,0.28,0.9,0.92,0,"monochromatic",0.8,0.9,0.8,0.4,"average","average"
"O01953","summer","office",1,0.95,0.69,1,0.84,0.57,0.75,0.93,0.92,0,"monochromatic",0.8,0.9,0.8,0.83,"good","good"
"O01954","autumn","office",0.88,0.95,0.6,0.92,0.84,0.42,0.75,0.93,0.82,0,"mixed_harmonious",0.8,0.9,0.8,0.77,"good","average"
"O01955","all-season","office",0.88,0.85,0.5,0.93,0.84,0.33,0.75,0.93,0.88,0,"monochromatic",0.8,0.9,0.8,0.73,"good","bad"
"O01956","all-season","date",0.88,0.85,0.28,0.93,0.84,0.2,0.5,0.32,0.88,0,"monochromatic",0.8,0.9,0.8,0.42,"average","average"
"O01957","all-season","gym",0.88,0.85,0.52,0.93,0.87,0.54,0.75,0.25,0.88,0,"monochromatic",0.8,0.9,0.89,0.75,"good","average"
"O01958","all-season","travel",0.88,0.85,0.64,0.93,0.84,0.55,0.75,0.88,0.88,0,"monochromatic",0.8,0.9,0.8,0.79,"good","average"
"O01959","all-season","gym",0.88,0.85,0.56,0.91,0.87,0.63,0.75,0.25,0.86,0,"neutral_dominant",0.8,0.9,0.89,0.76,"good","average"
"O01960","summer","gym",0.88,0.95,0.48,1,0.84,0.52,0.18,0.92,0.92,0,"monochromatic",0.8,0.9,0.8,0.4,"average","average"
"O01961","spring","office",1,0.95,0.62,0.92,0.84,0.42,0.75,0.93,0.84,0,"complementary",0.8,0.9,0.8,0.78,"good","bad"
"O01962","all-season","gym",0.88,0.85,0.56,0.84,0.87,0.63,0.75,0.25,0.75,0,"mixed_harmonious",0.8,0.9,0.89,0.74,"good","bad"
"O01963","all-season","date",0.88,0.85,0.39,0.85,0.84,0.09,0.75,0.9,0.8,0,"complementary",0.8,0.9,0.8,0.4,"average","average"
"O01964","all-season","date",0.88,0.85,0.46,0.85,0.84,0.32,0.75,0.68,0.78,0,"mixed_harmonious",0.8,0.9,0.8,0.69,"average","average"
"O01965","winter","office",0.88,0.95,0.55,1,0.84,0.42,0.75,0.93,0.92,0,"monochromatic",0.8,0.9,0.8,0.77,"good","average"
"O01966","all-season","casual",0.88,0.85,0.62,0.93,0.87,0.5,0.75,0.88,0.88,0,"monochromatic",0.8,0.9,0.89,0.79,"good","good"
"O01967","spring","casual",1,0.8,0.54,1,0.84,0.42,0.75,0.88,0.92,0,"monochromatic",0.8,0.9,0.8,0.77,"good","good"
"O01968","autumn","office",1,0.6,0.59,1,0.84,0.44,0.75,0.93,0.92,0,"monochromatic",0.8,0.9,0.8,0.79,"good","average"
"O01969","summer","date",1,0.95,0.4,1,0.84,0.06,0.75,0.9,0.92,0,"monochromatic",0.8,0.9,0.8,0.4,"average","good"
"O01970","all-season","gym",0.88,0.85,0.36,0.93,0.84,0.09,0.75,0.55,0.88,0,"monochromatic",0.8,0.9,0.8,0.4,"average","average"
"O01971","all-season","office",1,0.85,0.62,0.93,0.84,0.46,0.75,0.93,0.88,0,"monochromatic",0.8,0.9,0.8,0.78,"good","average"
"O01972","autumn","gym",1,0.95,0.64,0.85,0.84,0.62,0.75,0.55,0.67,0,"mixed_harmonious",0.8,0.9,0.8,0.76,"good","good"
"O01973","all-season","date",0.88,0.85,0.64,0.68,0.87,0.54,0.75,0.9,0.46,0,"triadic",0.8,0.9,0.89,0.72,"good","average"
"O01974","autumn","date",1,0.95,0.61,1,0.84,0.42,0.75,0.9,0.92,0,"monochromatic",0.8,0.9,0.8,0.8,"good","good"
"O01975","autumn","date",1,0.95,0.61,1,0.84,0.43,0.75,0.9,0.92,0,"monochromatic",0.8,0.9,0.8,0.8,"good","bad"
"O01976","spring","office",0.62,0.95,0.69,0.76,0.84,0.74,0.75,0.78,0.52,0,"complementary",0.8,0.9,0.8,0.76,"good","bad"
"O01977","spring","office",1,0.95,0.76,0.92,0.84,0.62,1,0.78,0.84,0,"complementary",0.8,0.9,0.8,0.83,"good","average"
"O01978","summer","gym",0.88,1,0.52,1,0.84,0.24,0.75,0.92,0.92,0,"monochromatic",0.8,0.9,0.8,0.42,"average","average"
"O01979","summer","gym",1,0.95,0.58,1,0.84,0.46,1,0.55,0.92,0,"monochromatic",0.8,0.9,0.8,0.78,"good","average"
"O01980","all-season","casual",0.88,0.85,0.21,0.78,0.84,0.18,0.09,0.62,0.63,0,"mixed_harmonious",0.8,0.9,0.8,0.42,"average","good"
"O01981","all-season","travel",0.88,0.85,0.47,0.93,0.84,0.18,0.75,0.88,0.88,0,"monochromatic",0.8,0.9,0.8,0.42,"average","average"
"O01982","autumn","date",1,0.95,0.12,1,0.84,0.07,0.09,0.32,0.92,0,"monochromatic",0.8,0.9,0.8,0.34,"bad","average"
"O01983","summer","gym",0.88,0.95,0.48,0.95,0.84,0.52,0.18,0.92,0.82,0,"monochromatic",0.8,0.9,0.8,0.4,"average","good"
"O01984","autumn","casual",1,0.6,0.58,0.92,0.84,0.44,0.75,0.88,0.82,0,"mixed_harmonious",0.8,0.9,0.8,0.76,"good","average"
"O01985","summer","gym",0.88,0.95,0.58,0.67,0.84,0.52,0.5,0.92,0.57,0,"mixed_harmonious",0.8,0.9,0.8,0.69,"average","bad"
"O01986","summer","date",0.88,0.95,0.4,0.94,0.84,0.3,0.28,0.9,0.9,0,"monochromatic",0.8,0.9,0.8,0.69,"average","bad"
"O01987","all-season","office",0.88,0.85,0.44,0.93,0.84,0.24,0.75,0.78,0.88,0,"monochromatic",0.8,0.9,0.79,0.42,"average","good"
"O01988","spring","office",1,0.95,0.74,0.91,0.84,0.74,0.75,0.78,0.79,0,"mixed_harmonious",0.8,0.9,0.8,0.82,"good","bad"
"O01989","winter","date",1,0.95,0.56,0.98,0.84,0.42,0.75,0.9,0.91,0,"analogous",0.8,0.9,0.8,0.77,"good","good"
"O01990","summer","gym",0.88,0.95,0.18,0.85,0.84,0.09,0.09,0.55,0.78,0,"mixed_harmonious",0.8,0.9,0.8,0.4,"average","good"
"O01991","all-season","office",0.88,0.85,0.25,0.93,0.87,0.09,0.09,0.93,0.88,0,"monochromatic",0.8,0.9,0.89,0.34,"bad","good"
"O01992","all-season","date",0.88,0.85,0.64,0.85,0.87,0.54,0.75,0.9,0.78,0,"mixed_harmonious",0.8,0.9,0.89,0.77,"good","good"
"O01993","all-season","gym",0.88,0.85,0.52,0.91,0.87,0.54,0.75,0.25,0.86,0,"neutral_dominant",0.8,0.9,0.89,0.74,"good","bad"
"O01994","summer","gym",0.88,0.95,0.73,0.92,0.84,0.68,0.75,0.92,0.82,0,"mixed_harmonious",0.8,0.9,0.8,0.82,"good","good"
"O01995","autumn","office",1,0.95,0.62,0.92,0.84,0.42,0.75,0.93,0.82,0,"mixed_harmonious",0.8,0.9,0.8,0.78,"good","average"
"O01996","all-season","gym",0.88,0.85,0.57,0.93,0.84,0.53,0.75,0.55,0.88,0,"monochromatic",0.8,0.9,0.8,0.76,"good","average"
"O01997","all-season","travel",0.88,0.85,0.29,0.78,0.84,0.09,0.28,0.88,0.63,0,"mixed_harmonious",0.8,0.9,0.79,0.34,"bad","average"
"O01998","winter","casual",0.88,0.6,0.58,0.91,0.84,0.48,0.75,0.88,0.74,0,"monochromatic",0.8,0.9,0.8,0.76,"good","average"
"O01999","summer","date",1,0.95,0.3,0.98,0.84,0.08,0.28,0.9,0.9,0,"neutral_dominant",0.8,0.9,0.8,0.4,"average","bad"
"O02000","summer","gym",0.88,1,0.38,0.85,0.84,0.18,0.5,0.92,0.67,0,"mixed_harmonious",0.8,0.9,0.8,0.42,"average","average"
"O02001","all-season","travel",0.62,0.85,0.41,0.84,0.87,0.1,0.75,0.88,0.75,0,"mixed_harmonious",0.8,0.9,0.89,0.4,"average","average"
"O02002","winter","office",1,0.95,0.54,0.85,0.84,0.37,0.75,0.93,0.67,0,"mixed_harmonious",0.8,0.9,0.8,0.72,"good","average"
"O02003","all-season","date",0.88,0.85,0.51,0.78,0.84,0.26,0.75,0.9,0.63,0,"mixed_harmonious",0.8,0.9,0.8,0.4,"average","bad"
"O02004","spring","casual",1,0.8,0.51,0.81,0.84,0.46,0.41,0.88,0.62,0,"complementary",0.8,0.9,0.8,0.7,"average","good"
"O02005","summer","date",0.88,0.95,0.4,0.92,0.84,0.3,0.28,0.9,0.82,0,"mixed_harmonious",0.8,0.9,0.8,0.69,"average","good"
"O02006","spring","date",1,0.95,0.66,0.98,0.84,0.53,0.75,0.9,0.91,0,"analogous",0.8,0.9,0.8,0.81,"good","good"
"O02007","autumn","casual",1,0.95,0.61,1,0.84,0.43,0.75,0.88,0.92,0,"monochromatic",0.8,0.9,0.8,0.8,"good","good"
"O02008","all-season","travel",0.88,0.85,0.42,0.93,0.84,0.16,0.75,0.88,0.88,0,"monochromatic",0.8,0.9,0.8,0.42,"average","average"
"O02009","all-season","casual",0.62,0.85,0.64,0.93,0.84,0.62,0.75,0.88,0.88,0,"monochromatic",0.8,0.9,0.8,0.79,"good","average"
"O02010","all-season","gym",1,0.85,0.65,0.85,0.84,0.67,0.75,0.55,0.78,0,"mixed_harmonious",0.8,0.9,0.8,0.77,"good","average"
"O02011","summer","casual",0.88,1,0.58,1,0.84,0.24,1,0.88,0.92,0,"monochromatic",0.8,0.9,0.79,0.42,"average","average"
"O02012","summer","gym",0.62,0.95,0.11,1,0.84,0.09,0.09,0.25,0.92,0,"monochromatic",0.8,0.9,0.8,0.34,"bad","average"
"O02013","all-season","gym",1,0.85,0.65,0.93,0.84,0.67,0.75,0.55,0.88,0,"monochromatic",0.8,0.9,0.8,0.79,"good","average"
"O02014","all-season","travel",0.88,0.85,0.65,0.93,0.84,0.62,0.75,0.72,0.88,0,"monochromatic",0.8,0.9,0.8,0.79,"good","bad"
"O02015","all-season","gym",0.88,0.85,0.5,0.93,0.84,0.32,0.75,0.92,0.88,0,"monochromatic",0.8,0.9,0.8,0.73,"good","average"
"O02016","summer","casual",0.88,1,0.51,0.85,0.84,0.23,0.75,0.88,0.67,0,"mixed_harmonious",0.8,0.9,0.8,0.42,"average","bad"
"O02017","autumn","casual",1,0.6,0.58,0.98,0.84,0.44,0.75,0.88,0.9,0,"neutral_dominant",0.8,0.9,0.8,0.78,"good","average"
"O02018","all-season","casual",0.88,0.85,0.53,0.74,0.84,0.32,0.75,0.88,0.55,0,"mixed_harmonious",0.8,0.9,0.8,0.69,"average","good"
"O02019","spring","office",1,0.95,0.23,1,0.84,0.07,0.09,0.93,0.92,0,"monochromatic",0.8,0.9,0.8,0.34,"bad","good"
"O02020","autumn","gym",1,0.95,0.59,1,0.84,0.53,0.75,0.55,0.92,0,"monochromatic",0.8,0.9,0.8,0.79,"good","average"
"O02021","all-season","travel",0.88,0.85,0.38,0.85,0.84,0.21,0.5,0.72,0.78,0,"mixed_harmonious",0.8,0.9,0.8,0.42,"average","bad"
"O02022","all-season","date",0.88,0.85,0.35,0.91,0.84,0.08,0.5,0.9,0.86,0,"neutral_dominant",0.8,0.9,0.79,0.34,"bad","bad"
"O02023","all-season","casual",0.88,0.85,0.36,0.85,0.84,0.1,0.5,0.88,0.78,0,"mixed_harmonious",0.8,0.9,0.8,0.4,"average","average"
"O02024","all-season","date",0.88,0.85,0.52,0.85,0.84,0.28,0.75,0.9,0.7,0,"monochromatic",0.8,0.9,0.8,0.72,"good","average"
"O02025","all-season","casual",0.88,0.85,0.57,0.93,0.87,0.54,0.5,0.88,0.88,0,"monochromatic",0.8,0.9,0.89,0.77,"good","average"
"O02026","autumn","casual",1,0.95,0.7,0.98,0.84,0.62,0.75,0.88,0.9,0,"neutral_dominant",0.8,0.9,0.8,0.83,"good","bad"
"O02027","autumn","weekend",1,0.95,0.78,1,0.84,0.63,1,0.88,0.92,0,"monochromatic",0.8,0.9,0.8,0.86,"good","average"
"O02028","summer","event",0.88,0.95,0.28,0.81,0.87,0.09,0.18,0.94,0.59,0,"mixed_harmonious",0.8,0.9,0.89,0.4,"average","bad"
"O02029","all-season","casual",1,0.85,0.57,0.78,0.84,0.38,0.75,0.88,0.63,0,"mixed_harmonious",0.8,0.9,0.8,0.71,"good","average"
"O02030","spring","casual",1,0.95,0.78,0.92,0.84,0.62,1,0.88,0.82,0,"mixed_harmonious",0.8,0.9,0.8,0.84,"good","average"
"O02031","all-season","casual",0.88,0.85,0.24,0.73,0.87,0.21,0.14,0.62,0.56,0,"complementary",0.8,0.9,0.89,0.42,"average","average"
"O02032","autumn","office",1,0.95,0.59,0.94,0.84,0.42,0.75,0.78,0.9,0,"monochromatic",0.8,0.9,0.8,0.77,"good","good"
"O02033","spring","casual",1,0.95,0.17,0.92,0.84,0.07,0.09,0.62,0.82,0,"mixed_harmonious",0.8,0.9,0.8,0.34,"bad","bad"
"O02034","all-season","date",0.88,0.85,0.55,0.84,0.84,0.34,0.75,0.9,0.75,0,"mixed_harmonious",0.8,0.9,0.8,0.72,"good","good"
"O02035","all-season","casual",1,0.85,0.55,0.93,0.84,0.32,0.75,0.88,0.88,0,"monochromatic",0.8,0.9,0.8,0.75,"good","average"
"O02036","all-season","date",0.88,0.85,0.64,0.93,0.87,0.54,0.75,0.9,0.88,0,"monochromatic",0.8,0.9,0.89,0.8,"good","average"
"O02037","all-season","date",0.88,0.85,0.39,0.75,0.84,0.09,0.75,0.9,0.57,0,"mixed_harmonious",0.8,0.9,0.8,0.4,"average","average"
"O02038","all-season","office",0.88,0.85,0.44,0.93,0.87,0.47,0.14,0.93,0.88,0,"monochromatic",0.8,0.9,0.89,0.72,"good","good"
"O02039","all-season","gym",0.88,0.85,0.48,0.93,0.84,0.48,0.5,0.55,0.88,0,"monochromatic",0.8,0.9,0.79,0.72,"good","bad"
"O02040","spring","office",1,0.95,0.67,1,0.84,0.53,0.75,0.93,0.92,0,"monochromatic",0.8,0.9,0.8,0.82,"good","bad"
"O02041","autumn","office",1,0.6,0.48,0.92,0.84,0.28,0.75,0.78,0.82,0,"mixed_harmonious",0.8,0.9,0.8,0.42,"average","average"
"O02042","all-season","office",0.88,0.85,0.4,0.88,0.84,0.09,0.75,0.93,0.78,0,"monochromatic",0.8,0.9,0.8,0.4,"average","bad"
"O02043","all-season","office",0.88,0.85,0.27,0.78,0.84,0.2,0.5,0.28,0.63,0,"mixed_harmonious",0.8,0.9,0.8,0.42,"average","good"
"O02044","spring","casual",1,0.95,0.41,1,0.84,0.09,0.75,0.88,0.92,0,"monochromatic",0.8,0.9,0.8,0.4,"average","bad"
"O02045","autumn","casual",0.62,0.95,0.49,0.92,0.84,0.36,0.75,0.88,0.82,0,"mixed_harmonious",0.8,0.9,0.8,0.72,"good","average"
"O02046","all-season","casual",0.88,0.85,0.3,0.93,0.84,0.18,0.28,0.88,0.88,0,"monochromatic",0.8,0.9,0.79,0.42,"average","good"
"O02047","autumn","date",1,0.95,0.55,0.92,0.84,0.68,0.5,0.32,0.82,0,"mixed_harmonious",0.8,0.9,0.8,0.75,"good","good"
"O02048","summer","date",0.88,0.95,0.59,0.92,0.84,0.7,0.41,0.68,0.82,0,"mixed_harmonious",0.8,0.9,0.8,0.76,"good","average"
"O02049","all-season","office",0.88,0.85,0.33,0.85,0.84,0.09,0.5,0.78,0.78,0,"mixed_harmonious",0.8,0.9,0.79,0.4,"average","average"
"O02050","all-season","office",0.88,0.85,0.25,0.93,0.84,0.09,0.09,0.93,0.88,0,"monochromatic",0.8,0.9,0.8,0.34,"bad","bad"
"O02051","autumn","date",1,0.95,0.61,1,0.84,0.42,0.75,0.9,0.92,0,"monochromatic",0.8,0.9,0.8,0.8,"good","good"
"O02052","summer","gym",1,0.95,0.58,0.88,0.84,0.46,1,0.55,0.78,0,"monochromatic",0.8,0.9,0.8,0.75,"good","average"
"O02053","summer","gym",1,0.95,0.59,1,0.84,0.38,0.75,0.92,0.92,0,"monochromatic",0.8,0.9,0.8,0.79,"good","average"
"O02054","autumn","date",1,0.95,0.12,1,0.84,0.07,0.09,0.32,0.92,0,"monochromatic",0.8,0.9,0.8,0.34,"bad","average"
"O02055","summer","casual",1,0.95,0.4,0.92,0.84,0.08,0.75,0.88,0.82,0,"mixed_harmonious",0.8,0.9,0.8,0.4,"average","bad"
"O02056","all-season","casual",0.62,0.85,0.39,0.93,0.87,0.2,0.5,0.88,0.88,0,"monochromatic",0.8,0.9,0.89,0.42,"average","good"
"O02057","all-season","office",0.88,0.85,0.52,0.93,0.84,0.28,0.75,0.93,0.88,0,"monochromatic",0.8,0.9,0.8,0.74,"good","average"
"O02058","all-season","casual",0.88,0.85,0.58,0.91,0.84,0.26,1,0.88,0.86,0,"neutral_dominant",0.8,0.9,0.8,0.42,"average","bad"
"O02059","all-season","travel",0.88,0.85,0.37,0.74,0.84,0.44,0.09,0.72,0.58,0,"complementary",0.8,0.9,0.79,0.4,"average","average"
"O02060","summer","casual",1,0.95,0.68,1,0.84,0.57,0.75,0.88,0.92,0,"monochromatic",0.8,0.9,0.8,0.82,"good","bad"
"O02061","summer","gym",0.88,0.95,0.12,0.93,0.84,0.09,0.09,0.25,0.89,0,"analogous",0.8,0.9,0.8,0.34,"bad","bad"
"O02062","all-season","casual",0.88,0.85,0.52,0.93,0.84,0.28,0.75,0.88,0.88,0,"monochromatic",0.8,0.9,0.8,0.42,"average","average"
"O02063","all-season","office",0.88,0.85,0.5,0.93,0.84,0.23,0.75,0.93,0.88,0,"monochromatic",0.8,0.9,0.8,0.42,"average","good"
"O02064","autumn","office",1,0.6,0.7,1,0.84,0.74,0.75,0.78,0.92,0,"monochromatic",0.8,0.9,0.8,0.83,"good","good"
"O02065","summer","office",1,0.45,0.25,1,0.84,0.08,0.28,0.78,0.92,0,"monochromatic",0.8,0.9,0.8,0.4,"average","average"
"O02066","all-season","casual",0.88,0.85,0.49,0.93,0.84,0.31,0.75,0.88,0.88,0,"monochromatic",0.8,0.9,0.8,0.73,"good","average"
"O02067","autumn","date",0.88,0.95,0.6,0.92,0.84,0.43,0.75,0.9,0.82,0,"mixed_harmonious",0.8,0.9,0.8,0.77,"good","good"
"O02068","winter","casual",1,0.95,0.66,1,0.84,0.68,0.5,0.88,0.92,0,"monochromatic",0.8,0.9,0.8,0.82,"good","average"
"O02069","summer","gym",0.88,0.95,0.15,1,0.84,0.07,0.09,0.55,0.92,0,"monochromatic",0.8,0.9,0.8,0.4,"average","good"
"O02070","all-season","travel",0.88,0.85,0.49,0.93,0.84,0.32,0.75,0.88,0.88,0,"monochromatic",0.8,0.9,0.8,0.73,"good","good"
"O02071","all-season","casual",0.88,0.85,0.62,0.93,0.87,0.5,0.75,0.88,0.88,0,"monochromatic",0.8,0.9,0.89,0.79,"good","average"
"O02072","autumn","office",1,0.6,0.7,0.98,0.84,0.74,0.75,0.78,0.91,0,"analogous",0.8,0.9,0.8,0.83,"good","good"
"O02073","spring","gym",1,0.95,0.7,0.92,0.84,0.74,0.75,0.55,0.82,0,"mixed_harmonious",0.8,0.9,0.8,0.81,"good","average"
"O02074","all-season","casual",1,0.85,0.61,0.85,0.84,0.46,0.75,0.88,0.78,0,"mixed_harmonious",0.8,0.9,0.8,0.75,"good","average"
"O02075","autumn","office",1,0.95,0.79,1,0.84,0.63,1,0.93,0.92,0,"monochromatic",0.8,0.9,0.8,0.87,"good","average"
"O02076","autumn","casual",1,0.95,0.51,1,0.84,0.23,0.75,0.88,0.92,0,"monochromatic",0.8,0.9,0.8,0.42,"average","good"
"O02077","summer","office",1,0.8,0.52,0.98,0.84,0.42,0.75,0.78,0.9,0,"neutral_dominant",0.8,0.9,0.8,0.75,"good","average"
"O02078","spring","date",0.62,0.95,0.38,0.81,0.84,0.09,0.75,0.9,0.62,0,"complementary",0.8,0.9,0.8,0.4,"average","average"
"O02079","all-season","office",1,0.85,0.81,0.93,0.84,0.7,1,0.93,0.88,0,"monochromatic",0.8,0.9,0.8,0.86,"good","average"
"O02080","summer","casual",0.88,0.95,0.53,1,0.84,0.38,0.75,0.88,0.92,0,"monochromatic",0.8,0.9,0.8,0.76,"good","average"
"O02081","all-season","casual",0.62,0.85,0.48,0.78,0.84,0.26,0.75,0.88,0.63,0,"mixed_harmonious",0.8,0.9,0.8,0.4,"average","average"
"O02082","all-season","casual",0.88,0.85,0.42,0.85,0.84,0.09,0.75,0.88,0.78,0,"mixed_harmonious",0.8,0.9,0.8,0.4,"average","average"
"O02083","all-season","office",0.88,0.85,0.49,0.85,0.84,0.26,0.75,0.78,0.8,0,"complementary",0.8,0.9,0.8,0.42,"average","bad"
"O02084","autumn","office",1,0.95,0.71,0.91,0.84,0.62,0.75,0.93,0.79,0,"mixed_harmonious",0.8,0.9,0.8,0.81,"good","average"
"O02085","summer","office",1,0.45,0.3,0.85,0.84,0.17,0.41,0.78,0.7,0,"monochromatic",0.8,0.9,0.8,0.42,"average","good"
"O02086","autumn","date",1,0.95,0.61,0.81,0.84,0.43,0.75,0.9,0.59,0,"mixed_harmonious",0.8,0.9,0.8,0.74,"good","bad"
"O02087","summer","date",1,0.95,0.29,0.85,0.84,0.12,0.28,0.9,0.78,0,"mixed_harmonious",0.8,0.9,0.8,0.42,"average","average"
"O02088","all-season","casual",0.88,0.85,0.49,0.85,0.84,0.23,0.75,0.88,0.78,0,"mixed_harmonious",0.8,0.9,0.8,0.42,"average","good"
"O02089","summer","casual",0.88,0.95,0.43,1,0.84,0.08,0.75,0.88,0.92,0,"monochromatic",0.8,0.9,0.8,0.4,"average","average"
"O02090","summer","casual",1,0.95,0.49,0.92,0.84,0.48,0.28,0.88,0.82,0,"mixed_harmonious",0.8,0.9,0.8,0.72,"good","good"
"O02091","summer","gym",0.88,0.95,0.17,0.93,0.84,0.08,0.09,0.55,0.89,0,"analogous",0.8,0.9,0.8,0.34,"bad","good"
"O02092","autumn","casual",0.88,0.6,0.56,1,0.84,0.44,0.75,0.88,0.92,0,"monochromatic",0.8,0.9,0.8,0.78,"good","good"
"O02093","autumn","gym",1,0.95,0.71,1,0.84,0.62,1,0.55,0.92,0,"monochromatic",0.8,0.9,0.8,0.84,"good","good"
"O02094","summer","gym",0.88,1,0.39,0.92,0.84,0.2,0.5,0.92,0.82,0,"mixed_harmonious",0.8,0.9,0.8,0.42,"average","good"
"O02095","all-season","casual",0.88,0.85,0.58,0.93,0.84,0.26,1,0.88,0.88,0,"monochromatic",0.8,0.9,0.8,0.42,"average","average"
"O02096","all-season","casual",0.88,0.85,0.49,0.85,0.84,0.31,0.75,0.88,0.78,0,"mixed_harmonious",0.8,0.9,0.8,0.7,"good","average"
"O02097","summer","gym",0.88,0.95,0.33,0.74,0.84,0.21,0.41,0.55,0.58,0,"complementary",0.8,0.9,0.8,0.42,"average","bad"
"O02098","all-season","gym",0.88,0.85,0.47,0.93,0.84,0.32,0.75,0.55,0.88,0,"monochromatic",0.8,0.9,0.8,0.72,"good","average"
"O02099","winter","office",1,0.6,0.67,0.92,0.84,0.69,0.75,0.78,0.84,0,"complementary",0.8,0.9,0.8,0.8,"good","good"
"O02100","summer","gym",0.88,0.95,0.35,1,0.84,0.44,0.09,0.55,0.92,0,"monochromatic",0.8,0.9,0.8,0.4,"average","good"
"O02101","all-season","casual",0.88,0.85,0.43,0.85,0.87,0.33,0.5,0.88,0.78,0,"mixed_harmonious",0.8,0.9,0.89,0.69,"average","average"
"O02102","summer","casual",1,0.95,0.68,0.85,0.84,0.57,0.75,0.88,0.67,0,"mixed_harmonious",0.8,0.9,0.8,0.78,"good","average"
"O02103","all-season","weekend",0.88,0.85,0.85,0.93,0.84,0.84,1,0.88,0.88,0,"monochromatic",0.8,0.9,0.8,0.87,"good","average"
"O02104","spring","date",1,0.95,0.61,0.98,0.84,0.42,0.75,0.9,0.9,0,"neutral_dominant",0.8,0.9,0.8,0.79,"good","average"
"O02105","summer","casual",1,0.95,0.64,0.67,0.84,0.46,1,0.88,0.57,0,"mixed_harmonious",0.8,0.9,0.8,0.71,"good","average"
"O02106","all-season","casual",0.88,0.85,0.46,0.93,0.84,0.24,0.75,0.88,0.88,0,"monochromatic",0.8,0.9,0.79,0.42,"average","average"
"O02107","all-season","casual",0.88,0.85,0.5,0.93,0.84,0.33,0.75,0.88,0.88,0,"monochromatic",0.8,0.9,0.8,0.73,"good","good"
"O02108","all-season","casual",0.62,0.85,0.49,0.85,0.84,0.28,0.75,0.88,0.78,0,"mixed_harmonious",0.8,0.9,0.8,0.42,"average","average"
"O02109","summer","casual",1,0.95,0.44,1,0.84,0.38,0.28,0.88,0.92,0,"monochromatic",0.8,0.9,0.8,0.73,"good","good"
"O02110","spring","office",1,0.95,0.3,0.98,0.84,0.24,0.5,0.28,0.9,0,"neutral_dominant",0.8,0.9,0.8,0.42,"average","average"
"O02111","spring","weekend",0.62,0.95,0.61,1,0.84,0.53,0.75,0.88,0.92,0,"monochromatic",0.8,0.9,0.8,0.8,"good","bad"
"O02112","winter","office",1,0.95,0.75,0.98,0.84,0.6,1,0.78,0.91,0,"analogous",0.8,0.9,0.8,0.85,"good","average"
"O02113","autumn","office",1,0.95,0.54,0.85,0.84,0.36,0.75,0.93,0.67,0,"mixed_harmonious",0.8,0.9,0.8,0.72,"good","bad"
"O02114","spring","casual",1,0.95,0.61,1,0.84,0.43,0.75,0.88,0.92,0,"monochromatic",0.8,0.9,0.8,0.8,"good","bad"
"O02115","summer","casual",1,0.95,0.33,0.95,0.84,0.07,0.5,0.88,0.82,0,"monochromatic",0.8,0.9,0.8,0.4,"average","average"
"O02116","summer","casual",1,0.95,0.64,0.82,0.84,0.49,0.75,0.88,0.82,0,"monochromatic",0.8,0.9,0.8,0.75,"good","average"
"O02117","summer","casual",1,0.95,0.75,0.92,0.84,0.56,1,0.88,0.82,0,"mixed_harmonious",0.8,0.9,0.8,0.83,"good","good"
"O02118","all-season","travel",0.88,0.85,0.58,0.93,0.84,0.42,0.75,0.88,0.88,0,"monochromatic",0.8,0.9,0.79,0.76,"good","good"
"O02119","spring","casual",0.88,0.95,0.6,0.81,0.84,0.43,0.75,0.88,0.59,0,"mixed_harmonious",0.8,0.9,0.8,0.74,"good","average"
"O02120","all-season","office",0.88,0.85,0.29,0.78,0.84,0.44,0.09,0.28,0.63,0,"mixed_harmonious",0.8,0.9,0.79,0.4,"average","average"
"O02121","autumn","office",1,0.95,0.67,0.94,0.84,0.53,0.75,0.93,0.9,0,"monochromatic",0.8,0.9,0.8,0.8,"good","bad"
"O02122","spring","gym",0.88,0.95,0.68,1,0.84,0.74,0.75,0.55,0.92,0,"monochromatic",0.8,0.9,0.8,0.82,"good","bad"
"O02123","all-season","gym",0.88,0.85,0.48,0.85,0.84,0.34,0.75,0.55,0.78,0,"mixed_harmonious",0.8,0.9,0.8,0.7,"average","bad"
"O02124","summer","gym",1,0.95,0.43,0.82,0.84,0.48,0.28,0.55,0.61,0,"mixed_harmonious",0.8,0.9,0.8,0.67,"average","bad"
"O02125","winter","casual",1,0.95,0.44,0.98,0.84,0.17,0.75,0.88,0.91,0,"analogous",0.8,0.9,0.8,0.42,"average","average"
"O02126","autumn","gym",1,0.95,0.55,0.92,0.84,0.43,0.75,0.55,0.82,0,"mixed_harmonious",0.8,0.9,0.8,0.75,"good","average"
"O02127","all-season","office",0.88,0.85,0.6,0.93,0.84,0.43,0.75,0.93,0.88,0,"monochromatic",0.8,0.9,0.8,0.77,"good","average"
"O02128","autumn","casual",1,0.6,0.5,0.92,0.84,0.28,0.75,0.88,0.82,0,"mixed_harmonious",0.8,0.9,0.8,0.42,"average","average"
"O02129","autumn","travel",1,0.95,0.51,1,0.84,0.23,0.75,0.88,0.92,0,"monochromatic",0.8,0.9,0.8,0.42,"average","average"
"O02130","winter","casual",1,0.95,0.61,1,0.84,0.42,0.75,0.88,0.92,0,"monochromatic",0.8,0.9,0.8,0.8,"good","good"
"O02131","all-season","casual",0.88,0.85,0.74,0.85,0.84,0.6,1,0.88,0.78,0,"mixed_harmonious",0.8,0.9,0.8,0.8,"good","good"
"O02132","all-season","office",1,0.85,0.6,0.93,0.84,0.42,0.75,0.93,0.88,0,"monochromatic",0.8,0.9,0.8,0.77,"good","average"
"O02133","all-season","gym",0.62,0.85,0.36,0.91,0.87,0.39,0.5,0.25,0.86,0,"neutral_dominant",0.8,0.9,0.89,0.68,"average","bad"
"O02134","spring","casual",1,0.95,0.7,1,0.84,0.62,0.75,0.88,0.92,0,"monochromatic",0.8,0.9,0.8,0.83,"good","good"
"O02135","all-season","casual",0.88,0.85,0.65,0.84,0.84,0.68,0.75,0.88,0.75,0,"mixed_harmonious",0.8,0.9,0.79,0.76,"good","average"
"O02136","summer","casual",0.88,0.95,0.37,1,0.87,0.38,0.18,0.88,0.92,0,"monochromatic",0.8,0.9,0.89,0.4,"average","average"
"O02137","autumn","office",1,0.95,0.43,1,0.84,0.46,0.5,0.28,0.92,0,"monochromatic",0.8,0.9,0.8,0.72,"good","average"
"O02138","spring","gym",1,0.95,0.55,0.98,0.84,0.44,0.75,0.55,0.9,0,"neutral_dominant",0.8,0.9,0.8,0.77,"good","average"
"O02139","spring","date",1,0.95,0.12,0.92,0.84,0.07,0.09,0.32,0.82,0,"mixed_harmonious",0.8,0.9,0.8,0.34,"bad","average"
"O02140","all-season","casual",0.88,0.85,0.63,0.93,0.84,0.52,0.75,0.88,0.88,0,"monochromatic",0.8,0.9,0.79,0.78,"good","average"
"O02141","summer","office",0.88,0.95,0.24,0.81,0.84,0.07,0.28,0.78,0.62,0,"complementary",0.8,0.9,0.79,0.4,"average","average"
"O02142","all-season","date",0.88,0.85,0.32,0.78,0.84,0.07,0.5,0.9,0.63,0,"mixed_harmonious",0.8,0.9,0.79,0.34,"bad","average"
"O02143","summer","casual",1,0.95,0.64,0.81,0.84,0.49,0.75,0.88,0.62,0,"complementary",0.8,0.9,0.8,0.75,"good","bad"
"O02144","summer","casual",0.62,0.8,0.5,0.92,0.84,0.42,0.75,0.88,0.84,0,"complementary",0.8,0.9,0.8,0.73,"good","average"
"O02145","all-season","gym",0.88,0.85,0.43,0.78,0.84,0.23,0.75,0.55,0.63,0,"mixed_harmonious",0.8,0.9,0.8,0.42,"average","bad"
"O02146","all-season","office",0.88,0.85,0.5,0.84,0.87,0.37,0.5,0.93,0.75,0,"mixed_harmonious",0.8,0.9,0.89,0.71,"good","average"
"O02147","autumn","event",1,0.95,0.42,0.85,0.84,0.36,0.75,0.3,0.67,0,"mixed_harmonious",0.8,0.9,0.8,0.68,"average","bad"
"O02148","summer","gym",0.88,0.95,0.28,1,0.84,0.1,0.18,0.92,0.92,0,"monochromatic",0.8,0.9,0.8,0.4,"average","bad"
"O02149","all-season","travel",0.88,0.85,0.43,0.91,0.84,0.18,0.75,0.88,0.86,0,"neutral_dominant",0.8,0.9,0.79,0.42,"average","average"
"O02150","all-season","date",0.88,0.85,0.32,0.84,0.84,0.07,0.5,0.9,0.75,0,"mixed_harmonious",0.8,0.9,0.79,0.34,"bad","average"
"O02151","all-season","casual",0.88,0.85,0.5,0.93,0.84,0.33,0.75,0.88,0.88,0,"monochromatic",0.8,0.9,0.8,0.73,"good","good"
"O02152","summer","casual",1,0.95,0.75,0.92,0.84,0.56,1,0.88,0.82,0,"mixed_harmonious",0.8,0.9,0.8,0.83,"good","average"
"O02153","spring","casual",1,0.95,0.61,1,0.84,0.42,0.75,0.88,0.92,0,"monochromatic",0.8,0.9,0.8,0.8,"good","bad"
"O02154","winter","casual",1,0.6,0.69,1,0.84,0.69,0.75,0.88,0.92,0,"monochromatic",0.8,0.9,0.8,0.83,"good","average"
"O02155","autumn","office",0.88,0.95,0.53,1,0.84,0.36,0.75,0.93,0.92,0,"monochromatic",0.8,0.9,0.8,0.76,"good","average"
"O02156","all-season","date",0.88,0.85,0.64,0.74,0.87,0.54,0.75,0.9,0.55,0,"mixed_harmonious",0.8,0.9,0.89,0.74,"good","average"
"O02157","spring","casual",1,0.95,0.55,0.85,0.84,0.46,0.5,0.88,0.67,0,"mixed_harmonious",0.8,0.9,0.8,0.73,"good","average"
"O02158","spring","casual",1,0.95,0.51,1,0.84,0.23,0.75,0.88,0.92,0,"monochromatic",0.8,0.9,0.8,0.42,"average","average"
"O02159","all-season","casual",0.88,0.85,0.68,0.93,0.84,0.62,0.75,0.88,0.88,0,"monochromatic",0.8,0.9,0.8,0.8,"good","average"
"O02160","summer","gym",0.88,1,0.44,0.91,0.84,0.24,0.75,0.55,0.79,0,"mixed_harmonious",0.8,0.9,0.8,0.42,"average","good"
"O02161","all-season","date",0.88,0.85,0.64,0.93,0.87,0.54,0.75,0.9,0.88,0,"monochromatic",0.8,0.9,0.89,0.8,"good","average"
"O02162","all-season","casual",0.88,0.85,0.68,0.93,0.87,0.62,0.75,0.88,0.88,0,"monochromatic",0.8,0.9,0.89,0.81,"good","average"
"O02163","spring","casual",1,0.8,0.35,0.94,0.84,0.2,0.28,0.88,0.9,0,"monochromatic",0.8,0.9,0.8,0.42,"average","average"
"O02164","summer","date",0.88,0.95,0.27,1,0.87,0.09,0.18,0.9,0.92,0,"monochromatic",0.8,0.9,0.89,0.4,"average","average"
"O02165","summer","gym",0.88,0.95,0.33,1,0.84,0.21,0.41,0.55,0.92,0,"monochromatic",0.8,0.9,0.8,0.42,"average","good"
"O02166","autumn","casual",0.88,0.95,0.65,1,0.84,0.53,0.75,0.88,0.92,0,"monochromatic",0.8,0.9,0.8,0.81,"good","average"
"O02167","summer","gym",0.88,0.95,0.26,0.92,0.87,0.38,0.18,0.25,0.84,0,"complementary",0.8,0.9,0.89,0.4,"average","average"
"O02168","summer","casual",1,1,0.5,0.85,0.84,0.29,0.75,0.88,0.78,0,"mixed_harmonious",0.8,0.9,0.8,0.71,"good","good"
"O02169","all-season","casual",1,0.85,0.77,0.85,0.84,0.63,1,0.88,0.78,0,"mixed_harmonious",0.8,0.9,0.8,0.82,"good","average"
"O02170","all-season","office",0.88,0.85,0.44,0.93,0.87,0.1,0.75,0.93,0.88,0,"monochromatic",0.8,0.9,0.89,0.4,"average","bad"
"O02171","all-season","casual",0.88,0.85,0.49,0.85,0.84,0.31,0.75,0.88,0.78,0,"mixed_harmonious",0.8,0.9,0.8,0.7,"good","average"
"O02172","spring","casual",1,0.95,0.78,1,0.84,0.63,1,0.88,0.92,0,"monochromatic",0.8,0.9,0.8,0.86,"good","good"
"O02173","all-season","office",0.88,0.85,0.41,0.88,0.84,0.18,0.75,0.78,0.78,0,"monochromatic",0.8,0.9,0.79,0.42,"average","bad"
"O02174","all-season","casual",0.88,0.85,0.63,0.78,0.84,0.52,0.75,0.88,0.63,0,"mixed_harmonious",0.8,0.9,0.79,0.74,"good","bad"
"O02175","spring","travel",1,0.95,0.78,1,0.84,0.63,1,0.88,0.92,0,"monochromatic",0.8,0.9,0.8,0.86,"good","average"
"O02176","autumn","date",1,0.95,0.41,0.85,0.84,0.09,0.75,0.9,0.67,0,"mixed_harmonious",0.8,0.9,0.8,0.4,"average","average"
"O02177","all-season","office",0.62,0.85,0.23,0.85,0.84,0.1,0.5,0.28,0.78,0,"mixed_harmonious",0.8,0.9,0.8,0.4,"average","average"
"O02178","autumn","office",1,0.95,0.54,0.85,0.84,0.36,0.75,0.93,0.67,0,"mixed_harmonious",0.8,0.9,0.8,0.72,"good","average"
"O02179","summer","casual",0.88,0.95,0.39,0.92,0.84,0.21,0.41,0.88,0.82,0,"mixed_harmonious",0.8,0.9,0.8,0.42,"average","average"
"O02180","all-season","date",0.62,0.85,0.33,0.93,0.84,0.08,0.5,0.9,0.88,0,"monochromatic",0.8,0.9,0.79,0.34,"bad","good"
"O02181","spring","date",1,0.8,0.27,0.94,0.84,0.07,0.28,0.9,0.9,0,"monochromatic",0.8,0.9,0.8,0.4,"average","average"
"O02182","summer","casual",1,0.45,0.27,1,0.84,0.08,0.28,0.88,0.92,0,"monochromatic",0.8,0.9,0.8,0.4,"average","good"
"O02183","summer","gym",0.88,0.95,0.5,0.74,0.84,0.45,0.5,0.92,0.58,0,"complementary",0.8,0.9,0.8,0.67,"average","good"
"O02184","summer","gym",0.88,0.95,0.22,1,0.84,0.33,0.09,0.25,0.92,0,"monochromatic",0.8,0.9,0.8,0.4,"average","average"
"O02185","all-season","casual",0.88,0.85,0.68,0.93,0.84,0.62,0.75,0.88,0.88,0,"monochromatic",0.8,0.9,0.8,0.8,"good","average"
"O02186","summer","office",0.88,0.95,0.62,1,0.84,0.5,1,0.45,0.92,0,"monochromatic",0.8,0.9,0.79,0.8,"good","good"
"O02187","autumn","casual",1,0.6,0.72,1,0.84,0.74,0.75,0.88,0.92,0,"monochromatic",0.8,0.9,0.8,0.84,"good","average"
"O02188","summer","gym",0.88,1,0.38,0.85,0.84,0.18,0.5,0.92,0.78,0,"mixed_harmonious",0.8,0.9,0.8,0.42,"average","good"
"O02189","all-season","casual",0.88,0.85,0.49,0.85,0.87,0.37,0.5,0.88,0.78,0,"mixed_harmonious",0.8,0.9,0.89,0.71,"good","average"
"O02190","autumn","casual",1,0.95,0.17,0.92,0.84,0.07,0.09,0.62,0.82,0,"mixed_harmonious",0.8,0.9,0.8,0.34,"bad","average"
"O02191","summer","casual",0.88,1,0.51,0.85,0.84,0.24,0.75,0.88,0.78,0,"mixed_harmonious",0.8,0.9,0.8,0.42,"average","good"
"O02192","summer","date",1,0.95,0.51,1,0.84,0.3,0.75,0.9,0.92,0,"monochromatic",0.8,0.9,0.8,0.76,"good","average"
"O02193","winter","date",1,0.95,0.56,0.92,0.84,0.42,0.75,0.9,0.82,0,"mixed_harmonious",0.8,0.9,0.8,0.75,"good","good"
"O02194","summer","office",1,0.88,0.49,0.85,0.84,0.24,0.75,0.78,0.78,0,"mixed_harmonious",0.8,0.9,0.8,0.42,"average","bad"
"O02195","all-season","office",0.88,0.85,0.59,0.85,0.84,0.26,1,0.93,0.78,0,"mixed_harmonious",0.8,0.9,0.8,0.42,"average","average"
"O02196","autumn","office",1,0.95,0.54,1,0.84,0.36,0.75,0.93,0.92,0,"monochromatic",0.8,0.9,0.8,0.77,"good","average"
"O02197","all-season","casual",0.88,0.85,0.35,0.93,0.84,0.09,0.5,0.88,0.88,0,"monochromatic",0.8,0.9,0.79,0.4,"average","average"
"O02198","all-season","casual",0.88,0.85,0.58,0.93,0.84,0.26,1,0.88,0.88,0,"monochromatic",0.8,0.9,0.8,0.42,"average","average"
"O02199","summer","office",0.62,0.95,0.38,1,0.87,0.4,0.18,0.78,0.92,0,"monochromatic",0.8,0.9,0.89,0.4,"average","bad"
"O02200","all-season","office",1,0.85,0.58,0.85,0.84,0.38,0.75,0.93,0.78,0,"mixed_harmonious",0.8,0.9,0.8,0.74,"good","good"
"O02201","summer","date",1,0.95,0.29,1,0.84,0.12,0.28,0.9,0.92,0,"monochromatic",0.8,0.9,0.8,0.42,"average","good"
"O02202","summer","casual",1,0.95,0.4,1,0.84,0.08,0.75,0.88,0.92,0,"monochromatic",0.8,0.9,0.8,0.4,"average","good"
"O02203","all-season","date",0.88,0.85,0.55,0.93,0.84,0.34,0.75,0.9,0.88,0,"monochromatic",0.8,0.9,0.8,0.75,"good","average"
"O02204","summer","casual",0.88,0.95,0.39,1,0.84,0.21,0.41,0.88,0.92,0,"monochromatic",0.8,0.9,0.8,0.42,"average","good"
"O02205","summer","date",1,0.95,0.51,1,0.84,0.3,0.75,0.9,0.92,0,"monochromatic",0.8,0.9,0.8,0.76,"good","average"
"O02206","summer","gym",1,0.88,0.45,0.94,0.84,0.24,0.75,0.55,0.9,0,"monochromatic",0.8,0.9,0.8,0.42,"average","good"
"O02207","all-season","date",0.62,0.85,0.61,0.93,0.87,0.54,0.75,0.9,0.88,0,"monochromatic",0.8,0.9,0.89,0.78,"good","average"
"O02208","all-season","office",0.88,0.85,0.3,0.91,0.84,0.21,0.5,0.28,0.86,0,"neutral_dominant",0.8,0.9,0.8,0.42,"average","good"
"O02209","winter","gym",1,0.95,0.51,0.92,0.84,0.29,0.75,0.92,0.82,0,"mixed_harmonious",0.8,0.9,0.8,0.73,"good","average"
"O02210","summer","gym",0.62,0.95,0.4,1,0.84,0.48,0.28,0.55,0.92,0,"monochromatic",0.8,0.9,0.8,0.71,"good","average"
"O02211","all-season","office",0.88,0.85,0.33,0.93,0.84,0.09,0.5,0.78,0.88,0,"monochromatic",0.8,0.9,0.79,0.4,"average","average"
"O02212","autumn","casual",1,0.95,0.17,0.98,0.84,0.07,0.09,0.62,0.9,0,"neutral_dominant",0.8,0.9,0.8,0.34,"bad","good"
"O02213","all-season","casual",0.88,0.85,0.19,0.91,0.84,0.09,0.09,0.62,0.86,0,"neutral_dominant",0.8,0.9,0.8,0.34,"bad","good"
"O02214","all-season","casual",0.88,0.85,0.53,0.93,0.84,0.41,0.75,0.88,0.88,0,"monochromatic",0.8,0.9,0.8,0.74,"good","average"
"O02215","summer","gym",0.88,0.95,0.58,0.85,0.84,0.52,0.5,0.92,0.67,0,"mixed_harmonious",0.8,0.9,0.8,0.74,"good","average"
"O02216","spring","office",1,0.95,0.52,0.92,0.84,0.28,0.75,0.78,0.84,0,"complementary",0.8,0.9,0.8,0.42,"average","average"
"O02217","spring","office",1,0.95,0.42,0.98,0.84,0.09,0.75,0.93,0.9,0,"neutral_dominant",0.8,0.9,0.8,0.4,"average","good"
"O02218","all-season","date",0.88,0.85,0.51,0.85,0.84,0.26,0.75,0.9,0.78,0,"mixed_harmonious",0.8,0.9,0.8,0.4,"average","average"
"O02219","all-season","office",0.88,0.85,0.5,0.93,0.87,0.37,0.5,0.93,0.88,0,"monochromatic",0.8,0.9,0.89,0.74,"good","average"
"O02220","summer","date",1,0.95,0.51,1,0.84,0.3,0.75,0.9,0.92,0,"monochromatic",0.8,0.9,0.8,0.76,"good","bad"
"O02221","summer","office",0.88,0.88,0.48,1,0.84,0.24,0.75,0.78,0.92,0,"monochromatic",0.8,0.9,0.8,0.42,"average","good"
"O02222","autumn","office",1,0.95,0.62,1,0.84,0.43,0.75,0.93,0.92,0,"monochromatic",0.8,0.9,0.8,0.8,"good","good"
"O02223","winter","gym",1,0.95,0.54,0.92,0.84,0.42,0.75,0.55,0.82,0,"mixed_harmonious",0.8,0.9,0.8,0.74,"good","average"
"O02224","autumn","casual",1,0.95,0.19,0.94,0.84,0.09,0.09,0.62,0.81,0,"analogous",0.8,0.9,0.8,0.4,"average","average"
"O02225","all-season","date",0.88,0.85,0.3,0.93,0.84,0.44,0.09,0.32,0.88,0,"monochromatic",0.8,0.9,0.79,0.4,"average","average"
"O02226","spring","office",1,0.8,0.24,0.98,0.84,0.07,0.28,0.78,0.9,0,"neutral_dominant",0.8,0.9,0.8,0.4,"average","bad"
"O02227","all-season","casual",1,0.85,0.61,0.78,0.84,0.46,0.75,0.88,0.63,0,"mixed_harmonious",0.8,0.9,0.8,0.73,"good","good"
"O02228","summer","gym",0.88,0.95,0.27,0.92,0.84,0.33,0.09,0.55,0.82,0,"mixed_harmonious",0.8,0.9,0.8,0.4,"average","good"
"O02229","all-season","casual",0.88,0.85,0.5,0.93,0.84,0.26,0.75,0.88,0.88,0,"monochromatic",0.8,0.9,0.8,0.42,"average","good"
"O02230","summer","gym",0.88,0.95,0.15,1,0.84,0.07,0.09,0.55,0.92,0,"monochromatic",0.8,0.9,0.8,0.34,"bad","average"
"O02231","autumn","casual",1,0.95,0.53,1,0.84,0.36,0.75,0.88,0.92,0,"monochromatic",0.8,0.9,0.8,0.76,"good","bad"
"O02232","summer","gym",0.88,1,0.52,1,0.84,0.24,0.75,0.92,0.92,0,"monochromatic",0.8,0.9,0.8,0.42,"average","average"
"O02233","winter","casual",1,0.95,0.56,1,0.84,0.32,0.75,0.88,0.92,0,"monochromatic",0.8,0.9,0.8,0.78,"good","average"
"O02234","all-season","casual",0.88,0.85,0.68,0.75,0.87,0.63,0.75,0.88,0.57,0,"mixed_harmonious",0.8,0.9,0.89,0.76,"good","good"
"O02235","autumn","casual",1,0.6,0.72,0.92,0.84,0.74,0.75,0.88,0.82,0,"mixed_harmonious",0.8,0.9,0.8,0.82,"good","average"
"O02236","all-season","casual",0.88,0.85,0.64,0.78,0.87,0.54,0.75,0.88,0.63,0,"mixed_harmonious",0.8,0.9,0.89,0.75,"good","good"
"O02237","summer","date",1,0.95,0.5,0.93,0.84,0.48,0.28,0.9,0.89,0,"analogous",0.8,0.9,0.8,0.73,"good","bad"
"O02238","all-season","office",0.88,0.85,0.44,0.71,0.84,0.24,0.75,0.78,0.5,0,"complementary",0.8,0.9,0.79,0.42,"average","bad"
"O02239","all-season","office",1,0.85,0.62,0.85,0.84,0.46,0.75,0.93,0.78,0,"mixed_harmonious",0.8,0.9,0.8,0.76,"good","average"
"O02240","all-season","office",0.88,0.85,0.29,0.85,0.87,0.21,0.14,0.93,0.78,0,"mixed_harmonious",0.8,0.9,0.89,0.42,"average","average"
"O02241","summer","gym",1,1,0.41,0.92,0.84,0.16,0.75,0.55,0.82,0,"mixed_harmonious",0.8,0.9,0.8,0.42,"average","average"
"O02242","summer","office",1,1,0.51,0.85,0.84,0.29,0.75,0.93,0.67,0,"mixed_harmonious",0.8,0.9,0.8,0.71,"good","average"
"O02243","all-season","casual",0.62,0.85,0.6,0.93,0.84,0.68,0.5,0.88,0.88,0,"monochromatic",0.8,0.9,0.8,0.77,"good","average"
"O02244","all-season","office",0.88,0.85,0.55,0.85,0.84,0.34,0.75,0.93,0.78,0,"mixed_harmonious",0.8,0.9,0.8,0.73,"good","average"
"O02245","all-season","date",1,0.85,0.56,0.93,0.84,0.44,0.75,0.9,0.88,0,"monochromatic",0.8,0.9,0.8,0.76,"good","average"
"O02246","autumn","travel",1,0.95,0.41,1,0.84,0.09,0.75,0.88,0.92,0,"monochromatic",0.8,0.9,0.8,0.4,"average","good"
"O02247","autumn","gym",1,0.6,0.65,1,0.84,0.74,0.75,0.55,0.92,0,"monochromatic",0.8,0.9,0.8,0.81,"good","average"
"O02248","all-season","casual",0.88,0.85,0.21,0.93,0.84,0.18,0.09,0.62,0.88,0,"monochromatic",0.8,0.9,0.8,0.42,"average","good"
"O02249","autumn","casual",1,0.95,0.55,0.92,0.84,0.46,0.5,0.88,0.82,0,"mixed_harmonious",0.8,0.9,0.8,0.75,"good","average"
"O02250","autumn","date",1,0.95,0.41,0.92,0.84,0.09,0.75,0.9,0.82,0,"mixed_harmonious",0.8,0.9,0.8,0.4,"average","average"
"O02251","all-season","gym",0.88,0.85,0.36,0.93,0.84,0.09,0.75,0.55,0.88,0,"monochromatic",0.8,0.9,0.8,0.4,"average","average"
"O02252","autumn","office",1,0.95,0.59,1,0.84,0.42,0.75,0.78,0.92,0,"monochromatic",0.8,0.9,0.8,0.79,"good","bad"
"O02253","all-season","casual",0.88,0.85,0.54,0.93,0.84,0.48,0.5,0.88,0.88,0,"monochromatic",0.8,0.9,0.79,0.75,"good","bad"
"O02254","winter","casual",0.88,0.95,0.52,0.85,0.84,0.37,0.75,0.88,0.67,0,"mixed_harmonious",0.8,0.9,0.8,0.72,"good","average"
"O02255","spring","casual",1,0.95,0.78,1,0.84,0.62,1,0.88,0.92,0,"monochromatic",0.8,0.9,0.8,0.86,"good","average"
"O02256","summer","gym",1,0.95,0.46,1,0.84,0.33,0.75,0.55,0.92,0,"monochromatic",0.8,0.9,0.8,0.74,"good","good"
"O02257","all-season","casual",0.88,0.85,0.5,0.74,0.84,0.33,0.75,0.88,0.58,0,"complementary",0.8,0.9,0.8,0.67,"average","average"
"O02258","summer","gym",0.88,0.95,0.2,1,0.84,0.18,0.09,0.55,0.92,0,"monochromatic",0.8,0.9,0.8,0.42,"average","average"
"O02259","summer","gym",0.88,1,0.65,0.88,0.84,0.52,0.75,0.92,0.78,0,"monochromatic",0.8,0.9,0.8,0.78,"good","average"
"O02260","summer","gym",0.88,0.95,0.15,0.85,0.84,0.07,0.09,0.55,0.78,0,"mixed_harmonious",0.8,0.9,0.8,0.34,"bad","average"
"O02261","all-season","casual",0.88,0.85,0.41,0.85,0.84,0.21,0.5,0.88,0.78,0,"mixed_harmonious",0.8,0.9,0.8,0.42,"average","average"
"O02262","autumn","office",1,0.6,0.7,0.94,0.84,0.74,0.75,0.78,0.9,0,"monochromatic",0.8,0.9,0.8,0.81,"good","bad"
"O02263","all-season","office",1,0.85,0.73,0.85,0.84,0.67,0.75,0.93,0.78,0,"mixed_harmonious",0.8,0.9,0.8,0.8,"good","average"
"O02264","all-season","office",0.88,0.85,0.58,0.78,0.84,0.46,0.75,0.78,0.63,0,"mixed_harmonious",0.8,0.9,0.79,0.72,"good","average"
"O02265","autumn","casual",0.88,0.95,0.59,1,0.84,0.42,0.75,0.88,0.92,0,"monochromatic",0.8,0.9,0.8,0.79,"good","good"
"O02266","summer","casual",1,0.8,0.26,0.98,0.84,0.07,0.28,0.88,0.9,0,"neutral_dominant",0.8,0.9,0.8,0.4,"average","average"
"O02267","summer","casual",1,0.95,0.68,0.94,0.84,0.57,0.75,0.88,0.9,0,"monochromatic",0.8,0.9,0.8,0.81,"good","good"
"O02268","summer","gym",0.88,0.95,0.15,1,0.84,0.07,0.09,0.55,0.92,0,"monochromatic",0.8,0.9,0.8,0.34,"bad","good"
"O02269","winter","casual",1,0.95,0.64,0.85,0.84,0.48,0.75,0.88,0.67,0,"mixed_harmonious",0.8,0.9,0.8,0.76,"good","bad"
"O02270","summer","office",1,0.95,0.63,0.92,0.84,0.46,1,0.78,0.84,0,"complementary",0.8,0.9,0.8,0.78,"good","good"
"O02271","summer","gym",0.88,1,0.65,0.92,0.84,0.52,0.75,0.92,0.82,0,"mixed_harmonious",0.8,0.9,0.8,0.79,"good","average"
"O02272","all-season","date",0.88,0.85,0.51,0.85,0.84,0.26,0.75,0.9,0.8,0,"complementary",0.8,0.9,0.8,0.4,"average","average"
"O02273","spring","gym",1,0.8,0.55,0.92,0.84,0.42,0.75,0.92,0.82,0,"mixed_harmonious",0.8,0.9,0.8,0.75,"good","average"
"O02274","all-season","casual",0.88,0.85,0.58,0.93,0.84,0.42,0.75,0.88,0.88,0,"monochromatic",0.8,0.9,0.79,0.76,"good","average"
"O02275","winter","travel",1,0.95,0.51,0.91,0.84,0.32,0.75,0.88,0.79,0,"mixed_harmonious",0.8,0.9,0.8,0.73,"good","average"
"O02276","all-season","casual",0.62,0.85,0.57,0.75,0.84,0.46,0.75,0.88,0.57,0,"mixed_harmonious",0.8,0.9,0.8,0.71,"good","average"
"O02277","all-season","gym",0.88,0.85,0.44,0.85,0.84,0.26,0.75,0.55,0.78,0,"mixed_harmonious",0.8,0.9,0.8,0.42,"average","average"
"O02278","autumn","casual",1,0.95,0.41,1,0.84,0.09,0.75,0.88,0.92,0,"monochromatic",0.8,0.9,0.8,0.4,"average","good"
"O02279","all-season","gym",0.88,0.85,0.43,0.85,0.84,0.23,0.75,0.55,0.78,0,"mixed_harmonious",0.8,0.9,0.8,0.42,"average","bad"
"O02280","autumn","office",1,0.95,0.79,0.88,0.84,0.63,1,0.93,0.78,0,"monochromatic",0.8,0.9,0.8,0.83,"good","average"
"O02281","summer","casual",0.88,1,0.31,0.94,0.87,0.18,0.18,0.88,0.9,0,"monochromatic",0.8,0.9,0.89,0.42,"average","average"
"O02282","summer","travel",1,1,0.56,0.81,0.84,0.32,0.75,0.88,0.59,0,"mixed_harmonious",0.8,0.9,0.8,0.72,"good","average"
"O02283","all-season","gym",0.88,0.85,0.31,0.72,0.87,0.1,0.75,0.25,0.49,0,"mixed_harmonious",0.8,0.9,0.89,0.4,"average","bad"
"O02284","all-season","gym",0.88,0.85,0.56,0.93,0.87,0.62,0.75,0.25,0.88,0,"monochromatic",0.8,0.9,0.89,0.76,"good","average"
"O02285","all-season","office",1,0.85,0.75,0.93,0.84,0.63,1,0.78,0.88,0,"monochromatic",0.8,0.9,0.8,0.83,"good","bad"
"O02286","all-season","casual",0.88,0.85,0.42,0.93,0.84,0.16,0.75,0.88,0.88,0,"monochromatic",0.8,0.9,0.8,0.42,"average","good"
"O02287","all-season","date",0.62,0.85,0.59,0.93,0.87,0.5,0.75,0.9,0.88,0,"monochromatic",0.8,0.9,0.89,0.78,"good","average"
"O02288","all-season","gym",0.88,0.85,0.5,0.85,0.87,0.5,0.75,0.25,0.7,0,"monochromatic",0.8,0.9,0.89,0.72,"good","average"
"O02289","summer","office",0.88,0.95,0.38,0.65,0.84,0.21,0.41,0.78,0.51,0,"mixed_harmonious",0.8,0.9,0.8,0.42,"average","average"
"O02290","all-season","date",0.88,0.85,0.43,0.93,0.84,0.09,0.75,0.9,0.88,0,"monochromatic",0.8,0.9,0.8,0.4,"average","average"
"O02291","spring","casual",1,0.95,0.7,0.85,0.84,0.62,0.75,0.88,0.67,0,"mixed_harmonious",0.8,0.9,0.8,0.79,"good","average"
"O02292","autumn","office",1,0.95,0.67,0.92,0.84,0.53,0.75,0.93,0.82,0,"mixed_harmonious",0.8,0.9,0.8,0.8,"good","good"
"O02293","all-season","casual",0.88,0.85,0.49,0.93,0.87,0.37,0.5,0.88,0.88,0,"monochromatic",0.8,0.9,0.89,0.74,"good","average"
"O02294","all-season","gym",1,0.85,0.38,0.74,0.84,0.18,0.5,0.92,0.55,0,"mixed_harmonious",0.8,0.9,0.8,0.42,"average","bad"
"O02295","summer","casual",1,0.95,0.64,1,0.84,0.49,0.75,0.88,0.92,0,"monochromatic",0.8,0.9,0.8,0.81,"good","bad"
"O02296","summer","gym",0.88,0.95,0.1,0.98,0.84,0.07,0.09,0.25,0.9,0,"neutral_dominant",0.8,0.9,0.8,0.34,"bad","average"
"O02297","autumn","casual",1,0.95,0.61,0.85,0.84,0.42,0.75,0.88,0.7,0,"monochromatic",0.8,0.9,0.8,0.75,"good","good"
"O02298","autumn","casual",0.88,0.95,0.52,0.98,0.84,0.36,0.75,0.88,0.91,0,"analogous",0.8,0.9,0.8,0.75,"good","average"
"O02299","spring","office",1,0.95,0.23,1,0.84,0.07,0.09,0.93,0.92,0,"monochromatic",0.8,0.9,0.8,0.34,"bad","bad"
"O02300","autumn","casual",1,0.95,0.41,0.92,0.84,0.09,0.75,0.88,0.82,0,"mixed_harmonious",0.8,0.9,0.8,0.4,"average","good"
"O02301","summer","gym",1,0.95,0.67,1,0.84,0.68,0.5,0.92,0.92,0,"monochromatic",0.8,0.9,0.8,0.82,"good","bad"
"O02302","summer","gym",0.88,0.95,0.12,1,0.84,0.09,0.09,0.25,0.92,0,"monochromatic",0.8,0.9,0.8,0.34,"bad","bad"
"O02303","autumn","office",1,0.95,0.26,0.98,0.84,0.09,0.09,0.93,0.9,0,"neutral_dominant",0.8,0.9,0.8,0.4,"average","average"
"O02304","all-season","office",0.88,0.85,0.44,0.93,0.87,0.1,0.75,0.93,0.88,0,"monochromatic",0.8,0.9,0.89,0.4,"average","average"
"O02305","all-season","casual",0.88,0.85,0.68,0.85,0.87,0.62,0.75,0.88,0.78,0,"mixed_harmonious",0.8,0.9,0.89,0.79,"good","bad"
"O02306","autumn","gym",0.62,0.95,0.62,0.94,0.84,0.68,0.5,0.92,0.9,0,"monochromatic",0.8,0.9,0.8,0.78,"good","good"
"O02307","all-season","gym",1,0.85,0.62,0.93,0.84,0.46,0.75,0.92,0.88,0,"monochromatic",0.8,0.9,0.8,0.78,"good","bad"
"O02308","all-season","office",0.88,0.85,0.45,0.84,0.87,0.11,0.75,0.93,0.75,0,"mixed_harmonious",0.8,0.9,0.89,0.4,"average","good"
"O02309","spring","gym",1,0.95,0.41,0.94,0.84,0.24,0.5,0.92,0.9,0,"monochromatic",0.8,0.9,0.8,0.42,"average","average"
"O02310","autumn","casual",1,0.6,0.38,1,0.84,0.24,0.5,0.88,0.92,0,"monochromatic",0.8,0.9,0.8,0.42,"average","average"
"O02311","summer","casual",1,0.95,0.75,0.92,0.84,0.56,1,0.88,0.82,0,"mixed_harmonious",0.8,0.9,0.8,0.83,"good","average"
"O02312","all-season","gym",0.88,0.85,0.52,0.93,0.87,0.54,0.75,0.25,0.88,0,"monochromatic",0.8,0.9,0.89,0.75,"good","average"
"O02313","summer","casual",1,0.8,0.35,1,0.84,0.2,0.28,0.88,0.92,0,"monochromatic",0.8,0.9,0.8,0.42,"average","good"
"O02314","all-season","casual",0.88,0.85,0.57,0.93,0.87,0.54,0.5,0.88,0.88,0,"monochromatic",0.8,0.9,0.89,0.77,"good","average"
"O02315","spring","office",1,0.95,0.67,0.92,0.84,0.53,0.75,0.93,0.82,0,"mixed_harmonious",0.8,0.9,0.8,0.8,"good","average"
"O02316","all-season","gym",0.88,0.85,0.56,0.85,0.87,0.63,0.75,0.25,0.78,0,"mixed_harmonious",0.8,0.9,0.89,0.74,"good","bad"
"O02317","summer","gym",0.88,0.95,0.4,1,0.84,0.08,0.75,0.92,0.92,0,"monochromatic",0.8,0.9,0.8,0.4,"average","average"
"O02318","summer","gym",1,1,0.41,0.92,0.84,0.16,0.75,0.55,0.82,0,"mixed_harmonious",0.8,0.9,0.8,0.42,"average","good"
"O02319","all-season","travel",0.88,0.85,0.57,0.93,0.84,0.24,1,0.88,0.88,0,"monochromatic",0.8,0.9,0.8,0.42,"average","good"
"O02320","all-season","office",0.62,0.85,0.62,0.85,0.87,0.54,0.75,0.93,0.8,0,"complementary",0.8,0.9,0.89,0.76,"good","good"
"O02321","autumn","gym",1,0.95,0.59,1,0.84,0.53,0.75,0.55,0.92,0,"monochromatic",0.8,0.9,0.8,0.79,"good","bad"
"O02322","all-season","casual",0.88,0.85,0.16,0.93,0.84,0.06,0.09,0.62,0.88,0,"monochromatic",0.8,0.9,0.8,0.4,"average","average"
"O02323","summer","office",1,0.88,0.49,0.85,0.84,0.24,0.75,0.78,0.78,0,"mixed_harmonious",0.8,0.9,0.8,0.42,"average","average"
"O02324","all-season","casual",0.88,0.85,0.35,0.88,0.84,0.09,0.5,0.88,0.78,0,"monochromatic",0.8,0.9,0.79,0.4,"average","good"
"O02325","spring","date",1,0.95,0.41,0.98,0.84,0.09,0.75,0.9,0.91,0,"analogous",0.8,0.9,0.8,0.4,"average","average"
"O02326","all-season","date",0.88,0.85,0.39,0.93,0.84,0.09,0.75,0.9,0.88,0,"monochromatic",0.8,0.9,0.8,0.4,"average","average"
"O02327","all-season","gym",0.88,0.85,0.26,0.85,0.87,0.4,0.09,0.25,0.78,0,"mixed_harmonious",0.8,0.9,0.89,0.4,"average","average"
"O02328","summer","gym",0.88,0.95,0.12,0.92,0.84,0.09,0.09,0.25,0.82,0,"mixed_harmonious",0.8,0.9,0.8,0.34,"bad","good"
"O02329","all-season","casual",0.88,0.85,0.48,0.78,0.84,0.21,0.75,0.88,0.63,0,"mixed_harmonious",0.8,0.9,0.8,0.42,"average","average"
"O02330","summer","gym",0.88,0.95,0.45,0.92,0.84,0.46,0.18,0.92,0.82,0,"mixed_harmonious",0.8,0.9,0.8,0.4,"average","good"
"O02331","spring","casual",0.88,0.95,0.59,0.94,0.84,0.42,0.75,0.88,0.9,0,"monochromatic",0.8,0.9,0.8,0.77,"good","average"
"O02332","all-season","office",0.88,0.85,0.65,0.93,0.87,0.54,0.75,0.93,0.88,0,"monochromatic",0.8,0.9,0.89,0.8,"good","average"
"O02333","winter","casual",1,0.95,0.53,0.78,0.84,0.37,0.75,0.88,0.63,0,"mixed_harmonious",0.8,0.9,0.8,0.7,"average","good"
"O02334","spring","weekend",1,0.95,0.17,0.79,0.84,0.07,0.09,0.62,0.65,0,"mixed_harmonious",0.8,0.9,0.8,0.34,"bad","good"
"O02335","summer","gym",0.88,0.95,0.15,0.98,0.84,0.07,0.09,0.55,0.9,0,"neutral_dominant",0.8,0.9,0.8,0.34,"bad","average"
"O02336","all-season","casual",1,0.85,0.8,0.85,0.84,0.7,1,0.88,0.78,0,"mixed_harmonious",0.8,0.9,0.8,0.83,"good","average"
"O02337","autumn","gym",1,0.6,0.52,0.92,0.84,0.44,0.75,0.55,0.82,0,"mixed_harmonious",0.8,0.9,0.8,0.74,"good","good"
"O02338","summer","gym",0.88,0.95,0.35,1,0.84,0.44,0.09,0.55,0.92,0,"monochromatic",0.8,0.9,0.8,0.4,"average","average"
"O02339","all-season","date",0.62,0.85,0.56,0.84,0.84,0.42,0.75,0.9,0.75,0,"mixed_harmonious",0.8,0.9,0.8,0.73,"good","good"
"O02340","autumn","casual",1,0.95,0.53,0.98,0.84,0.36,0.75,0.88,0.9,0,"neutral_dominant",0.8,0.9,0.8,0.76,"good","average"
"O02341","summer","gym",0.88,0.95,0.53,1,0.84,0.38,0.75,0.92,0.92,0,"monochromatic",0.8,0.9,0.8,0.76,"good","good"
"O02342","autumn","gym",0.62,0.95,0.15,0.98,0.84,0.07,0.09,0.55,0.9,0,"neutral_dominant",0.8,0.9,0.8,0.34,"bad","bad"
"O02343","spring","casual",1,0.95,0.78,0.92,0.84,0.63,1,0.88,0.84,0,"complementary",0.8,0.9,0.8,0.84,"good","average"
"O02344","winter","office",1,0.95,0.45,0.92,0.84,0.09,0.75,0.93,0.84,0,"complementary",0.8,0.9,0.8,0.4,"average","good"
"O02345","all-season","casual",0.88,0.85,0.24,0.93,0.87,0.21,0.14,0.62,0.88,0,"monochromatic",0.8,0.9,0.89,0.42,"average","good"
"O02346","winter","gym",1,0.95,0.28,0.92,0.84,0.29,0.09,0.55,0.82,0,"mixed_harmonious",0.8,0.9,0.8,0.4,"average","average"
"O02347","summer","casual",1,0.95,0.4,0.94,0.84,0.08,0.75,0.88,0.9,0,"monochromatic",0.8,0.9,0.8,0.4,"average","bad"
"O02348","summer","office",1,0.95,0.5,0.85,0.84,0.33,0.75,0.78,0.78,0,"mixed_harmonious",0.8,0.9,0.8,0.71,"good","average"
"O02349","winter","date",1,0.95,0.54,0.92,0.84,0.37,0.75,0.9,0.82,0,"mixed_harmonious",0.8,0.9,0.8,0.74,"good","bad"
"O02350","all-season","casual",1,0.85,0.43,0.83,0.84,0.09,0.75,0.88,0.69,0,"analogous",0.8,0.9,0.8,0.4,"average","average"
"O02351","all-season","casual",0.88,0.85,0.64,0.93,0.87,0.54,0.75,0.88,0.88,0,"monochromatic",0.8,0.9,0.89,0.8,"good","bad"
"O02352","winter","casual",1,0.95,0.67,1,0.84,0.41,1,0.88,0.92,0,"monochromatic",0.8,0.9,0.8,0.82,"good","average"
"O02353","summer","gym",0.88,0.95,0.36,1,0.84,0.48,0.09,0.55,0.92,0,"monochromatic",0.8,0.9,0.8,0.4,"average","good"
"O02354","autumn","date",1,0.95,0.12,1,0.84,0.07,0.09,0.32,0.92,0,"monochromatic",0.8,0.9,0.8,0.34,"bad","average"
"O02355","all-season","travel",0.88,0.85,0.58,0.91,0.84,0.42,0.75,0.88,0.86,0,"neutral_dominant",0.8,0.9,0.79,0.76,"good","average"
"O02356","summer","gym",0.88,0.95,0.29,0.92,0.84,0.44,0.09,0.25,0.82,0,"mixed_harmonious",0.8,0.9,0.8,0.4,"average","average"
"O02357","winter","travel",1,0.95,0.6,0.92,0.84,0.48,0.75,0.72,0.82,0,"mixed_harmonious",0.8,0.9,0.8,0.77,"good","good"
"O02358","winter","office",1,0.95,0.62,1,0.84,0.42,0.75,0.93,0.92,0,"monochromatic",0.8,0.9,0.8,0.8,"good","bad"
"O02359","all-season","office",0.88,0.85,0.46,0.85,0.84,0.21,0.75,0.78,0.78,0,"mixed_harmonious",0.8,0.9,0.8,0.42,"average","good"
"O02360","summer","gym",0.88,1,0.38,0.92,0.84,0.18,0.5,0.92,0.82,0,"mixed_harmonious",0.8,0.9,0.8,0.42,"average","average"
"O02361","spring","gym",1,0.95,0.72,1,0.84,0.63,1,0.55,0.92,0,"monochromatic",0.8,0.9,0.8,0.84,"good","good"
"O02362","all-season","office",1,0.85,0.62,0.93,0.84,0.46,0.75,0.93,0.88,0,"monochromatic",0.8,0.9,0.8,0.78,"good","average"
"O02363","spring","office",1,0.8,0.24,0.81,0.84,0.07,0.28,0.78,0.62,0,"complementary",0.8,0.9,0.8,0.4,"average","good"
"O02364","summer","casual",0.88,0.95,0.5,1,0.84,0.33,0.75,0.88,0.92,0,"monochromatic",0.8,0.9,0.8,0.75,"good","average"
"O02365","all-season","casual",0.88,0.85,0.49,0.93,0.84,0.31,0.75,0.88,0.88,0,"monochromatic",0.8,0.9,0.8,0.73,"good","bad"
"O02366","all-season","casual",0.88,0.85,0.71,0.85,0.84,0.68,0.75,0.88,0.78,0,"mixed_harmonious",0.8,0.9,0.79,0.79,"good","good"
"O02367","summer","date",1,0.95,0.51,0.92,0.84,0.3,0.75,0.9,0.84,0,"complementary",0.8,0.9,0.8,0.73,"good","average"
"O02368","autumn","casual",1,0.95,0.78,0.81,0.84,0.63,1,0.88,0.59,0,"mixed_harmonious",0.8,0.9,0.8,0.81,"good","good"
"O02369","summer","gym",0.88,0.95,0.22,0.87,0.84,0.33,0.09,0.25,0.77,0,"analogous",0.8,0.9,0.8,0.4,"average","bad"
"O02370","summer","gym",0.88,0.95,0.1,0.92,0.84,0.07,0.09,0.25,0.82,0,"mixed_harmonious",0.8,0.9,0.8,0.34,"bad","good"
"O02371","summer","casual",0.88,0.95,0.46,1,0.84,0.44,0.41,0.88,0.92,0,"monochromatic",0.8,0.9,0.79,0.74,"good","average"
"O02372","autumn","travel",1,0.95,0.55,0.91,0.84,0.41,0.75,0.88,0.79,0,"mixed_harmonious",0.8,0.9,0.8,0.75,"good","bad"
"O02373","winter","date",1,0.95,0.13,1,0.84,0.08,0.09,0.32,0.92,0,"monochromatic",0.8,0.9,0.8,0.34,"bad","average"
"O02374","autumn","casual",1,0.6,0.72,0.78,0.84,0.74,0.75,0.88,0.53,0,"mixed_harmonious",0.8,0.9,0.8,0.77,"good","good"
"O02375","summer","gym",0.62,0.95,0.38,0.98,0.84,0.08,0.75,0.92,0.9,0,"neutral_dominant",0.8,0.9,0.8,0.4,"average","good"
"O02376","winter","date",1,0.95,0.44,1,0.84,0.09,0.75,0.9,0.92,0,"monochromatic",0.8,0.9,0.8,0.4,"average","average"
"O02377","all-season","office",0.88,0.85,0.58,0.91,0.87,0.54,0.5,0.93,0.86,0,"neutral_dominant",0.8,0.9,0.89,0.77,"good","average"
"O02378","all-season","casual",0.88,0.85,0.52,0.85,0.84,0.28,0.75,0.88,0.78,0,"mixed_harmonious",0.8,0.9,0.8,0.42,"average","average"
"O02379","all-season","date",0.88,0.85,0.3,0.93,0.84,0.44,0.09,0.32,0.88,0,"monochromatic",0.8,0.9,0.79,0.4,"average","average"
"O02380","all-season","casual",1,0.85,0.72,0.85,0.84,0.67,0.75,0.88,0.78,0,"mixed_harmonious",0.8,0.9,0.8,0.8,"good","bad"
"O02381","autumn","office",1,0.95,0.67,1,0.84,0.53,0.75,0.93,0.92,0,"monochromatic",0.8,0.9,0.8,0.82,"good","bad"
"O02382","all-season","casual",0.88,0.85,0.33,0.78,0.87,0.4,0.09,0.62,0.63,0,"mixed_harmonious",0.8,0.9,0.89,0.4,"average","average"
"O02383","summer","gym",0.88,0.95,0.41,0.85,0.84,0.44,0.18,0.92,0.67,0,"mixed_harmonious",0.8,0.9,0.8,0.4,"average","good"
"O02384","summer","weekend",1,0.45,0.27,0.92,0.84,0.08,0.28,0.88,0.82,0,"mixed_harmonious",0.8,0.9,0.8,0.4,"average","bad"
"O02385","all-season","date",0.88,0.85,0.52,0.85,0.84,0.28,0.75,0.9,0.78,0,"mixed_harmonious",0.8,0.9,0.8,0.72,"good","good"
"O02386","autumn","office",0.88,0.95,0.7,0.85,0.84,0.62,0.75,0.93,0.67,0,"mixed_harmonious",0.8,0.9,0.8,0.79,"good","average"
"O02387","all-season","office",0.88,0.85,0.42,0.93,0.84,0.2,0.75,0.78,0.88,0,"monochromatic",0.8,0.9,0.79,0.42,"average","good"
"O02388","all-season","gym",0.88,0.85,0.52,0.91,0.87,0.54,0.75,0.25,0.86,0,"neutral_dominant",0.8,0.9,0.89,0.74,"good","average"
"O02389","all-season","gym",0.88,0.85,0.5,0.93,0.87,0.5,0.75,0.25,0.88,0,"monochromatic",0.8,0.9,0.89,0.74,"good","bad"
"O02390","summer","weekend",1,0.45,0.27,1,0.84,0.08,0.28,0.88,0.92,0,"monochromatic",0.8,0.9,0.8,0.4,"average","average"
"O02391","spring","weekend",1,0.95,0.66,1,0.84,0.53,0.75,0.88,0.92,0,"monochromatic",0.8,0.9,0.8,0.82,"good","average"
"O02392","spring","office",1,0.8,0.52,1,0.84,0.42,0.75,0.78,0.92,0,"monochromatic",0.8,0.9,0.8,0.76,"good","average"
"O02393","all-season","gym",0.88,0.85,0.56,0.93,0.87,0.63,0.75,0.25,0.88,0,"monochromatic",0.8,0.9,0.89,0.76,"good","bad"
"O02394","spring","gym",1,0.95,0.54,0.79,0.84,0.36,0.75,0.92,0.65,0,"mixed_harmonious",0.8,0.9,0.8,0.71,"good","good"
"O02395","all-season","gym",0.88,0.85,0.17,0.85,0.87,0.21,0.14,0.25,0.78,0,"mixed_harmonious",0.8,0.9,0.89,0.42,"average","average"
"O02396","autumn","gym",1,0.95,0.59,1,0.84,0.53,0.75,0.55,0.92,0,"monochromatic",0.8,0.9,0.8,0.79,"good","average"
"O02397","summer","date",0.88,0.95,0.1,0.92,0.84,0.05,0.09,0.32,0.84,0,"complementary",0.8,0.9,0.8,0.4,"average","good"
"O02398","summer","date",1,1,0.58,1,0.84,0.44,0.75,0.68,0.92,0,"monochromatic",0.8,0.9,0.8,0.78,"good","average"
"O02399","autumn","office",1,0.95,0.79,1,0.84,0.63,1,0.93,0.92,0,"monochromatic",0.8,0.9,0.8,0.87,"good","average"
"O02400","summer","travel",1,0.95,0.46,0.67,0.84,0.48,0.28,0.72,0.57,0,"mixed_harmonious",0.8,0.9,0.8,0.64,"average","bad"
"O02401","all-season","gym",0.88,0.85,0.38,0.88,0.87,0.39,0.5,0.25,0.78,0,"monochromatic",0.8,0.9,0.89,0.68,"average","good"
"O02402","summer","casual",0.88,0.95,0.7,1,0.84,0.5,1,0.88,0.92,0,"monochromatic",0.8,0.9,0.79,0.83,"good","bad"
"O02403","summer","casual",1,0.95,0.64,1,0.84,0.46,1,0.88,0.92,0,"monochromatic",0.8,0.9,0.8,0.81,"good","average"
"O02404","winter","date",1,0.95,0.61,0.81,0.84,0.42,0.75,0.9,0.59,0,"mixed_harmonious",0.8,0.9,0.8,0.74,"good","average"
"O02405","summer","office",0.62,0.8,0.46,0.92,0.84,0.46,0.41,0.78,0.82,0,"mixed_harmonious",0.8,0.9,0.8,0.71,"good","average"
"O02406","all-season","casual",0.88,0.85,0.59,0.85,0.84,0.43,0.75,0.88,0.78,0,"mixed_harmonious",0.8,0.9,0.8,0.74,"good","average"
"O02407","all-season","office",0.88,0.85,0.52,0.93,0.84,0.28,0.75,0.93,0.88,0,"monochromatic",0.8,0.9,0.8,0.74,"good","good"
"O02408","spring","casual",1,0.95,0.7,0.82,0.84,0.62,0.75,0.88,0.61,0,"mixed_harmonious",0.8,0.9,0.8,0.78,"good","bad"
"O02409","summer","gym",0.88,0.95,0.64,1,0.84,0.5,0.75,0.92,0.92,0,"monochromatic",0.8,0.9,0.8,0.81,"good","good"
"O02410","summer","gym",0.88,0.95,0.28,0.73,0.84,0.1,0.18,0.92,0.56,0,"triadic",0.8,0.9,0.8,0.4,"average","average"
"O02411","summer","gym",1,0.53,0.53,0.94,0.84,0.48,0.75,0.55,0.9,0,"monochromatic",0.8,0.9,0.8,0.75,"good","average"
"O02412","summer","gym",0.88,0.95,0.18,1,0.84,0.09,0.09,0.55,0.92,0,"monochromatic",0.8,0.9,0.8,0.4,"average","average"
"O02413","all-season","office",0.88,0.85,0.29,0.85,0.84,0.18,0.28,0.78,0.78,0,"mixed_harmonious",0.8,0.9,0.79,0.42,"average","average"
"O02414","summer","gym",0.88,0.95,0.28,0.92,0.84,0.1,0.18,0.92,0.84,0,"complementary",0.8,0.9,0.8,0.4,"average","average"
"O02415","all-season","date",0.88,0.85,0.62,0.74,0.87,0.5,0.75,0.9,0.55,0,"mixed_harmonious",0.8,0.9,0.89,0.73,"good","bad"
"O02416","summer","gym",0.88,1,0.38,1,0.84,0.18,0.5,0.92,0.92,0,"monochromatic",0.8,0.9,0.8,0.42,"average","bad"
"O02417","all-season","gym",0.88,0.85,0.28,0.71,0.84,0.08,0.5,0.55,0.5,0,"complementary",0.8,0.9,0.79,0.34,"bad","good"
"O02418","summer","casual",1,0.95,0.41,1,0.84,0.23,0.41,0.88,0.92,0,"monochromatic",0.8,0.9,0.8,0.42,"average","bad"
"O02419","spring","casual",1,0.95,0.76,0.98,0.84,0.74,0.75,0.88,0.9,0,"neutral_dominant",0.8,0.9,0.8,0.85,"good","average"
"O02420","autumn","gym",1,0.95,0.16,1,0.84,0.07,0.09,0.55,0.92,0,"monochromatic",0.8,0.9,0.8,0.34,"bad","good"
"O02421","winter","casual",1,0.6,0.62,1,0.84,0.53,0.75,0.88,0.92,0,"monochromatic",0.8,0.9,0.8,0.8,"good","average"
"O02422","summer","office",1,0.95,0.65,1,0.84,0.49,0.75,0.93,0.92,0,"monochromatic",0.8,0.9,0.8,0.81,"good","bad"
"O02423","autumn","gym",1,0.6,0.52,0.98,0.84,0.44,0.75,0.55,0.9,0,"neutral_dominant",0.8,0.9,0.8,0.75,"good","average"
"O02424","all-season","casual",0.88,0.85,0.54,0.88,0.84,0.48,0.5,0.88,0.78,0,"monochromatic",0.8,0.9,0.79,0.73,"good","average"
"O02425","all-season","date",0.88,0.85,0.39,0.93,0.84,0.09,0.75,0.9,0.88,0,"monochromatic",0.8,0.9,0.8,0.4,"average","average"
"O02426","all-season","gym",0.88,0.85,0.33,0.73,0.84,0.09,0.75,0.55,0.56,0,"complementary",0.8,0.9,0.8,0.4,"average","bad"
"O02427","all-season","casual",0.88,0.85,0.5,0.91,0.84,0.26,0.75,0.88,0.86,0,"neutral_dominant",0.8,0.9,0.8,0.42,"average","average"
"O02428","summer","gym",0.88,0.95,0.58,0.92,0.84,0.52,0.5,0.92,0.82,0,"mixed_harmonious",0.8,0.9,0.8,0.76,"good","average"
"O02429","all-season","casual",1,0.85,0.57,0.93,0.84,0.38,0.75,0.88,0.88,0,"monochromatic",0.8,0.9,0.8,0.76,"good","average"
"O02430","spring","casual",0.88,0.95,0.75,0.92,0.84,0.6,1,0.88,0.82,0,"mixed_harmonious",0.8,0.9,0.8,0.83,"good","average"
"O02431","summer","gym",1,0.95,0.34,1,0.84,0.23,0.41,0.55,0.92,0,"monochromatic",0.8,0.9,0.8,0.42,"average","bad"
"O02432","all-season","date",0.88,0.85,0.43,0.93,0.87,0.33,0.5,0.9,0.88,0,"monochromatic",0.8,0.9,0.89,0.71,"good","average"
"O02433","all-season","date",0.88,0.85,0.55,0.93,0.84,0.34,0.75,0.9,0.88,0,"monochromatic",0.8,0.9,0.8,0.75,"good","average"
"O02434","all-season","date",0.88,0.85,0.43,0.93,0.84,0.09,0.75,0.9,0.88,0,"monochromatic",0.8,0.9,0.8,0.4,"average","average"
"O02435","all-season","office",0.88,0.85,0.59,0.93,0.84,0.26,1,0.93,0.88,0,"monochromatic",0.8,0.9,0.8,0.42,"average","average"
"O02436","all-season","gym",0.88,0.85,0.52,0.93,0.87,0.54,0.75,0.25,0.88,0,"monochromatic",0.8,0.9,0.89,0.75,"good","good"
"O02437","winter","casual",1,0.95,0.67,0.85,0.84,0.41,1,0.88,0.67,0,"mixed_harmonious",0.8,0.9,0.8,0.78,"good","average"
"O02438","all-season","casual",0.62,0.85,0.65,0.93,0.84,0.49,1,0.88,0.88,0,"monochromatic",0.8,0.9,0.8,0.79,"good","good"
"O02439","all-season","weekend",1,0.85,0.77,0.85,0.84,0.63,1,0.88,0.78,0,"mixed_harmonious",0.8,0.9,0.8,0.82,"good","good"
"O02440","all-season","office",0.88,0.85,0.51,0.93,0.87,0.39,0.5,0.93,0.88,0,"monochromatic",0.8,0.9,0.89,0.74,"good","average"
"O02441","all-season","office",0.62,0.85,0.54,0.85,0.84,0.44,0.75,0.78,0.8,0,"complementary",0.8,0.9,0.8,0.72,"good","good"
"O02442","all-season","casual",0.88,0.85,0.5,0.85,0.84,0.33,0.75,0.88,0.78,0,"mixed_harmonious",0.8,0.9,0.8,0.71,"good","good"
"O02443","all-season","office",0.88,0.85,0.52,0.68,0.84,0.28,0.75,0.93,0.46,0,"triadic",0.8,0.9,0.8,0.66,"average","average"
"O02444","autumn","gym",1,0.95,0.64,1,0.84,0.62,0.75,0.55,0.92,0,"monochromatic",0.8,0.9,0.8,0.81,"good","good"
"O02445","all-season","date",1,0.85,0.6,0.85,0.84,0.42,0.75,0.9,0.78,0,"mixed_harmonious",0.8,0.9,0.8,0.75,"good","good"
"O02446","all-season","gym",0.88,0.85,0.52,0.93,0.84,0.43,0.75,0.55,0.88,0,"monochromatic",0.8,0.9,0.8,0.74,"good","average"
"O02447","summer","casual",0.88,0.95,0.53,0.67,0.84,0.38,0.75,0.88,0.57,0,"mixed_harmonious",0.8,0.9,0.8,0.67,"average","average"
"O02448","winter","travel",1,0.95,0.51,0.92,0.84,0.32,0.75,0.88,0.84,0,"complementary",0.8,0.9,0.8,0.73,"good","good"
"O02449","autumn","casual",0.88,0.95,0.54,0.85,0.84,0.41,0.75,0.88,0.67,0,"mixed_harmonious",0.8,0.9,0.8,0.72,"good","average"
"O02450","summer","gym",1,0.45,0.48,0.95,0.84,0.33,0.75,0.92,0.82,0,"monochromatic",0.8,0.9,0.8,0.73,"good","bad"
"O02451","all-season","gym",0.88,0.85,0.62,0.91,0.84,0.49,1,0.55,0.86,0,"neutral_dominant",0.8,0.9,0.8,0.77,"good","average"
"O02452","all-season","office",0.88,0.85,0.44,0.88,0.84,0.52,0.5,0.28,0.78,0,"monochromatic",0.8,0.9,0.8,0.69,"average","average"
"O02453","all-season","date",0.88,0.85,0.43,0.93,0.84,0.09,0.75,0.9,0.88,0,"monochromatic",0.8,0.9,0.8,0.4,"average","good"
"O02454","winter","casual",1,0.6,0.43,1,0.84,0.26,0.5,0.88,0.92,0,"monochromatic",0.8,0.9,0.8,0.42,"average","average"
"O02455","autumn","office",1,0.95,0.76,1,0.84,0.62,1,0.78,0.92,0,"monochromatic",0.8,0.9,0.8,0.86,"good","average"
"O02456","summer","casual",1,1,0.48,1,0.84,0.16,0.75,0.88,0.92,0,"monochromatic",0.8,0.9,0.8,0.42,"average","average"
"O02457","summer","gym",0.88,0.95,0.58,0.85,0.84,0.52,0.5,0.92,0.67,0,"mixed_harmonious",0.8,0.9,0.8,0.74,"good","bad"
"O02458","all-season","gym",0.88,0.85,0.52,0.85,0.84,0.43,0.75,0.55,0.78,0,"mixed_harmonious",0.8,0.9,0.8,0.72,"good","average"
"O02459","autumn","gym",1,0.95,0.64,0.98,0.84,0.62,0.75,0.55,0.9,0,"neutral_dominant",0.8,0.9,0.8,0.8,"good","average"
"O02460","summer","gym",0.88,0.95,0.64,0.92,0.84,0.5,0.75,0.92,0.82,0,"mixed_harmonious",0.8,0.9,0.8,0.78,"good","average"
"O02461","autumn","office",1,0.6,0.59,1,0.84,0.44,0.75,0.93,0.92,0,"monochromatic",0.8,0.9,0.8,0.79,"good","average"
"O02462","autumn","event",1,0.95,0.26,1,0.84,0.09,0.09,0.94,0.92,0,"monochromatic",0.8,0.9,0.8,0.4,"average","average"
"O02463","all-season","gym",0.88,0.85,0.57,0.78,0.84,0.52,0.5,0.92,0.63,0,"mixed_harmonious",0.8,0.9,0.8,0.71,"good","good"
"O02464","all-season","office",0.88,0.85,0.46,0.85,0.84,0.21,0.75,0.78,0.78,0,"mixed_harmonious",0.8,0.9,0.8,0.42,"average","average"
"O02465","summer","gym",1,0.53,0.53,0.81,0.84,0.48,0.75,0.55,0.59,0,"mixed_harmonious",0.8,0.9,0.8,0.71,"good","bad"
"O02466","all-season","office",0.88,0.85,0.33,0.85,0.84,0.08,0.5,0.78,0.78,0,"mixed_harmonious",0.8,0.9,0.79,0.34,"bad","bad"
"O02467","autumn","office",1,0.95,0.53,1,0.84,0.41,0.75,0.78,0.92,0,"monochromatic",0.8,0.9,0.8,0.76,"good","bad"
"O02468","autumn","casual",1,0.95,0.51,0.98,0.84,0.23,0.75,0.88,0.9,0,"neutral_dominant",0.8,0.9,0.8,0.42,"average","good"
"O02469","summer","office",1,0.45,0.45,0.98,0.84,0.33,0.75,0.78,0.9,0,"neutral_dominant",0.8,0.9,0.8,0.73,"good","average"
"O02470","winter","gym",1,0.95,0.51,0.85,0.84,0.29,0.75,0.92,0.67,0,"mixed_harmonious",0.8,0.9,0.8,0.71,"good","average"
"O02471","all-season","gym",0.88,0.85,0.56,0.92,0.87,0.63,0.75,0.25,0.87,0,"analogous",0.8,0.9,0.89,0.76,"good","bad"
"O02472","all-season","gym",0.88,0.85,0.47,0.7,0.84,0.32,0.75,0.55,0.48,0,"complementary",0.8,0.9,0.8,0.65,"average","bad"
"O02473","all-season","gym",0.88,0.85,0.52,0.71,0.87,0.54,0.75,0.25,0.5,0,"complementary",0.8,0.9,0.89,0.68,"average","average"
"O02474","autumn","office",0.62,0.95,0.7,0.91,0.84,0.6,1,0.78,0.79,0,"mixed_harmonious",0.8,0.9,0.8,0.81,"good","average"
"O02475","all-season","date",0.88,0.85,0.62,0.85,0.87,0.5,0.75,0.9,0.78,0,"mixed_harmonious",0.8,0.9,0.89,0.76,"good","average"
"O02476","summer","gym",0.88,0.95,0.28,0.98,0.84,0.1,0.18,0.92,0.9,0,"neutral_dominant",0.8,0.9,0.8,0.4,"average","average"
"O02477","all-season","date",0.88,0.85,0.52,0.93,0.84,0.28,0.75,0.9,0.88,0,"monochromatic",0.8,0.9,0.8,0.74,"good","average"
"O02478","all-season","casual",1,0.85,0.56,0.93,0.84,0.44,0.75,0.88,0.88,0,"monochromatic",0.8,0.9,0.8,0.76,"good","good"
"O02479","summer","gym",0.88,0.95,0.58,0.92,0.84,0.52,0.5,0.92,0.82,0,"mixed_harmonious",0.8,0.9,0.8,0.76,"good","average"
"O02480","all-season","casual",0.88,0.85,0.49,0.93,0.87,0.37,0.5,0.88,0.88,0,"monochromatic",0.8,0.9,0.89,0.74,"good","average"
"O02481","all-season","casual",1,0.85,0.65,0.93,0.84,0.53,0.75,0.88,0.88,0,"monochromatic",0.8,0.9,0.8,0.79,"good","bad"
"O02482","all-season","gym",0.88,0.85,0.52,0.74,0.84,0.43,0.75,0.55,0.55,0,"mixed_harmonious",0.8,0.9,0.8,0.68,"average","good"
"O02483","all-season","casual",1,0.85,0.18,0.91,0.84,0.08,0.09,0.62,0.86,0,"neutral_dominant",0.8,0.9,0.8,0.34,"bad","average"
"O02484","all-season","date",0.88,0.85,0.23,0.93,0.84,0.3,0.09,0.32,0.88,0,"monochromatic",0.8,0.9,0.8,0.4,"average","average"
"O02485","summer","casual",0.62,0.95,0.4,1,0.87,0.4,0.18,0.88,0.92,0,"monochromatic",0.8,0.9,0.89,0.4,"average","average"
"O02486","all-season","casual",0.88,0.85,0.52,0.85,0.84,0.28,0.75,0.88,0.78,0,"mixed_harmonious",0.8,0.9,0.8,0.42,"average","average"
"O02487","all-season","travel",0.88,0.85,0.54,0.85,0.84,0.48,0.5,0.88,0.78,0,"mixed_harmonious",0.8,0.9,0.79,0.72,"good","average"
"O02488","autumn","date",1,0.95,0.61,1,0.84,0.43,0.75,0.9,0.92,0,"monochromatic",0.8,0.9,0.8,0.8,"good","bad"
"O02489","spring","casual",1,0.95,0.78,0.94,0.84,0.63,1,0.88,0.9,0,"monochromatic",0.8,0.9,0.8,0.85,"good","good"
"O02490","all-season","travel",0.88,0.85,0.63,0.91,0.84,0.52,0.75,0.88,0.86,0,"neutral_dominant",0.8,0.9,0.79,0.78,"good","average"
"O02491","spring","date",1,0.95,0.61,0.92,0.84,0.43,0.75,0.9,0.82,0,"mixed_harmonious",0.8,0.9,0.8,0.77,"good","average"
"O02492","spring","casual",1,0.8,0.54,1,0.84,0.42,0.75,0.88,0.92,0,"monochromatic",0.8,0.9,0.8,0.77,"good","average"
"O02493","winter","office",1,0.95,0.51,1,0.84,0.29,0.75,0.93,0.92,0,"monochromatic",0.8,0.9,0.8,0.76,"good","average"
"O02494","all-season","casual",1,0.85,0.59,0.93,0.84,0.42,0.75,0.88,0.88,0,"monochromatic",0.8,0.9,0.8,0.77,"good","good"
"O02495","all-season","gym",0.88,0.85,0.36,0.91,0.84,0.09,0.75,0.55,0.86,0,"neutral_dominant",0.8,0.9,0.8,0.4,"average","average"
"O02496","summer","date",0.88,0.95,0.5,0.85,0.84,0.3,0.75,0.9,0.78,0,"mixed_harmonious",0.8,0.9,0.8,0.71,"good","average"
"O02497","summer","gym",0.88,0.95,0.48,1,0.84,0.52,0.18,0.92,0.92,0,"monochromatic",0.8,0.9,0.8,0.4,"average","good"
"O02498","all-season","casual",0.88,0.85,0.49,0.85,0.84,0.31,0.75,0.88,0.78,0,"mixed_harmonious",0.8,0.9,0.8,0.7,"good","average"
"O02499","all-season","office",0.88,0.85,0.59,0.78,0.84,0.26,1,0.93,0.63,0,"mixed_harmonious",0.8,0.9,0.8,0.42,"average","good"
"O02500","summer","casual",1,0.8,0.35,0.98,0.84,0.2,0.28,0.88,0.9,0,"neutral_dominant",0.8,0.9,0.8,0.42,"average","average"
"O02501","summer","date",1,0.95,0.51,0.98,0.84,0.3,0.75,0.9,0.9,0,"neutral_dominant",0.8,0.9,0.8,0.75,"good","average"
"O02502","autumn","gym",1,0.95,0.54,1,0.84,0.42,0.75,0.55,0.92,0,"monochromatic",0.8,0.9,0.8,0.77,"good","average"
"O02503","summer","casual",0.88,0.95,0.7,0.85,0.84,0.5,1,0.88,0.67,0,"mixed_harmonious",0.8,0.9,0.79,0.79,"good","good"
"O02504","winter","date",0.62,0.95,0.12,0.98,0.84,0.08,0.09,0.32,0.9,0,"neutral_dominant",0.8,0.9,0.8,0.34,"bad","average"
"O02505","all-season","casual",1,0.85,0.65,0.91,0.84,0.53,0.75,0.88,0.86,0,"neutral_dominant",0.8,0.9,0.8,0.79,"good","average"
"O02506","autumn","date",1,0.95,0.41,0.92,0.84,0.09,0.75,0.9,0.82,0,"mixed_harmonious",0.8,0.9,0.8,0.4,"average","good"
"O02507","all-season","casual",1,0.85,0.77,0.93,0.84,0.63,1,0.88,0.88,0,"monochromatic",0.8,0.9,0.8,0.84,"good","average"
"O02508","summer","office",1,0.8,0.49,1,0.84,0.46,0.41,0.78,0.92,0,"monochromatic",0.8,0.9,0.8,0.75,"good","bad"
"O02509","all-season","casual",0.88,0.85,0.68,0.85,0.87,0.63,0.75,0.88,0.78,0,"mixed_harmonious",0.8,0.9,0.89,0.79,"good","average"
"O02510","autumn","gym",1,0.95,0.59,0.85,0.84,0.53,0.75,0.55,0.67,0,"mixed_harmonious",0.8,0.9,0.8,0.74,"good","good"
"O02511","autumn","travel",1,0.95,0.51,0.98,0.84,0.23,0.75,0.88,0.91,0,"analogous",0.8,0.9,0.8,0.42,"average","good"
"O02512","all-season","date",0.88,0.85,0.32,0.93,0.84,0.07,0.5,0.9,0.88,0,"monochromatic",0.8,0.9,0.79,0.34,"bad","good"
"O02513","all-season","office",0.88,0.85,0.62,0.91,0.84,0.55,0.75,0.78,0.86,0,"neutral_dominant",0.8,0.9,0.8,0.77,"good","average"
"O02514","winter","casual",1,0.95,0.77,1,0.84,0.6,1,0.88,0.92,0,"monochromatic",0.8,0.9,0.8,0.86,"good","bad"
"O02515","autumn","casual",0.88,0.95,0.59,0.92,0.84,0.42,0.75,0.88,0.82,0,"mixed_harmonious",0.8,0.9,0.8,0.76,"good","average"
"O02516","summer","casual",1,0.95,0.44,0.98,0.84,0.08,0.75,0.88,0.9,0,"neutral_dominant",0.8,0.9,0.8,0.4,"average","bad"
"O02517","summer","gym",0.88,1,0.39,0.94,0.84,0.2,0.5,0.92,0.9,0,"monochromatic",0.8,0.9,0.8,0.42,"average","bad"
"O02518","all-season","event",1,0.85,0.61,0.71,0.84,0.42,0.75,0.94,0.5,0,"complementary",0.8,0.9,0.8,0.71,"good","bad"
"O02519","summer","casual",0.88,0.95,0.53,0.85,0.84,0.38,0.75,0.88,0.67,0,"mixed_harmonious",0.8,0.9,0.8,0.72,"good","good"
"O02520","summer","casual",1,0.8,0.54,1,0.84,0.42,0.75,0.88,0.92,0,"monochromatic",0.8,0.9,0.8,0.77,"good","average"
"O02521","all-season","office",0.88,0.85,0.55,0.93,0.84,0.34,0.75,0.93,0.88,0,"monochromatic",0.8,0.9,0.8,0.75,"good","average"
"O02522","summer","gym",1,1,0.41,0.92,0.84,0.16,0.75,0.55,0.82,0,"mixed_harmonious",0.8,0.9,0.8,0.42,"average","bad"
"O02523","all-season","gym",0.88,0.85,0.48,0.93,0.84,0.34,0.75,0.55,0.88,0,"monochromatic",0.8,0.9,0.8,0.72,"good","average"
"O02524","all-season","office",0.88,0.85,0.51,0.85,0.84,0.41,0.75,0.78,0.78,0,"mixed_harmonious",0.8,0.9,0.8,0.71,"good","good"
"O02525","summer","event",1,0.45,0.22,0.81,0.84,0.17,0.41,0.3,0.59,0,"mixed_harmonious",0.8,0.9,0.8,0.42,"average","good"
"O02526","all-season","casual",0.88,0.85,0.56,0.78,0.84,0.52,0.5,0.88,0.63,0,"mixed_harmonious",0.8,0.9,0.8,0.71,"good","average"
"O02527","all-season","office",0.88,0.85,0.55,0.84,0.84,0.34,0.75,0.93,0.75,0,"mixed_harmonious",0.8,0.9,0.8,0.72,"good","average"
"O02528","winter","gym",1,0.6,0.43,1,0.84,0.26,0.5,0.92,0.92,0,"monochromatic",0.8,0.9,0.8,0.42,"average","average"
"O02529","all-season","casual",0.88,0.85,0.49,0.85,0.84,0.31,0.75,0.88,0.78,0,"mixed_harmonious",0.8,0.9,0.8,0.7,"good","bad"
"O02530","all-season","casual",0.88,0.85,0.44,0.93,0.87,0.11,0.75,0.88,0.88,0,"monochromatic",0.8,0.9,0.89,0.4,"average","average"
"O02531","autumn","weekend",1,0.95,0.51,0.92,0.84,0.23,0.75,0.88,0.82,0,"mixed_harmonious",0.8,0.9,0.8,0.42,"average","bad"
"O02532","all-season","event",0.88,0.85,0.65,0.93,0.84,0.53,0.75,0.94,0.88,0,"monochromatic",0.8,0.9,0.8,0.79,"good","average"
"O02533","autumn","casual",1,0.95,0.7,0.92,0.84,0.62,0.75,0.88,0.82,0,"mixed_harmonious",0.8,0.9,0.8,0.81,"good","good"
"O02534","spring","date",1,0.95,0.61,0.92,0.84,0.43,0.75,0.9,0.82,0,"mixed_harmonious",0.8,0.9,0.8,0.77,"good","average"
"O02535","autumn","casual",1,0.95,0.41,1,0.84,0.09,0.75,0.88,0.92,0,"monochromatic",0.8,0.9,0.8,0.4,"average","average"
"O02536","summer","casual",1,1,0.62,1,0.84,0.44,0.75,0.88,0.92,0,"monochromatic",0.8,0.9,0.8,0.8,"good","average"
"O02537","summer","casual",0.62,0.95,0.6,1,0.84,0.7,0.41,0.88,0.92,0,"monochromatic",0.8,0.9,0.8,0.79,"good","average"
"O02538","summer","gym",0.88,0.95,0.18,0.98,0.84,0.09,0.09,0.55,0.9,0,"neutral_dominant",0.8,0.9,0.8,0.34,"bad","bad"
"O02539","spring","date",1,0.95,0.61,1,0.84,0.43,0.75,0.9,0.92,0,"monochromatic",0.8,0.9,0.8,0.8,"good","good"
"O02540","all-season","office",0.62,0.85,0.58,0.85,0.84,0.52,0.75,0.78,0.78,0,"mixed_harmonious",0.8,0.9,0.79,0.74,"good","average"
"O02541","winter","gym",1,0.95,0.45,1,0.84,0.17,0.75,0.92,0.92,0,"monochromatic",0.8,0.9,0.8,0.42,"average","good"
"O02542","all-season","date",0.88,0.85,0.3,0.93,0.84,0.44,0.09,0.32,0.88,0,"monochromatic",0.8,0.9,0.79,0.4,"average","average"
"O02543","winter","office",1,0.95,0.65,0.91,0.84,0.48,0.75,0.93,0.79,0,"mixed_harmonious",0.8,0.9,0.8,0.79,"good","good"
"O02544","winter","casual",1,0.95,0.67,0.98,0.84,0.41,1,0.88,0.9,0,"neutral_dominant",0.8,0.9,0.8,0.81,"good","good"
"O02545","all-season","casual",1,0.85,0.77,0.91,0.84,0.63,1,0.88,0.86,0,"neutral_dominant",0.8,0.9,0.8,0.83,"good","average"
"O02546","all-season","gym",0.88,0.85,0.48,0.84,0.87,0.46,0.75,0.25,0.75,0,"mixed_harmonious",0.8,0.9,0.89,0.71,"good","good"
"O02547","all-season","casual",0.88,0.85,0.37,0.85,0.84,0.2,0.5,0.88,0.78,0,"mixed_harmonious",0.8,0.9,0.8,0.42,"average","good"
"O02548","all-season","casual",0.88,0.85,0.54,0.72,0.84,0.44,0.75,0.88,0.54,0,"triadic",0.8,0.9,0.8,0.68,"average","average"
"O02549","winter","date",1,0.95,0.56,0.83,0.84,0.42,0.75,0.9,0.69,0,"analogous",0.8,0.9,0.8,0.73,"good","bad"
"O02550","summer","casual",1,1,0.62,0.94,0.84,0.44,0.75,0.88,0.9,0,"monochromatic",0.8,0.9,0.8,0.78,"good","average"
"O02551","all-season","casual",0.88,0.85,0.6,0.93,0.84,0.46,0.75,0.88,0.88,0,"monochromatic",0.8,0.9,0.79,0.77,"good","good"
"O02552","summer","date",1,0.53,0.55,0.92,0.84,0.48,0.75,0.68,0.84,0,"complementary",0.8,0.9,0.8,0.75,"good","average"
"O02553","summer","gym",1,1,0.44,0.92,0.84,0.29,0.75,0.55,0.82,0,"mixed_harmonious",0.8,0.9,0.8,0.7,"good","bad"
"O02554","all-season","gym",1,0.85,0.54,0.91,0.84,0.44,0.75,0.55,0.86,0,"neutral_dominant",0.8,0.9,0.8,0.74,"good","average"
"O02555","winter","casual",1,0.6,0.69,0.98,0.84,0.69,0.75,0.88,0.9,0,"neutral_dominant",0.8,0.9,0.8,0.82,"good","bad"
"O02556","all-season","casual",0.88,0.85,0.49,0.93,0.87,0.37,0.5,0.88,0.88,0,"monochromatic",0.8,0.9,0.89,0.74,"good","average"
"O02557","all-season","casual",0.88,0.85,0.62,0.93,0.84,0.35,1,0.88,0.88,0,"monochromatic",0.8,0.9,0.8,0.78,"good","average"
"O02558","all-season","gym",0.88,0.85,0.48,0.74,0.84,0.34,0.75,0.55,0.55,0,"mixed_harmonious",0.8,0.9,0.8,0.67,"average","average"
"O02559","spring","casual",0.88,0.95,0.19,0.98,0.84,0.09,0.09,0.62,0.9,0,"neutral_dominant",0.8,0.9,0.8,0.4,"average","average"
"O02560","summer","office",0.88,0.95,0.38,1,0.84,0.3,0.28,0.78,0.92,0,"monochromatic",0.8,0.9,0.8,0.7,"good","bad"
"O02561","summer","casual",1,0.95,0.66,0.85,0.84,0.68,0.5,0.88,0.78,0,"mixed_harmonious",0.8,0.9,0.8,0.77,"good","average"
"O02562","spring","casual",0.88,0.95,0.52,0.92,0.84,0.36,0.75,0.88,0.82,0,"mixed_harmonious",0.8,0.9,0.8,0.74,"good","average"
"O02563","summer","gym",0.88,0.95,0.53,0.85,0.84,0.42,0.5,0.92,0.67,0,"mixed_harmonious",0.8,0.9,0.8,0.72,"good","average"
"O02564","summer","gym",0.88,0.95,0.35,1,0.84,0.44,0.09,0.55,0.92,0,"monochromatic",0.8,0.9,0.8,0.4,"average","average"
"O02565","all-season","weekend",0.88,0.85,0.44,0.93,0.87,0.11,0.75,0.88,0.88,0,"monochromatic",0.8,0.9,0.89,0.4,"average","average"
"O02566","all-season","office",0.88,0.85,0.51,0.93,0.84,0.26,0.75,0.93,0.88,0,"monochromatic",0.8,0.9,0.8,0.4,"average","good"
"O02567","winter","office",1,0.95,0.49,0.85,0.84,0.32,0.75,0.78,0.67,0,"mixed_harmonious",0.8,0.9,0.8,0.7,"good","bad"
"O02568","summer","gym",0.88,0.95,0.18,0.98,0.84,0.09,0.09,0.55,0.9,0,"neutral_dominant",0.8,0.9,0.8,0.4,"average","bad"
"O02569","all-season","gym",0.88,0.85,0.42,0.93,0.84,0.21,0.5,0.92,0.88,0,"monochromatic",0.8,0.9,0.8,0.42,"average","average"
"O02570","summer","date",1,0.95,0.51,1,0.84,0.3,0.75,0.9,0.92,0,"monochromatic",0.8,0.9,0.8,0.76,"good","average"
"O02571","summer","gym",0.88,0.95,0.73,1,0.84,0.68,0.75,0.92,0.92,0,"monochromatic",0.8,0.9,0.8,0.84,"good","average"
"O02572","all-season","casual",0.88,0.85,0.69,0.93,0.84,0.49,1,0.88,0.88,0,"monochromatic",0.8,0.9,0.8,0.81,"good","average"
"O02573","autumn","casual",0.62,0.95,0.61,0.94,0.84,0.53,0.75,0.88,0.9,0,"monochromatic",0.8,0.9,0.8,0.78,"good","average"
"O02574","winter","casual",1,0.95,0.29,0.92,0.84,0.29,0.09,0.62,0.82,0,"mixed_harmonious",0.8,0.9,0.8,0.4,"average","bad"
"O02575","summer","casual",0.88,0.95,0.32,1,0.87,0.2,0.18,0.88,0.92,0,"monochromatic",0.8,0.9,0.89,0.42,"average","average"
"O02576","summer","gym",1,0.95,0.61,1,0.84,0.57,0.75,0.55,0.92,0,"monochromatic",0.8,0.9,0.8,0.8,"good","good"
"O02577","spring","casual",1,0.95,0.55,0.92,0.84,0.41,0.75,0.88,0.84,0,"complementary",0.8,0.9,0.8,0.75,"good","average"
"O02578","all-season","date",1,0.85,0.13,0.74,0.84,0.08,0.09,0.32,0.55,0,"mixed_harmonious",0.8,0.9,0.8,0.34,"bad","average"
"O02579","spring","casual",1,0.95,0.61,1,0.84,0.42,0.75,0.88,0.92,0,"monochromatic",0.8,0.9,0.8,0.8,"good","good"
"O02580","autumn","date",1,0.95,0.41,0.98,0.84,0.09,0.75,0.9,0.9,0,"neutral_dominant",0.8,0.9,0.8,0.4,"average","good"
"O02581","all-season","event",0.88,0.85,0.52,0.88,0.84,0.24,1,0.6,0.78,0,"monochromatic",0.8,0.9,0.8,0.42,"average","average"
"O02582","summer","gym",0.88,0.95,0.15,0.92,0.84,0.07,0.09,0.55,0.82,0,"mixed_harmonious",0.8,0.9,0.8,0.34,"bad","good"
"O02583","summer","gym",1,0.95,0.38,1,0.84,0.38,0.28,0.55,0.92,0,"monochromatic",0.8,0.9,0.8,0.7,"good","average"
"O02584","autumn","casual",0.88,0.95,0.76,1,0.84,0.62,1,0.88,0.92,0,"monochromatic",0.8,0.9,0.8,0.86,"good","bad"
"O02585","spring","office",1,0.95,0.54,0.81,0.84,0.68,0.5,0.28,0.62,0,"complementary",0.8,0.9,0.8,0.71,"good","bad"
"O02586","summer","casual",0.88,0.95,0.36,0.94,0.84,0.23,0.28,0.88,0.9,0,"monochromatic",0.8,0.9,0.8,0.42,"average","average"
"O02587","all-season","casual",0.88,0.85,0.29,0.93,0.84,0.3,0.09,0.62,0.88,0,"monochromatic",0.8,0.9,0.8,0.4,"average","good"
"O02588","all-season","office",0.88,0.85,0.43,0.85,0.84,0.09,0.75,0.93,0.78,0,"mixed_harmonious",0.8,0.9,0.8,0.4,"average","good"
"O02589","summer","office",0.88,1,0.49,0.85,0.84,0.23,0.75,0.78,0.78,0,"mixed_harmonious",0.8,0.9,0.8,0.42,"average","good"
"O02590","all-season","date",0.88,0.85,0.55,0.93,0.84,0.34,0.75,0.9,0.88,0,"monochromatic",0.8,0.9,0.8,0.75,"good","average"
"O02591","summer","gym",0.88,0.95,0.5,1,0.84,0.45,0.5,0.92,0.92,0,"monochromatic",0.8,0.9,0.8,0.75,"good","average"
"O02592","autumn","casual",1,0.95,0.55,0.92,0.84,0.41,0.75,0.88,0.82,0,"mixed_harmonious",0.8,0.9,0.8,0.75,"good","good"
"O02593","spring","date",1,0.95,0.61,0.94,0.84,0.42,0.75,0.9,0.9,0,"monochromatic",0.8,0.9,0.8,0.78,"good","average"
"O02594","all-season","date",0.88,0.85,0.62,0.85,0.87,0.5,0.75,0.9,0.8,0,"complementary",0.8,0.9,0.89,0.76,"good","average"
"O02595","all-season","casual",0.88,0.85,0.48,0.93,0.84,0.21,0.75,0.88,0.88,0,"monochromatic",0.8,0.9,0.8,0.42,"average","average"
"O02596","summer","gym",0.88,0.95,0.48,1,0.84,0.52,0.18,0.92,0.92,0,"monochromatic",0.8,0.9,0.8,0.4,"average","average"
"O02597","all-season","casual",0.88,0.85,0.35,0.93,0.84,0.44,0.09,0.62,0.88,0,"monochromatic",0.8,0.9,0.79,0.4,"average","average"
"O02598","summer","office",1,1,0.51,0.93,0.84,0.29,0.75,0.93,0.89,0,"analogous",0.8,0.9,0.8,0.74,"good","average"
"O02599","autumn","casual",1,0.95,0.41,1,0.84,0.09,0.75,0.88,0.92,0,"monochromatic",0.8,0.9,0.8,0.4,"average","average"
"O02600","all-season","casual",0.88,0.85,0.58,0.93,0.84,0.26,1,0.88,0.88,0,"monochromatic",0.8,0.9,0.8,0.42,"average","good"
"O02601","all-season","date",1,0.85,0.56,0.85,0.84,0.44,0.75,0.9,0.78,0,"mixed_harmonious",0.8,0.9,0.8,0.73,"good","good"
"O02602","all-season","casual",0.88,0.85,0.51,0.71,0.84,0.26,0.75,0.88,0.5,0,"complementary",0.8,0.9,0.8,0.42,"average","good"
"O02603","all-season","date",0.62,0.85,0.41,0.93,0.84,0.09,0.75,0.9,0.88,0,"monochromatic",0.8,0.9,0.8,0.4,"average","average"
"O02604","all-season","office",1,0.85,0.27,0.88,0.84,0.18,0.5,0.28,0.78,0,"monochromatic",0.8,0.9,0.8,0.42,"average","good"
"O02605","autumn","casual",1,0.6,0.72,0.92,0.84,0.74,0.75,0.88,0.82,0,"mixed_harmonious",0.8,0.9,0.8,0.82,"good","average"
"O02606","summer","casual",0.88,0.95,0.37,1,0.87,0.38,0.18,0.88,0.92,0,"monochromatic",0.8,0.9,0.89,0.4,"average","average"
"O02607","all-season","casual",1,0.85,0.56,0.93,0.84,0.44,0.75,0.88,0.88,0,"monochromatic",0.8,0.9,0.8,0.76,"good","good"
"O02608","spring","casual",1,0.95,0.61,0.92,0.84,0.42,0.75,0.88,0.82,0,"mixed_harmonious",0.8,0.9,0.8,0.77,"good","average"
"O02609","summer","gym",1,1,0.41,0.77,0.84,0.16,0.75,0.55,0.54,0,"complementary",0.8,0.9,0.8,0.42,"average","average"
"O02610","summer","office",1,0.8,0.24,1,0.84,0.07,0.28,0.78,0.92,0,"monochromatic",0.8,0.9,0.8,0.4,"average","average"
"O02611","all-season","casual",0.88,0.85,0.68,0.85,0.84,0.62,0.75,0.88,0.78,0,"mixed_harmonious",0.8,0.9,0.8,0.78,"good","average"
"O02612","summer","date",1,0.95,0.4,0.67,0.84,0.06,0.75,0.9,0.57,0,"mixed_harmonious",0.8,0.9,0.8,0.4,"average","bad"
"O02613","all-season","gym",0.88,0.85,0.52,0.93,0.84,0.43,0.75,0.55,0.88,0,"monochromatic",0.8,0.9,0.8,0.74,"good","average"
"O02614","autumn","gym",0.88,0.95,0.6,0.98,0.84,0.42,0.75,0.92,0.9,0,"neutral_dominant",0.8,0.9,0.8,0.79,"good","bad"
"O02615","autumn","gym",1,0.95,0.72,1,0.84,0.63,1,0.55,0.92,0,"monochromatic",0.8,0.9,0.8,0.84,"good","good"
"O02616","autumn","gym",1,0.95,0.59,0.94,0.84,0.53,0.75,0.55,0.9,0,"monochromatic",0.8,0.9,0.8,0.77,"good","average"
"O02617","summer","casual",1,1,0.48,0.77,0.84,0.16,0.75,0.88,0.54,0,"complementary",0.8,0.9,0.8,0.42,"average","average"
"O02618","all-season","casual",0.88,0.85,0.42,0.93,0.84,0.09,0.75,0.88,0.88,0,"monochromatic",0.8,0.9,0.8,0.4,"average","average"
"O02619","winter","casual",1,0.95,0.61,0.98,0.84,0.42,0.75,0.88,0.9,0,"neutral_dominant",0.8,0.9,0.8,0.79,"good","average"
"O02620","summer","gym",0.88,0.95,0.11,1,0.84,0.08,0.09,0.25,0.92,0,"monochromatic",0.8,0.9,0.8,0.34,"bad","average"
"O02621","spring","office",1,0.95,0.3,1,0.84,0.24,0.5,0.28,0.92,0,"monochromatic",0.8,0.9,0.8,0.42,"average","bad"
"O02622","all-season","date",0.88,0.85,0.23,0.91,0.84,0.3,0.09,0.32,0.86,0,"neutral_dominant",0.8,0.9,0.8,0.4,"average","good"
"O02623","all-season","office",0.88,0.85,0.46,0.78,0.84,0.21,0.75,0.78,0.63,0,"mixed_harmonious",0.8,0.9,0.8,0.42,"average","average"
"O02624","all-season","casual",1,0.85,0.61,0.93,0.84,0.46,0.75,0.88,0.88,0,"monochromatic",0.8,0.9,0.8,0.78,"good","bad"
"O02625","summer","date",0.88,0.95,0.5,1,0.84,0.3,0.75,0.9,0.92,0,"monochromatic",0.8,0.9,0.8,0.75,"good","average"
"O02626","spring","casual",1,0.95,0.61,0.98,0.84,0.42,0.75,0.88,0.9,0,"neutral_dominant",0.8,0.9,0.8,0.79,"good","bad"
"O02627","summer","casual",1,0.95,0.33,0.85,0.84,0.07,0.5,0.88,0.78,0,"mixed_harmonious",0.8,0.9,0.8,0.4,"average","good"
"O02628","summer","gym",0.88,0.95,0.73,0.98,0.84,0.68,0.75,0.92,0.9,0,"neutral_dominant",0.8,0.9,0.8,0.84,"good","bad"
"O02629","spring","date",1,0.95,0.61,0.81,0.84,0.42,0.75,0.9,0.59,0,"mixed_harmonious",0.8,0.9,0.8,0.74,"good","average"
"O02630","all-season","gym",0.88,0.85,0.45,0.85,0.84,0.28,0.75,0.55,0.8,0,"complementary",0.8,0.9,0.8,0.42,"average","bad"
"O02631","summer","casual",1,0.95,0.59,0.98,0.84,0.38,0.75,0.88,0.9,0,"neutral_dominant",0.8,0.9,0.8,0.78,"good","average"
"O02632","spring","gym",1,0.95,0.41,0.98,0.84,0.24,0.5,0.92,0.91,0,"analogous",0.8,0.9,0.8,0.42,"average","good"
"O02633","autumn","casual",1,0.95,0.78,1,0.84,0.63,1,0.88,0.92,0,"monochromatic",0.8,0.9,0.8,0.86,"good","bad"
"O02634","all-season","date",0.88,0.85,0.39,0.93,0.84,0.09,0.75,0.9,0.88,0,"monochromatic",0.8,0.9,0.8,0.4,"average","good"
"O02635","summer","casual",0.88,0.95,0.36,0.98,0.84,0.23,0.28,0.88,0.9,0,"neutral_dominant",0.8,0.9,0.8,0.4,"average","average"
"O02636","summer","gym",0.62,1,0.42,0.92,0.84,0.24,0.75,0.55,0.84,0,"complementary",0.8,0.9,0.8,0.42,"average","average"
"O02637","summer","gym",0.88,1,0.41,0.81,0.84,0.24,0.5,0.92,0.59,0,"mixed_harmonious",0.8,0.9,0.8,0.42,"average","bad"
"O02638","summer","office",0.88,0.95,0.36,0.65,0.84,0.33,0.28,0.78,0.51,0,"mixed_harmonious",0.8,0.9,0.79,0.59,"average","good"
"O02639","summer","gym",0.88,0.95,0.17,1,0.84,0.08,0.09,0.55,0.92,0,"monochromatic",0.8,0.9,0.8,0.34,"bad","good"
"O02640","summer","date",1,0.95,0.3,0.71,0.84,0.08,0.28,0.9,0.5,0,"complementary",0.8,0.9,0.8,0.4,"average","average"
"O02641","summer","gym",0.88,0.95,0.45,1,0.84,0.46,0.18,0.92,0.92,0,"monochromatic",0.8,0.9,0.8,0.4,"average","average"
"O02642","all-season","office",0.88,0.85,0.61,0.93,0.87,0.46,0.75,0.93,0.88,0,"monochromatic",0.8,0.9,0.89,0.78,"good","bad"
"O02643","all-season","casual",0.88,0.85,0.48,0.93,0.84,0.21,0.75,0.88,0.88,0,"monochromatic",0.8,0.9,0.8,0.42,"average","bad"
"O02644","summer","casual",1,0.95,0.52,1,0.84,0.33,0.75,0.88,0.92,0,"monochromatic",0.8,0.9,0.8,0.76,"good","good"
"O02645","all-season","office",1,0.85,0.62,0.93,0.84,0.46,0.75,0.93,0.88,0,"monochromatic",0.8,0.9,0.8,0.78,"good","average"
"O02646","all-season","office",0.88,0.85,0.44,0.93,0.87,0.47,0.14,0.93,0.88,0,"monochromatic",0.8,0.9,0.89,0.72,"good","good"
"O02647","winter","casual",0.88,0.6,0.58,0.76,0.84,0.48,0.75,0.88,0.52,0,"complementary",0.8,0.9,0.8,0.71,"good","good"
"O02648","autumn","casual",1,0.95,0.78,1,0.84,0.63,1,0.88,0.92,0,"monochromatic",0.8,0.9,0.8,0.86,"good","good"
"O02649","all-season","office",1,0.85,0.6,0.93,0.84,0.42,0.75,0.93,0.88,0,"monochromatic",0.8,0.9,0.8,0.77,"good","average"
"O02650","summer","casual",0.88,1,0.49,0.98,0.84,0.29,0.75,0.88,0.9,0,"neutral_dominant",0.8,0.9,0.8,0.74,"good","average"
"O02651","summer","gym",0.88,0.95,0.22,0.98,0.84,0.33,0.09,0.25,0.9,0,"neutral_dominant",0.8,0.9,0.8,0.4,"average","average"
"O02652","all-season","office",0.88,0.85,0.44,0.91,0.84,0.24,0.75,0.78,0.86,0,"neutral_dominant",0.8,0.9,0.79,0.42,"average","average"
"O02653","summer","gym",0.88,0.95,0.52,0.85,0.84,0.59,0.18,0.92,0.78,0,"mixed_harmonious",0.8,0.9,0.8,0.4,"average","average"
"O02654","autumn","casual",1,0.95,0.61,0.81,0.84,0.42,0.75,0.88,0.59,0,"mixed_harmonious",0.8,0.9,0.8,0.74,"good","average"
"O02655","autumn","date",1,0.95,0.61,0.94,0.84,0.43,0.75,0.9,0.9,0,"monochromatic",0.8,0.9,0.8,0.78,"good","bad"
"O02656","all-season","date",0.88,0.85,0.64,0.92,0.84,0.53,0.75,0.9,0.87,0,"analogous",0.8,0.9,0.8,0.78,"good","bad"
"O02657","autumn","casual",1,0.6,0.5,0.92,0.84,0.28,0.75,0.88,0.82,0,"mixed_harmonious",0.8,0.9,0.8,0.42,"average","average"
"O02658","autumn","casual",0.88,0.6,0.7,0.92,0.84,0.74,0.75,0.88,0.82,0,"mixed_harmonious",0.8,0.9,0.8,0.81,"good","average"
"O02659","summer","casual",0.88,0.95,0.4,1,0.84,0.3,0.28,0.88,0.92,0,"monochromatic",0.8,0.9,0.8,0.71,"good","average"
"O02660","spring","casual",1,0.95,0.41,0.98,0.84,0.09,0.75,0.88,0.9,0,"neutral_dominant",0.8,0.9,0.8,0.4,"average","average"
"O02661","all-season","office",0.88,0.85,0.64,0.78,0.84,0.53,0.75,0.93,0.63,0,"mixed_harmonious",0.8,0.9,0.8,0.74,"good","average"
"O02662","all-season","casual",0.88,0.85,0.56,0.85,0.84,0.52,0.5,0.88,0.8,0,"complementary",0.8,0.9,0.8,0.73,"good","average"
"O02663","summer","date",1,0.95,0.29,0.85,0.84,0.12,0.28,0.9,0.78,0,"mixed_harmonious",0.8,0.9,0.8,0.42,"average","average"
"O02664","all-season","casual",0.88,0.85,0.52,0.93,0.84,0.28,0.75,0.88,0.88,0,"monochromatic",0.8,0.9,0.8,0.74,"good","bad"
"O02665","summer","gym",0.88,0.95,0.58,1,0.84,0.52,0.5,0.92,0.92,0,"monochromatic",0.8,0.9,0.8,0.78,"good","average"
"O02666","spring","gym",1,0.95,0.64,0.91,0.84,0.62,0.75,0.55,0.79,0,"mixed_harmonious",0.8,0.9,0.8,0.78,"good","good"
"O02667","all-season","gym",0.88,0.85,0.38,0.93,0.87,0.39,0.5,0.25,0.88,0,"monochromatic",0.8,0.9,0.89,0.69,"average","bad"
"O02668","summer","gym",0.88,0.95,0.12,1,0.84,0.09,0.09,0.25,0.92,0,"monochromatic",0.8,0.9,0.8,0.34,"bad","average"
"O02669","winter","travel",0.62,0.95,0.48,0.92,0.84,0.32,0.75,0.88,0.84,0,"complementary",0.8,0.9,0.8,0.72,"good","average"
"O02670","all-season","casual",0.88,0.85,0.64,0.93,0.87,0.54,0.75,0.88,0.88,0,"monochromatic",0.8,0.9,0.89,0.8,"good","average"
"O02671","summer","gym",1,1,0.44,0.92,0.84,0.29,0.75,0.55,0.84,0,"complementary",0.8,0.9,0.8,0.7,"good","average"
"O02672","summer","gym",0.62,0.95,0.11,0.92,0.84,0.08,0.09,0.25,0.82,0,"mixed_harmonious",0.8,0.9,0.8,0.34,"bad","average"
"O02673","winter","gym",1,0.95,0.5,1,0.84,0.42,0.75,0.55,0.92,0,"monochromatic",0.8,0.9,0.8,0.75,"good","average"
"O02674","all-season","date",0.88,0.85,0.52,0.93,0.84,0.28,0.75,0.9,0.88,0,"monochromatic",0.8,0.9,0.8,0.74,"good","average"
"O02675","summer","gym",0.88,1,0.41,0.94,0.84,0.24,0.5,0.92,0.9,0,"monochromatic",0.8,0.9,0.8,0.42,"average","good"
"O02676","all-season","casual",0.88,0.85,0.5,0.93,0.87,0.39,0.5,0.88,0.88,0,"monochromatic",0.8,0.9,0.89,0.74,"good","good"
"O02677","summer","gym",0.88,0.95,0.22,0.93,0.84,0.33,0.09,0.25,0.89,0,"analogous",0.8,0.9,0.8,0.4,"average","average"
"O02678","summer","office",0.88,0.95,0.38,0.93,0.84,0.21,0.41,0.78,0.89,0,"analogous",0.8,0.9,0.8,0.42,"average","average"
"O02679","autumn","casual",1,0.95,0.17,1,0.84,0.07,0.09,0.62,0.92,0,"monochromatic",0.8,0.9,0.8,0.34,"bad","average"
"O02680","all-season","date",0.88,0.85,0.43,0.85,0.84,0.09,0.75,0.9,0.78,0,"mixed_harmonious",0.8,0.9,0.8,0.4,"average","average"
"O02681","winter","casual",1,0.95,0.44,1,0.84,0.09,0.75,0.88,0.92,0,"monochromatic",0.8,0.9,0.8,0.4,"average","good"
"O02682","autumn","gym",1,0.95,0.59,0.92,0.84,0.53,0.75,0.55,0.82,0,"mixed_harmonious",0.8,0.9,0.8,0.76,"good","average"
"O02683","spring","office",0.88,0.95,0.52,0.81,0.84,0.41,0.75,0.78,0.59,0,"mixed_harmonious",0.8,0.9,0.8,0.7,"good","bad"
"O02684","all-season","weekend",1,0.85,0.8,0.88,0.84,0.7,1,0.88,0.78,0,"monochromatic",0.8,0.9,0.8,0.84,"good","average"
"O02685","all-season","date",0.88,0.85,0.44,0.93,0.87,0.1,0.75,0.9,0.88,0,"monochromatic",0.8,0.9,0.89,0.4,"average","bad"
"O02686","summer","casual",1,0.95,0.64,1,0.84,0.46,1,0.88,0.92,0,"monochromatic",0.8,0.9,0.8,0.81,"good","good"
"O02687","all-season","gym",0.88,0.85,0.44,0.93,0.84,0.33,0.75,0.55,0.88,0,"monochromatic",0.8,0.9,0.8,0.71,"good","bad"
"O02688","all-season","casual",0.88,0.85,0.5,0.84,0.84,0.26,0.75,0.88,0.75,0,"mixed_harmonious",0.8,0.9,0.8,0.42,"average","good"
"O02689","summer","gym",1,0.45,0.21,0.94,0.84,0.08,0.28,0.55,0.9,0,"monochromatic",0.8,0.9,0.8,0.4,"average","average"
"O02690","autumn","casual",1,0.6,0.38,0.98,0.84,0.24,0.5,0.88,0.9,0,"neutral_dominant",0.8,0.9,0.8,0.42,"average","bad"
"O02691","summer","office",1,0.95,0.63,0.93,0.84,0.46,1,0.78,0.89,0,"analogous",0.8,0.9,0.8,0.78,"good","average"
"O02692","all-season","date",0.88,0.85,0.29,0.93,0.84,0.09,0.28,0.9,0.88,0,"monochromatic",0.8,0.9,0.79,0.34,"bad","bad"
"O02693","summer","office",1,0.95,0.54,0.92,0.84,0.68,0.5,0.28,0.82,0,"mixed_harmonious",0.8,0.9,0.8,0.74,"good","average"
"O02694","all-season","gym",0.88,0.85,0.68,0.93,0.84,0.6,1,0.55,0.88,0,"monochromatic",0.8,0.9,0.8,0.8,"good","good"
"O02695","summer","gym",0.88,0.95,0.35,0.87,0.84,0.44,0.09,0.55,0.77,0,"analogous",0.8,0.9,0.8,0.4,"average","average"
"O02696","all-season","casual",0.88,0.85,0.5,0.93,0.84,0.33,0.75,0.88,0.88,0,"monochromatic",0.8,0.9,0.8,0.73,"good","average"
"O02697","all-season","office",0.88,0.85,0.59,0.93,0.84,0.26,1,0.93,0.88,0,"monochromatic",0.8,0.9,0.8,0.42,"average","average"
"O02698","all-season","casual",0.88,0.85,0.5,0.93,0.84,0.26,0.75,0.88,0.88,0,"monochromatic",0.8,0.9,0.8,0.42,"average","average"
"O02699","all-season","casual",0.88,0.85,0.6,0.92,0.84,0.46,0.75,0.88,0.87,0,"analogous",0.8,0.9,0.79,0.77,"good","average"
"O02700","all-season","casual",0.88,0.85,0.63,0.91,0.84,0.52,0.75,0.88,0.86,0,"neutral_dominant",0.8,0.9,0.79,0.78,"good","average"
"O02701","summer","casual",1,0.95,0.59,1,0.84,0.38,0.75,0.88,0.92,0,"monochromatic",0.8,0.9,0.8,0.79,"good","bad"
"O02702","all-season","casual",0.62,0.85,0.49,0.93,0.84,0.38,0.75,0.88,0.88,0,"monochromatic",0.8,0.9,0.8,0.73,"good","good"
"O02703","all-season","office",0.88,0.85,0.5,0.91,0.87,0.37,0.5,0.93,0.86,0,"neutral_dominant",0.8,0.9,0.89,0.73,"good","average"
"O02704","summer","gym",0.88,0.95,0.33,0.65,0.84,0.3,0.28,0.55,0.51,0,"mixed_harmonious",0.8,0.9,0.8,0.58,"average","average"
"O02705","summer","office",1,0.95,0.6,0.92,0.84,0.38,0.75,0.93,0.84,0,"complementary",0.8,0.9,0.8,0.77,"good","average"
"O02706","all-season","casual",0.88,0.85,0.52,0.93,0.84,0.38,0.75,0.88,0.88,0,"monochromatic",0.8,0.9,0.8,0.74,"good","average"
"O02707","summer","gym",0.88,0.95,0.12,1,0.84,0.09,0.09,0.25,0.92,0,"monochromatic",0.8,0.9,0.8,0.34,"bad","bad"
"O02708","summer","date",1,0.95,0.52,0.92,0.84,0.33,0.75,0.9,0.82,0,"mixed_harmonious",0.8,0.9,0.8,0.74,"good","bad"
"O02709","autumn","office",1,0.95,0.67,0.94,0.84,0.53,0.75,0.93,0.9,0,"monochromatic",0.8,0.9,0.8,0.8,"good","average"
"O02710","all-season","office",0.88,0.85,0.61,0.93,0.87,0.46,0.75,0.93,0.88,0,"monochromatic",0.8,0.9,0.89,0.78,"good","bad"
"O02711","summer","gym",1,0.88,0.45,0.92,0.84,0.24,0.75,0.55,0.82,0,"mixed_harmonious",0.8,0.9,0.8,0.42,"average","average"
"O02712","summer","gym",1,0.95,0.68,0.92,0.84,0.56,1,0.55,0.82,0,"mixed_harmonious",0.8,0.9,0.8,0.8,"good","good"
"O02713","all-season","office",0.88,0.85,0.67,0.93,0.84,0.49,1,0.78,0.88,0,"monochromatic",0.8,0.9,0.8,0.8,"good","average"
"O02714","summer","gym",0.88,1,0.65,1,0.84,0.52,0.75,0.92,0.92,0,"monochromatic",0.8,0.9,0.8,0.81,"good","bad"
"O02715","all-season","gym",0.88,0.85,0.47,0.93,0.84,0.32,0.75,0.55,0.88,0,"monochromatic",0.8,0.9,0.8,0.72,"good","average"
"O02716","all-season","office",0.88,0.85,0.46,0.78,0.84,0.21,0.75,0.78,0.63,0,"mixed_harmonious",0.8,0.9,0.8,0.42,"average","average"
"O02717","summer","casual",1,0.95,0.39,1,0.84,0.06,0.75,0.88,0.92,0,"monochromatic",0.8,0.9,0.8,0.4,"average","average"
"O02718","summer","gym",0.88,0.95,0.1,0.74,0.84,0.07,0.09,0.25,0.58,0,"complementary",0.8,0.9,0.8,0.34,"bad","bad"
"O02719","all-season","date",0.88,0.85,0.35,0.93,0.84,0.08,0.5,0.9,0.88,0,"monochromatic",0.8,0.9,0.79,0.34,"bad","average"
"O02720","all-season","travel",1,0.85,0.59,0.93,0.84,0.26,1,0.88,0.88,0,"monochromatic",0.8,0.9,0.8,0.42,"average","average"
"O02721","all-season","casual",1,0.85,0.37,0.93,0.84,0.1,0.5,0.88,0.88,0,"monochromatic",0.8,0.9,0.8,0.4,"average","average"
"O02722","all-season","casual",1,0.85,0.18,0.68,0.84,0.08,0.09,0.62,0.46,0,"triadic",0.8,0.9,0.8,0.34,"bad","bad"
"O02723","all-season","casual",0.88,0.85,0.58,0.93,0.84,0.68,0.5,0.88,0.88,0,"monochromatic",0.8,0.9,0.8,0.76,"good","average"
"O02724","all-season","date",0.88,0.85,0.55,0.93,0.84,0.44,0.75,0.9,0.88,0,"monochromatic",0.8,0.9,0.8,0.75,"good","bad"
"O02725","autumn","casual",1,0.6,0.58,1,0.84,0.44,0.75,0.88,0.92,0,"monochromatic",0.8,0.9,0.8,0.78,"good","good"
"O02726","all-season","date",0.88,0.85,0.64,0.93,0.87,0.54,0.75,0.9,0.88,0,"monochromatic",0.8,0.9,0.89,0.8,"good","average"
"O02727","autumn","date",1,0.95,0.61,1,0.84,0.42,0.75,0.9,0.92,0,"monochromatic",0.8,0.9,0.8,0.8,"good","bad"
"O02728","summer","gym",0.88,0.95,0.53,1,0.84,0.38,0.75,0.92,0.92,0,"monochromatic",0.8,0.9,0.8,0.76,"good","good"
"O02729","all-season","travel",0.88,0.85,0.63,0.93,0.84,0.52,0.75,0.88,0.88,0,"monochromatic",0.8,0.9,0.79,0.78,"good","bad"
"O02730","all-season","casual",0.88,0.85,0.85,0.91,0.84,0.84,1,0.88,0.86,0,"neutral_dominant",0.8,0.9,0.8,0.87,"good","average"
"O02731","summer","casual",0.88,1,0.31,1,0.87,0.18,0.18,0.88,0.92,0,"monochromatic",0.8,0.9,0.89,0.42,"average","average"
"O02732","all-season","office",0.88,0.85,0.3,0.93,0.84,0.07,0.5,0.78,0.88,0,"monochromatic",0.8,0.9,0.79,0.34,"bad","good"
"O02733","autumn","gym",1,0.95,0.67,0.91,0.84,0.68,0.5,0.92,0.79,0,"mixed_harmonious",0.8,0.9,0.8,0.79,"good","average"
"O02734","autumn","office",1,0.6,0.7,0.81,0.84,0.74,0.75,0.78,0.59,0,"mixed_harmonious",0.8,0.9,0.8,0.78,"good","good"
"O02735","all-season","travel",0.62,0.85,0.58,0.91,0.87,0.54,0.75,0.72,0.86,0,"neutral_dominant",0.8,0.9,0.89,0.77,"good","good"
"O02736","autumn","date",1,0.95,0.41,0.92,0.84,0.09,0.75,0.9,0.82,0,"mixed_harmonious",0.8,0.9,0.8,0.4,"average","good"
"O02737","summer","casual",1,0.95,0.68,0.82,0.84,0.57,0.75,0.88,0.82,0,"monochromatic",0.8,0.9,0.8,0.77,"good","good"
"O02738","summer","date",1,0.95,0.11,0.94,0.84,0.05,0.09,0.32,0.9,0,"monochromatic",0.8,0.9,0.8,0.4,"average","average"
"O02739","autumn","office",1,0.95,0.75,0.8,0.84,0.6,1,0.78,0.6,0,"complementary",0.8,0.9,0.8,0.79,"good","bad"
"O02740","all-season","office",0.88,0.85,0.44,0.93,0.87,0.33,0.5,0.93,0.88,0,"monochromatic",0.8,0.9,0.89,0.72,"good","average"
"O02741","spring","date",1,0.8,0.35,0.79,0.84,0.2,0.28,0.9,0.58,0,"triadic",0.8,0.9,0.8,0.42,"average","average"
"O02742","all-season","casual",0.88,0.85,0.35,0.93,0.84,0.44,0.09,0.62,0.88,0,"monochromatic",0.8,0.9,0.79,0.4,"average","bad"
"O02743","summer","office",1,0.95,0.65,0.92,0.84,0.49,0.75,0.93,0.82,0,"mixed_harmonious",0.8,0.9,0.8,0.79,"good","average"
"O02744","all-season","casual",0.88,0.85,0.29,0.85,0.84,0.09,0.28,0.88,0.78,0,"mixed_harmonious",0.8,0.9,0.79,0.34,"bad","good"
"O02745","autumn","casual",1,0.95,0.51,0.92,0.84,0.23,0.75,0.88,0.82,0,"mixed_harmonious",0.8,0.9,0.8,0.42,"average","average"
"O02746","all-season","travel",0.88,0.85,0.32,0.93,0.84,0.07,0.5,0.88,0.88,0,"monochromatic",0.8,0.9,0.79,0.34,"bad","good"
"O02747","all-season","weekend",0.88,0.85,0.58,0.93,0.84,0.42,0.75,0.88,0.88,0,"monochromatic",0.8,0.9,0.79,0.76,"good","average"
"O02748","spring","office",1,0.95,0.74,0.91,0.84,0.74,0.75,0.78,0.79,0,"mixed_harmonious",0.8,0.9,0.8,0.82,"good","average"
"O02749","all-season","date",0.88,0.85,0.64,0.92,0.87,0.54,0.75,0.9,0.87,0,"analogous",0.8,0.9,0.89,0.79,"good","good"
"O02750","summer","gym",0.88,0.95,0.1,0.98,0.84,0.07,0.09,0.25,0.9,0,"neutral_dominant",0.8,0.9,0.8,0.34,"bad","good"
"O02751","all-season","casual",0.88,0.85,0.35,0.93,0.84,0.44,0.09,0.62,0.88,0,"monochromatic",0.8,0.9,0.79,0.4,"average","good"
"O02752","all-season","gym",0.88,0.85,0.32,0.91,0.87,0.33,0.5,0.25,0.86,0,"neutral_dominant",0.8,0.9,0.89,0.66,"average","average"
"O02753","spring","casual",1,0.95,0.61,1,0.84,0.42,0.75,0.88,0.92,0,"monochromatic",0.8,0.9,0.8,0.8,"good","bad"
"O02754","autumn","gym",1,0.95,0.55,0.91,0.84,0.43,0.75,0.55,0.74,0,"monochromatic",0.8,0.9,0.8,0.75,"good","average"
"O02755","summer","casual",0.88,0.95,0.63,0.82,0.84,0.5,0.75,0.88,0.82,0,"monochromatic",0.8,0.9,0.8,0.75,"good","bad"
"O02756","summer","travel",1,0.95,0.4,0.92,0.84,0.08,0.75,0.88,0.82,0,"mixed_harmonious",0.8,0.9,0.8,0.4,"average","average"
"O02757","summer","date",0.88,0.95,0.29,0.77,0.84,0.08,0.28,0.9,0.54,0,"complementary",0.8,0.9,0.8,0.4,"average","average"
"O02758","all-season","office",0.88,0.85,0.54,0.74,0.84,0.32,0.75,0.93,0.55,0,"mixed_harmonious",0.8,0.9,0.8,0.69,"average","bad"
"O02759","all-season","travel",0.88,0.85,0.52,0.93,0.84,0.38,0.75,0.88,0.88,0,"monochromatic",0.8,0.9,0.8,0.74,"good","average"
"O02760","spring","casual",0.88,0.95,0.6,0.78,0.84,0.44,0.75,0.88,0.53,0,"mixed_harmonious",0.8,0.9,0.8,0.73,"good","good"
"O02761","summer","casual",0.88,1,0.51,0.65,0.84,0.23,0.75,0.88,0.51,0,"mixed_harmonious",0.8,0.9,0.8,0.42,"average","good"
"O02762","summer","gym",0.88,0.95,0.45,1,0.84,0.46,0.18,0.92,0.92,0,"monochromatic",0.8,0.9,0.8,0.4,"average","bad"
"O02763","all-season","casual",1,0.85,0.57,0.93,0.84,0.38,0.75,0.88,0.88,0,"monochromatic",0.8,0.9,0.8,0.76,"good","bad"
"O02764","all-season","date",0.88,0.85,0.13,0.92,0.84,0.09,0.09,0.32,0.87,0,"analogous",0.8,0.9,0.8,0.34,"bad","good"
"O02765","spring","date",1,0.95,0.12,0.8,0.84,0.07,0.09,0.32,0.6,0,"complementary",0.8,0.9,0.8,0.34,"bad","average"
"O02766","summer","casual",1,1,0.56,0.81,0.84,0.32,0.75,0.88,0.59,0,"mixed_harmonious",0.8,0.9,0.8,0.72,"good","average"
"O02767","summer","date",1,0.95,0.4,0.98,0.84,0.06,0.75,0.9,0.9,0,"neutral_dominant",0.8,0.9,0.8,0.4,"average","average"
"O02768","all-season","date",0.62,0.85,0.14,0.91,0.87,0.09,0.14,0.32,0.86,0,"neutral_dominant",0.8,0.9,0.89,0.4,"average","average"
"O02769","summer","date",1,0.95,0.48,1,0.84,0.33,0.75,0.68,0.92,0,"monochromatic",0.8,0.9,0.8,0.74,"good","bad"
"O02770","all-season","event",0.88,0.85,0.65,0.93,0.87,0.54,0.75,0.94,0.88,0,"monochromatic",0.8,0.9,0.89,0.8,"good","average"
"O02771","all-season","travel",0.62,0.85,0.4,0.74,0.84,0.09,0.75,0.88,0.55,0,"mixed_harmonious",0.8,0.9,0.8,0.4,"average","good"
"O02772","autumn","office",1,0.6,0.7,1,0.84,0.74,0.75,0.78,0.92,0,"monochromatic",0.8,0.9,0.8,0.83,"good","good"
"O02773","autumn","date",1,0.95,0.61,0.98,0.84,0.42,0.75,0.9,0.91,0,"analogous",0.8,0.9,0.8,0.79,"good","bad"
"O02774","all-season","office",0.88,0.85,0.52,0.85,0.84,0.52,0.75,0.28,0.78,0,"mixed_harmonious",0.8,0.9,0.79,0.72,"good","average"
"O02775","summer","date",1,1,0.47,0.85,0.84,0.29,0.75,0.68,0.78,0,"mixed_harmonious",0.8,0.9,0.8,0.7,"average","average"
"O02776","all-season","casual",0.88,0.85,0.63,0.93,0.84,0.52,0.75,0.88,0.88,0,"monochromatic",0.8,0.9,0.79,0.78,"good","average"
"O02777","autumn","casual",1,0.95,0.61,0.94,0.84,0.43,0.75,0.88,0.9,0,"monochromatic",0.8,0.9,0.8,0.78,"good","average"
"O02778","summer","travel",1,0.95,0.18,1,0.84,0.05,0.09,0.72,0.92,0,"monochromatic",0.8,0.9,0.8,0.4,"average","good"
"O02779","spring","date",0.88,0.95,0.6,0.92,0.84,0.42,0.75,0.9,0.84,0,"complementary",0.8,0.9,0.8,0.77,"good","average"
"O02780","summer","gym",0.88,0.95,0.27,0.82,0.84,0.33,0.09,0.55,0.82,0,"monochromatic",0.8,0.9,0.8,0.4,"average","good"
"O02781","summer","casual",1,0.8,0.54,0.92,0.84,0.42,0.75,0.88,0.82,0,"mixed_harmonious",0.8,0.9,0.8,0.74,"good","average"
"O02782","summer","casual",0.88,0.95,0.73,0.87,0.84,0.56,1,0.88,0.77,0,"analogous",0.8,0.9,0.8,0.81,"good","average"
"O02783","autumn","casual",1,0.95,0.61,0.98,0.84,0.42,0.75,0.88,0.9,0,"neutral_dominant",0.8,0.9,0.8,0.79,"good","average"
"O02784","all-season","travel",0.88,0.85,0.47,0.78,0.84,0.33,0.75,0.72,0.63,0,"mixed_harmonious",0.8,0.9,0.8,0.67,"average","average"
"O02785","autumn","office",1,0.6,0.28,0.98,0.84,0.24,0.5,0.28,0.9,0,"neutral_dominant",0.8,0.9,0.8,0.42,"average","average"
"O02786","autumn","gym",1,0.95,0.54,1,0.84,0.36,0.75,0.92,0.92,0,"monochromatic",0.8,0.9,0.8,0.77,"good","good"
"O02787","all-season","office",0.88,0.85,0.27,0.85,0.84,0.2,0.5,0.28,0.78,0,"mixed_harmonious",0.8,0.9,0.8,0.42,"average","average"
"O02788","all-season","office",0.88,0.85,0.43,0.85,0.84,0.09,0.75,0.93,0.78,0,"mixed_harmonious",0.8,0.9,0.8,0.4,"average","average"
"O02789","autumn","casual",1,0.95,0.61,0.98,0.84,0.42,0.75,0.88,0.91,0,"analogous",0.8,0.9,0.8,0.79,"good","average"
"O02790","winter","casual",1,0.6,0.69,0.98,0.84,0.69,0.75,0.88,0.9,0,"neutral_dominant",0.8,0.9,0.8,0.82,"good","average"
"O02791","summer","casual",1,1,0.62,1,0.84,0.44,0.75,0.88,0.92,0,"monochromatic",0.8,0.9,0.8,0.8,"good","good"
"O02792","all-season","date",0.88,0.85,0.51,0.91,0.84,0.26,0.75,0.9,0.86,0,"neutral_dominant",0.8,0.9,0.8,0.4,"average","good"
"O02793","spring","casual",0.88,0.95,0.77,1,0.84,0.63,1,0.88,0.92,0,"monochromatic",0.8,0.9,0.8,0.86,"good","average"
"O02794","winter","travel",1,0.95,0.51,0.92,0.84,0.32,0.75,0.88,0.82,0,"mixed_harmonious",0.8,0.9,0.8,0.73,"good","average"
"O02795","summer","casual",1,0.8,0.54,0.92,0.84,0.42,0.75,0.88,0.82,0,"mixed_harmonious",0.8,0.9,0.8,0.74,"good","average"
"O02796","summer","casual",1,0.95,0.33,0.94,0.84,0.07,0.5,0.88,0.9,0,"monochromatic",0.8,0.9,0.8,0.4,"average","average"
"O02797","autumn","office",1,0.95,0.62,1,0.84,0.43,0.75,0.93,0.92,0,"monochromatic",0.8,0.9,0.8,0.8,"good","average"
"O02798","spring","date",1,0.95,0.61,0.78,0.84,0.42,0.75,0.9,0.51,0,"mixed_harmonious",0.8,0.9,0.8,0.73,"good","bad"
"O02799","all-season","casual",0.88,0.85,0.35,0.93,0.84,0.44,0.09,0.62,0.88,0,"monochromatic",0.8,0.9,0.79,0.4,"average","average"
"O02800","autumn","casual",1,0.95,0.61,1,0.84,0.42,0.75,0.88,0.92,0,"monochromatic",0.8,0.9,0.8,0.8,"good","good"
"O02801","all-season","travel",0.62,0.85,0.34,0.85,0.84,0.09,0.5,0.88,0.8,0,"complementary",0.8,0.9,0.79,0.4,"average","good"
"O02802","all-season","casual",0.88,0.85,0.63,0.93,0.84,0.52,0.75,0.88,0.88,0,"monochromatic",0.8,0.9,0.79,0.78,"good","average"
"O02803","all-season","office",0.88,0.85,0.29,0.93,0.84,0.18,0.28,0.78,0.88,0,"monochromatic",0.8,0.9,0.79,0.42,"average","average"
"O02804","autumn","office",1,0.6,0.48,0.81,0.84,0.28,0.75,0.78,0.59,0,"mixed_harmonious",0.8,0.9,0.8,0.42,"average","average"
"O02805","autumn","office",1,0.6,0.28,0.98,0.84,0.24,0.5,0.28,0.9,0,"neutral_dominant",0.8,0.9,0.8,0.42,"average","good"
"O02806","winter","gym",1,0.95,0.7,1,0.84,0.6,1,0.55,0.92,0,"monochromatic",0.8,0.9,0.8,0.83,"good","average"
"O02807","all-season","casual",0.88,0.85,0.54,0.85,0.84,0.48,0.5,0.88,0.78,0,"mixed_harmonious",0.8,0.9,0.79,0.72,"good","bad"
"O02808","winter","casual",1,0.95,0.44,1,0.84,0.17,0.75,0.88,0.92,0,"monochromatic",0.8,0.9,0.8,0.42,"average","average"
"O02809","all-season","casual",0.62,0.85,0.61,0.93,0.87,0.54,0.75,0.88,0.88,0,"monochromatic",0.8,0.9,0.89,0.78,"good","good"
"O02810","summer","date",1,0.95,0.68,1,0.84,0.57,0.75,0.9,0.92,0,"monochromatic",0.8,0.9,0.8,0.82,"good","bad"
"O02811","all-season","date",1,0.85,0.56,0.93,0.84,0.44,0.75,0.9,0.88,0,"monochromatic",0.8,0.9,0.8,0.76,"good","average"
"O02812","all-season","casual",0.62,0.85,0.46,0.93,0.87,0.37,0.5,0.88,0.88,0,"monochromatic",0.8,0.9,0.89,0.72,"good","average"
"O02813","all-season","date",0.88,0.85,0.13,0.91,0.87,0.09,0.09,0.32,0.86,0,"neutral_dominant",0.8,0.9,0.89,0.34,"bad","good"
"O02814","all-season","casual",0.88,0.85,0.5,0.85,0.87,0.39,0.5,0.88,0.78,0,"mixed_harmonious",0.8,0.9,0.89,0.72,"good","average"
"O02815","autumn","casual",1,0.95,0.61,0.98,0.84,0.43,0.75,0.88,0.9,0,"neutral_dominant",0.8,0.9,0.8,0.79,"good","average"
"O02816","summer","gym",0.88,0.95,0.15,0.85,0.84,0.07,0.09,0.55,0.67,0,"mixed_harmonious",0.8,0.9,0.8,0.4,"average","good"
"O02817","autumn","date",1,0.95,0.61,0.81,0.84,0.42,0.75,0.9,0.59,0,"mixed_harmonious",0.8,0.9,0.8,0.74,"good","good"
"O02818","all-season","date",0.88,0.85,0.52,0.91,0.84,0.28,0.75,0.9,0.86,0,"neutral_dominant",0.8,0.9,0.8,0.73,"good","average"
"O02819","autumn","casual",1,0.95,0.78,0.81,0.84,0.62,1,0.88,0.59,0,"mixed_harmonious",0.8,0.9,0.8,0.81,"good","average"
"O02820","all-season","date",0.88,0.85,0.47,0.85,0.84,0.18,0.75,0.9,0.8,0,"complementary",0.8,0.9,0.8,0.42,"average","average"
"O02821","autumn","office",1,0.95,0.26,0.92,0.84,0.09,0.09,0.93,0.82,0,"mixed_harmonious",0.8,0.9,0.8,0.4,"average","average"
"O02822","summer","casual",0.88,0.95,0.37,0.92,0.87,0.38,0.18,0.88,0.82,0,"mixed_harmonious",0.8,0.9,0.89,0.4,"average","good"
"O02823","autumn","casual",0.88,0.6,0.56,0.81,0.84,0.44,0.75,0.88,0.59,0,"mixed_harmonious",0.8,0.9,0.8,0.72,"good","good"
"O02824","all-season","casual",0.88,0.85,0.62,0.91,0.84,0.35,1,0.88,0.86,0,"neutral_dominant",0.8,0.9,0.8,0.77,"good","average"
"O02825","all-season","casual",0.88,0.85,0.43,0.84,0.87,0.1,0.75,0.88,0.75,0,"mixed_harmonious",0.8,0.9,0.89,0.4,"average","average"
"O02826","all-season","date",0.88,0.85,0.55,0.85,0.84,0.34,0.75,0.9,0.78,0,"mixed_harmonious",0.8,0.9,0.8,0.73,"good","average"
"O02827","autumn","gym",1,0.95,0.55,1,0.84,0.43,0.75,0.55,0.92,0,"monochromatic",0.8,0.9,0.8,0.77,"good","good"
"O02828","autumn","casual",1,0.95,0.51,0.81,0.84,0.23,0.75,0.88,0.62,0,"complementary",0.8,0.9,0.8,0.42,"average","average"
"O02829","all-season","gym",0.88,0.85,0.5,0.93,0.84,0.32,0.75,0.92,0.88,0,"monochromatic",0.8,0.9,0.8,0.73,"good","good"
"O02830","all-season","casual",0.88,0.85,0.49,0.84,0.87,0.37,0.5,0.88,0.75,0,"mixed_harmonious",0.8,0.9,0.89,0.71,"good","average"
"O02831","summer","gym",1,0.95,0.44,1,0.84,0.08,0.75,0.92,0.92,0,"monochromatic",0.8,0.9,0.8,0.4,"average","average"
"O02832","all-season","casual",0.88,0.85,0.48,0.93,0.84,0.21,0.75,0.88,0.88,0,"monochromatic",0.8,0.9,0.8,0.42,"average","average"
"O02833","spring","casual",1,0.95,0.55,1,0.84,0.46,0.5,0.88,0.92,0,"monochromatic",0.8,0.9,0.8,0.77,"good","average"
"O02834","autumn","date",0.62,0.95,0.11,0.98,0.84,0.07,0.09,0.32,0.9,0,"neutral_dominant",0.8,0.9,0.8,0.34,"bad","average"
"O02835","all-season","office",1,0.85,0.38,0.84,0.84,0.09,0.75,0.78,0.75,0,"mixed_harmonious",0.8,0.9,0.8,0.4,"average","good"
"O02836","summer","casual",1,0.45,0.36,0.92,0.84,0.29,0.28,0.88,0.82,0,"mixed_harmonious",0.8,0.9,0.8,0.67,"average","good"
"O02837","all-season","date",0.88,0.85,0.13,0.93,0.84,0.09,0.09,0.32,0.88,0,"monochromatic",0.8,0.9,0.8,0.34,"bad","average"
"O02838","all-season","date",0.88,0.85,0.55,0.93,0.84,0.34,0.75,0.9,0.88,0,"monochromatic",0.8,0.9,0.8,0.75,"good","average"
"O02839","summer","casual",1,0.8,0.35,0.93,0.84,0.2,0.28,0.88,0.89,0,"analogous",0.8,0.9,0.8,0.42,"average","good"
"O02840","summer","casual",1,0.95,0.52,0.94,0.84,0.33,0.75,0.88,0.9,0,"monochromatic",0.8,0.9,0.8,0.74,"good","average"
"O02841","autumn","date",1,0.95,0.41,0.92,0.84,0.09,0.75,0.9,0.82,0,"mixed_harmonious",0.8,0.9,0.8,0.4,"average","good"
"O02842","autumn","casual",1,0.95,0.61,0.92,0.84,0.42,0.75,0.88,0.82,0,"mixed_harmonious",0.8,0.9,0.8,0.77,"good","good"
"O02843","spring","office",1,0.95,0.67,0.94,0.84,0.53,0.75,0.93,0.9,0,"monochromatic",0.8,0.9,0.8,0.8,"good","average"
"O02844","autumn","date",1,0.95,0.12,0.92,0.84,0.07,0.09,0.32,0.82,0,"mixed_harmonious",0.8,0.9,0.8,0.34,"bad","average"
"O02845","all-season","office",0.88,0.85,0.5,0.93,0.84,0.23,0.75,0.93,0.88,0,"monochromatic",0.8,0.9,0.8,0.42,"average","average"
"O02846","summer","date",1,0.45,0.37,0.82,0.84,0.29,0.28,0.9,0.82,0,"monochromatic",0.8,0.9,0.8,0.65,"average","bad"
"O02847","all-season","travel",1,0.85,0.56,0.91,0.84,0.42,0.75,0.72,0.86,0,"neutral_dominant",0.8,0.9,0.8,0.75,"good","average"
"O02848","summer","office",0.88,0.95,0.38,1,0.84,0.3,0.28,0.78,0.92,0,"monochromatic",0.8,0.9,0.8,0.7,"good","good"
"O02849","all-season","travel",0.88,0.85,0.32,0.72,0.84,0.07,0.5,0.88,0.54,0,"triadic",0.8,0.9,0.79,0.34,"bad","average"
"O02850","spring","date",1,0.95,0.41,0.81,0.84,0.09,0.75,0.9,0.59,0,"mixed_harmonious",0.8,0.9,0.8,0.4,"average","average"
"O02851","autumn","casual",1,0.95,0.7,1,0.84,0.62,0.75,0.88,0.92,0,"monochromatic",0.8,0.9,0.8,0.83,"good","bad"
"O02852","summer","gym",0.88,0.95,0.22,0.92,0.84,0.33,0.09,0.25,0.82,0,"mixed_harmonious",0.8,0.9,0.8,0.4,"average","average"
"O02853","summer","date",1,0.95,0.51,0.92,0.84,0.3,0.75,0.9,0.84,0,"complementary",0.8,0.9,0.8,0.73,"good","good"
"O02854","all-season","date",1,0.85,0.56,0.91,0.84,0.44,0.75,0.9,0.86,0,"neutral_dominant",0.8,0.9,0.8,0.75,"good","average"
"O02855","spring","casual",1,0.95,0.53,1,0.84,0.36,0.75,0.88,0.92,0,"monochromatic",0.8,0.9,0.8,0.76,"good","good"
"O02856","winter","gym",0.88,0.95,0.53,1,0.84,0.42,0.75,0.55,0.92,0,"monochromatic",0.8,0.9,0.8,0.76,"good","bad"
"O02857","winter","casual",1,0.95,0.37,1,0.84,0.17,0.5,0.88,0.92,0,"monochromatic",0.8,0.9,0.8,0.42,"average","average"
"O02858","all-season","casual",0.88,0.85,0.33,0.93,0.87,0.4,0.09,0.62,0.88,0,"monochromatic",0.8,0.9,0.89,0.4,"average","average"
"O02859","autumn","casual",1,0.95,0.41,0.88,0.84,0.09,0.75,0.88,0.78,0,"monochromatic",0.8,0.9,0.8,0.4,"average","average"
"O02860","summer","gym",0.88,0.95,0.64,1,0.84,0.5,0.75,0.92,0.92,0,"monochromatic",0.8,0.9,0.8,0.81,"good","good"
"O02861","all-season","date",0.88,0.85,0.55,0.93,0.84,0.34,0.75,0.9,0.88,0,"monochromatic",0.8,0.9,0.8,0.75,"good","good"
"O02862","all-season","office",1,0.85,0.57,0.85,0.84,0.26,1,0.78,0.78,0,"mixed_harmonious",0.8,0.9,0.8,0.42,"average","average"
"O02863","spring","casual",1,0.95,0.76,0.9,0.84,0.74,0.75,0.88,0.73,0,"analogous",0.8,0.9,0.8,0.83,"good","good"
"O02864","all-season","casual",0.88,0.85,0.49,0.78,0.87,0.37,0.5,0.88,0.63,0,"mixed_harmonious",0.8,0.9,0.89,0.69,"average","average"
"O02865","summer","casual",1,0.95,0.52,0.94,0.84,0.19,1,0.88,0.9,0,"monochromatic",0.8,0.9,0.8,0.42,"average","average"
"O02866","all-season","weekend",1,0.85,0.72,0.93,0.84,0.67,0.75,0.88,0.88,0,"monochromatic",0.8,0.9,0.8,0.82,"good","good"
"O02867","winter","casual",0.62,0.95,0.72,0.92,0.84,0.6,1,0.88,0.82,0,"mixed_harmonious",0.8,0.9,0.8,0.82,"good","average"
"O02868","summer","date",1,0.95,0.29,0.94,0.84,0.12,0.28,0.9,0.9,0,"monochromatic",0.8,0.9,0.8,0.42,"average","good"
"O02869","summer","date",1,0.95,0.29,0.94,0.84,0.12,0.28,0.9,0.9,0,"monochromatic",0.8,0.9,0.8,0.42,"average","good"
"O02870","summer","gym",0.62,0.8,0.26,0.92,0.84,0.2,0.28,0.55,0.82,0,"mixed_harmonious",0.8,0.9,0.8,0.42,"average","average"
"O02871","summer","casual",1,0.95,0.41,1,0.84,0.23,0.41,0.88,0.92,0,"monochromatic",0.8,0.9,0.8,0.42,"average","bad"
"O02872","spring","gym",1,0.95,0.59,0.92,0.84,0.53,0.75,0.55,0.82,0,"mixed_harmonious",0.8,0.9,0.8,0.76,"good","average"
"O02873","autumn","casual",1,0.6,0.58,0.98,0.84,0.44,0.75,0.88,0.91,0,"analogous",0.8,0.9,0.8,0.78,"good","good"
"O02874","spring","casual",1,0.95,0.78,1,0.84,0.63,1,0.88,0.92,0,"monochromatic",0.8,0.9,0.8,0.86,"good","average"
"O02875","summer","casual",1,0.95,0.16,1,0.84,0.05,0.09,0.62,0.92,0,"monochromatic",0.8,0.9,0.8,0.4,"average","average"
"O02876","summer","gym",0.88,0.95,0.27,0.85,0.84,0.33,0.09,0.55,0.78,0,"mixed_harmonious",0.8,0.9,0.8,0.4,"average","good"
"O02877","spring","office",1,0.95,0.59,1,0.84,0.42,0.75,0.78,0.92,0,"monochromatic",0.8,0.9,0.8,0.79,"good","good"
"O02878","winter","gym",0.88,0.95,0.69,1,0.84,0.6,1,0.55,0.92,0,"monochromatic",0.8,0.9,0.8,0.83,"good","average"
"O02879","summer","gym",0.88,0.95,0.41,0.91,0.84,0.44,0.18,0.92,0.79,0,"mixed_harmonious",0.8,0.9,0.8,0.4,"average","bad"
"O02880","summer","weekend",1,0.88,0.51,1,0.84,0.24,0.75,0.88,0.92,0,"monochromatic",0.8,0.9,0.8,0.42,"average","average"
"O02881","autumn","office",0.88,0.95,0.57,0.92,0.84,0.42,0.75,0.78,0.82,0,"mixed_harmonious",0.8,0.9,0.8,0.76,"good","average"
"O02882","autumn","casual",1,0.95,0.61,1,0.84,0.42,0.75,0.88,0.92,0,"monochromatic",0.8,0.9,0.8,0.8,"good","average"
"O02883","all-season","casual",0.88,0.85,0.43,0.83,0.87,0.33,0.5,0.88,0.69,0,"analogous",0.8,0.9,0.89,0.68,"average","average"
"O02884","all-season","gym",0.88,0.85,0.61,0.91,0.84,0.62,0.75,0.55,0.86,0,"neutral_dominant",0.8,0.9,0.8,0.77,"good","average"
"O02885","all-season","casual",1,0.85,0.77,0.93,0.84,0.63,1,0.88,0.88,0,"monochromatic",0.8,0.9,0.8,0.84,"good","bad"
"O02886","summer","office",1,0.95,0.76,0.85,0.84,0.56,1,0.93,0.67,0,"mixed_harmonious",0.8,0.9,0.8,0.81,"good","average"
"O02887","all-season","casual",1,0.85,0.57,0.85,0.84,0.38,0.75,0.88,0.78,0,"mixed_harmonious",0.8,0.9,0.8,0.74,"good","average"
"O02888","all-season","travel",0.88,0.85,0.43,0.93,0.84,0.18,0.75,0.88,0.88,0,"monochromatic",0.8,0.9,0.79,0.42,"average","good"
"O02889","all-season","casual",0.62,0.85,0.59,0.92,0.87,0.5,0.75,0.88,0.87,0,"analogous",0.8,0.9,0.89,0.77,"good","average"
"O02890","all-season","casual",1,0.85,0.61,0.93,0.84,0.46,0.75,0.88,0.88,0,"monochromatic",0.8,0.9,0.8,0.78,"good","good"
"O02891","all-season","office",1,0.85,0.27,0.93,0.84,0.18,0.5,0.28,0.88,0,"monochromatic",0.8,0.9,0.8,0.42,"average","good"
"O02892","summer","gym",0.88,0.95,0.48,1,0.84,0.52,0.18,0.92,0.92,0,"monochromatic",0.8,0.9,0.8,0.4,"average","average"
"O02893","all-season","casual",0.88,0.85,0.37,0.87,0.84,0.2,0.5,0.88,0.77,0,"analogous",0.8,0.9,0.8,0.42,"average","average"
"O02894","summer","date",1,0.95,0.64,0.98,0.84,0.49,0.75,0.9,0.9,0,"neutral_dominant",0.8,0.9,0.8,0.8,"good","average"
"O02895","all-season","office",0.88,0.85,0.51,0.75,0.84,0.41,0.75,0.78,0.57,0,"mixed_harmonious",0.8,0.9,0.8,0.68,"average","average"
"O02896","spring","date",1,0.95,0.61,1,0.84,0.42,0.75,0.9,0.92,0,"monochromatic",0.8,0.9,0.8,0.8,"good","bad"
"O02897","all-season","casual",0.88,0.85,0.19,0.93,0.87,0.09,0.09,0.62,0.88,0,"monochromatic",0.8,0.9,0.89,0.34,"bad","good"
"O02898","autumn","casual",1,0.95,0.78,1,0.84,0.62,1,0.88,0.92,0,"monochromatic",0.8,0.9,0.8,0.86,"good","good"
"O02899","summer","gym",1,0.95,0.61,1,0.84,0.57,0.75,0.55,0.92,0,"monochromatic",0.8,0.9,0.8,0.8,"good","good"
"O02900","all-season","office",0.62,0.85,0.41,0.91,0.84,0.16,0.75,0.93,0.86,0,"neutral_dominant",0.8,0.9,0.8,0.42,"average","average"
"O02901","all-season","date",1,0.85,0.13,0.91,0.84,0.08,0.09,0.32,0.86,0,"neutral_dominant",0.8,0.9,0.8,0.34,"bad","good"
"O02902","all-season","casual",0.88,0.85,0.5,0.85,0.84,0.33,0.75,0.88,0.78,0,"mixed_harmonious",0.8,0.9,0.8,0.71,"good","bad"
"O02903","summer","gym",1,0.8,0.2,1,0.84,0.07,0.28,0.55,0.92,0,"monochromatic",0.8,0.9,0.8,0.4,"average","average"
"O02904","all-season","travel",0.88,0.85,0.5,0.85,0.84,0.26,0.75,0.88,0.78,0,"mixed_harmonious",0.8,0.9,0.8,0.4,"average","good"
"O02905","autumn","gym",1,0.95,0.56,0.81,0.84,0.46,0.5,0.92,0.62,0,"complementary",0.8,0.9,0.8,0.72,"good","average"
"O02906","summer","gym",0.88,1,0.41,0.69,0.84,0.24,0.5,0.92,0.48,0,"triadic",0.8,0.9,0.8,0.42,"average","good"
"O02907","winter","casual",1,0.6,0.69,0.92,0.84,0.69,0.75,0.88,0.82,0,"mixed_harmonious",0.8,0.9,0.8,0.8,"good","good"
"O02908","all-season","casual",0.88,0.85,0.35,0.93,0.84,0.09,0.5,0.88,0.88,0,"monochromatic",0.8,0.9,0.79,0.4,"average","average"
"O02909","summer","gym",0.88,0.95,0.17,0.81,0.84,0.08,0.09,0.55,0.59,0,"mixed_harmonious",0.8,0.9,0.8,0.34,"bad","good"
"O02910","autumn","date",1,0.95,0.61,0.98,0.84,0.43,0.75,0.9,0.9,0,"neutral_dominant",0.8,0.9,0.8,0.79,"good","good"
"O02911","summer","date",0.88,0.8,0.26,0.85,0.84,0.07,0.28,0.9,0.78,0,"mixed_harmonious",0.8,0.9,0.8,0.4,"average","average"
"O02912","all-season","casual",0.88,0.85,0.52,0.71,0.84,0.28,0.75,0.88,0.5,0,"complementary",0.8,0.9,0.8,0.67,"average","average"
"O02913","autumn","casual",1,0.95,0.66,0.94,0.84,0.53,0.75,0.88,0.9,0,"monochromatic",0.8,0.9,0.8,0.8,"good","bad"
"O02914","spring","casual",1,0.8,0.54,0.81,0.84,0.42,0.75,0.88,0.59,0,"mixed_harmonious",0.8,0.9,0.8,0.71,"good","good"
"O02915","all-season","casual",0.88,0.85,0.39,0.93,0.84,0.24,0.5,0.88,0.88,0,"monochromatic",0.8,0.9,0.8,0.42,"average","bad"
"O02916","spring","casual",1,0.95,0.76,0.92,0.84,0.74,0.75,0.88,0.82,0,"mixed_harmonious",0.8,0.9,0.8,0.83,"good","bad"
"O02917","all-season","travel",0.88,0.85,0.5,0.92,0.87,0.39,0.5,0.88,0.87,0,"analogous",0.8,0.9,0.89,0.74,"good","average"
"O02918","summer","gym",0.88,0.95,0.35,0.85,0.84,0.44,0.09,0.55,0.78,0,"mixed_harmonious",0.8,0.9,0.8,0.4,"average","bad"
"O02919","spring","casual",0.88,0.95,0.4,0.94,0.84,0.09,0.75,0.88,0.9,0,"monochromatic",0.8,0.9,0.8,0.4,"average","average"
"O02920","summer","gym",0.88,0.95,0.18,0.92,0.84,0.09,0.09,0.55,0.82,0,"mixed_harmonious",0.8,0.9,0.8,0.4,"average","good"
"O02921","all-season","casual",0.88,0.85,0.52,0.7,0.84,0.28,0.75,0.88,0.48,0,"complementary",0.8,0.9,0.8,0.67,"average","average"
"O02922","spring","casual",0.88,0.95,0.76,1,0.84,0.62,1,0.88,0.92,0,"monochromatic",0.8,0.9,0.8,0.86,"good","bad"
"O02923","all-season","date",0.88,0.85,0.32,0.93,0.84,0.1,0.75,0.32,0.88,0,"monochromatic",0.8,0.9,0.79,0.4,"average","good"
"O02924","summer","travel",1,0.95,0.32,0.92,0.84,0.17,0.41,0.72,0.82,0,"mixed_harmonious",0.8,0.9,0.8,0.42,"average","good"
"O02925","all-season","office",0.88,0.85,0.33,0.85,0.84,0.09,0.5,0.78,0.78,0,"mixed_harmonious",0.8,0.9,0.79,0.4,"average","average"
"O02926","autumn","date",1,0.95,0.61,0.98,0.84,0.42,0.75,0.9,0.9,0,"neutral_dominant",0.8,0.9,0.8,0.79,"good","bad"
"O02927","all-season","casual",1,0.85,0.18,0.84,0.84,0.08,0.09,0.62,0.75,0,"mixed_harmonious",0.8,0.9,0.8,0.34,"bad","good"
"O02928","summer","casual",1,0.95,0.44,0.94,0.84,0.08,0.75,0.88,0.9,0,"monochromatic",0.8,0.9,0.8,0.4,"average","bad"
"O02929","all-season","office",1,0.85,0.81,0.85,0.84,0.7,1,0.93,0.78,0,"mixed_harmonious",0.8,0.9,0.8,0.83,"good","average"
"O02930","summer","gym",1,0.95,0.38,0.93,0.84,0.38,0.28,0.55,0.89,0,"analogous",0.8,0.9,0.8,0.68,"average","good"
"O02931","all-season","date",1,0.85,0.13,0.93,0.84,0.08,0.09,0.32,0.88,0,"monochromatic",0.8,0.9,0.8,0.34,"bad","average"
"O02932","spring","casual",1,0.95,0.61,0.92,0.84,0.42,0.75,0.88,0.82,0,"mixed_harmonious",0.8,0.9,0.8,0.77,"good","good"
"O02933","all-season","casual",0.62,0.85,0.47,0.93,0.87,0.39,0.5,0.88,0.88,0,"monochromatic",0.8,0.9,0.89,0.73,"good","good"
"O02934","spring","casual",1,0.95,0.19,1,0.84,0.09,0.09,0.62,0.92,0,"monochromatic",0.8,0.9,0.8,0.4,"average","average"
"O02935","all-season","casual",0.88,0.85,0.59,0.85,0.84,0.43,0.75,0.88,0.78,0,"mixed_harmonious",0.8,0.9,0.8,0.74,"good","good"
"O02936","summer","weekend",0.88,0.95,0.36,0.98,0.84,0.23,0.28,0.88,0.9,0,"neutral_dominant",0.8,0.9,0.8,0.4,"average","bad"
"O02937","all-season","travel",0.88,0.85,0.58,0.93,0.84,0.42,0.75,0.88,0.88,0,"monochromatic",0.8,0.9,0.79,0.76,"good","average"
"O02938","all-season","date",0.88,0.85,0.32,0.85,0.84,0.07,0.5,0.9,0.78,0,"mixed_harmonious",0.8,0.9,0.79,0.34,"bad","good"
"O02939","summer","date",1,0.95,0.3,1,0.84,0.08,0.28,0.9,0.92,0,"monochromatic",0.8,0.9,0.8,0.4,"average","average"
"O02940","summer","gym",0.88,0.95,0.18,0.92,0.84,0.09,0.09,0.55,0.82,0,"mixed_harmonious",0.8,0.9,0.8,0.4,"average","average"
"O02941","autumn","travel",1,0.95,0.55,0.98,0.84,0.41,0.75,0.88,0.9,0,"neutral_dominant",0.8,0.9,0.8,0.77,"good","good"
"O02942","summer","casual",1,0.8,0.35,1,0.84,0.2,0.28,0.88,0.92,0,"monochromatic",0.8,0.9,0.8,0.42,"average","good"
"O02943","all-season","date",0.88,0.85,0.13,0.93,0.84,0.09,0.09,0.32,0.88,0,"monochromatic",0.8,0.9,0.8,0.34,"bad","average"
"O02944","spring","casual",0.88,0.95,0.59,1,0.84,0.42,0.75,0.88,0.92,0,"monochromatic",0.8,0.9,0.8,0.79,"good","bad"
"O02945","autumn","casual",1,0.95,0.78,1,0.84,0.63,1,0.88,0.92,0,"monochromatic",0.8,0.9,0.8,0.86,"good","average"
"O02946","all-season","casual",0.88,0.85,0.58,0.93,0.84,0.42,0.75,0.88,0.88,0,"monochromatic",0.8,0.9,0.79,0.76,"good","average"
"O02947","all-season","office",1,0.85,0.38,0.78,0.84,0.08,0.75,0.78,0.63,0,"mixed_harmonious",0.8,0.9,0.8,0.4,"average","average"
"O02948","winter","casual",1,0.95,0.67,0.98,0.84,0.41,1,0.88,0.9,0,"neutral_dominant",0.8,0.9,0.8,0.81,"good","average"
"O02949","autumn","gym",1,0.95,0.59,1,0.84,0.53,0.75,0.55,0.92,0,"monochromatic",0.8,0.9,0.8,0.79,"good","average"
"O02950","autumn","casual",1,0.95,0.17,0.98,0.84,0.07,0.09,0.62,0.91,0,"analogous",0.8,0.9,0.8,0.34,"bad","average"
"O02951","summer","gym",0.88,0.95,0.18,0.94,0.84,0.09,0.09,0.55,0.9,0,"monochromatic",0.8,0.9,0.8,0.4,"average","average"
"O02952","summer","casual",1,1,0.62,0.85,0.84,0.44,0.75,0.88,0.78,0,"mixed_harmonious",0.8,0.9,0.8,0.76,"good","average"
"O02953","autumn","office",1,0.95,0.71,0.98,0.84,0.62,0.75,0.93,0.91,0,"analogous",0.8,0.9,0.8,0.83,"good","bad"
"O02954","summer","gym",0.88,0.95,0.18,0.94,0.84,0.09,0.09,0.55,0.9,0,"monochromatic",0.8,0.9,0.8,0.34,"bad","bad"
"O02955","autumn","office",0.88,0.95,0.53,0.91,0.84,0.68,0.5,0.28,0.79,0,"mixed_harmonious",0.8,0.9,0.8,0.74,"good","average"
"O02956","all-season","date",0.88,0.85,0.62,0.85,0.87,0.5,0.75,0.9,0.78,0,"mixed_harmonious",0.8,0.9,0.89,0.76,"good","average"
"O02957","spring","office",1,0.95,0.59,1,0.84,0.42,0.75,0.78,0.92,0,"monochromatic",0.8,0.9,0.8,0.79,"good","average"
"O02958","all-season","casual",0.88,0.85,0.44,0.93,0.84,0.2,0.75,0.88,0.88,0,"monochromatic",0.8,0.9,0.79,0.42,"average","average"
"O02959","all-season","gym",1,0.85,0.41,0.85,0.84,0.09,0.75,0.92,0.78,0,"mixed_harmonious",0.8,0.9,0.8,0.4,"average","good"
"O02960","all-season","gym",0.88,0.85,0.26,0.93,0.87,0.4,0.09,0.25,0.88,0,"monochromatic",0.8,0.9,0.89,0.4,"average","good"
"O02961","summer","gym",1,0.95,0.68,1,0.84,0.56,1,0.55,0.92,0,"monochromatic",0.8,0.9,0.8,0.82,"good","average"
"O02962","summer","gym",1,1,0.5,0.85,0.84,0.32,0.75,0.55,0.7,0,"monochromatic",0.8,0.9,0.8,0.71,"good","average"
"O02963","winter","casual",1,0.6,0.69,1,0.84,0.69,0.75,0.88,0.92,0,"monochromatic",0.8,0.9,0.8,0.83,"good","average"
"O02964","summer","gym",0.88,0.95,0.41,1,0.84,0.44,0.18,0.92,0.92,0,"monochromatic",0.8,0.9,0.8,0.4,"average","average"
"O02965","summer","gym",0.88,0.95,0.27,0.98,0.84,0.33,0.09,0.55,0.9,0,"neutral_dominant",0.8,0.9,0.8,0.4,"average","average"
"O02966","summer","travel",0.62,0.45,0.22,0.98,0.84,0.08,0.28,0.72,0.9,0,"neutral_dominant",0.8,0.9,0.8,0.4,"average","average"
"O02967","summer","gym",0.88,0.95,0.12,0.93,0.84,0.09,0.09,0.25,0.89,0,"analogous",0.8,0.9,0.8,0.34,"bad","average"
"O02968","all-season","date",1,0.85,0.56,0.93,0.84,0.44,0.75,0.9,0.88,0,"monochromatic",0.8,0.9,0.8,0.76,"good","average"
"O02969","summer","gym",0.88,0.95,0.41,0.98,0.84,0.44,0.18,0.92,0.9,0,"neutral_dominant",0.8,0.9,0.8,0.4,"average","average"
"O02970","all-season","casual",1,0.85,0.4,0.92,0.84,0.09,0.75,0.88,0.87,0,"analogous",0.8,0.9,0.8,0.4,"average","good"
"O02971","autumn","date",1,0.95,0.61,0.77,0.84,0.42,0.75,0.9,0.54,0,"complementary",0.8,0.9,0.8,0.73,"good","average"
"O02972","summer","gym",0.88,0.95,0.18,1,0.84,0.09,0.09,0.55,0.92,0,"monochromatic",0.8,0.9,0.8,0.4,"average","average"
"O02973","winter","casual",1,0.95,0.67,1,0.84,0.41,1,0.88,0.92,0,"monochromatic",0.8,0.9,0.8,0.82,"good","average"
"O02974","summer","casual",1,0.45,0.36,0.91,0.84,0.29,0.28,0.88,0.79,0,"mixed_harmonious",0.8,0.9,0.8,0.67,"average","bad"
"O02975","summer","gym",0.88,0.95,0.53,1,0.84,0.42,0.5,0.92,0.92,0,"monochromatic",0.8,0.9,0.8,0.76,"good","average"
"O02976","all-season","casual",0.88,0.85,0.49,0.93,0.84,0.23,0.75,0.88,0.88,0,"monochromatic",0.8,0.9,0.8,0.42,"average","good"
"O02977","all-season","gym",0.88,0.85,0.57,0.93,0.84,0.53,0.75,0.55,0.88,0,"monochromatic",0.8,0.9,0.8,0.76,"good","bad"
"O02978","summer","casual",1,0.95,0.29,0.81,0.84,0.08,0.28,0.88,0.59,0,"mixed_harmonious",0.8,0.9,0.8,0.4,"average","good"
"O02979","all-season","weekend",0.88,0.85,0.46,0.93,0.84,0.24,0.75,0.88,0.88,0,"monochromatic",0.8,0.9,0.79,0.42,"average","good"
"O02980","summer","gym",0.88,0.95,0.28,0.85,0.84,0.1,0.18,0.92,0.67,0,"mixed_harmonious",0.8,0.9,0.8,0.4,"average","average"
"O02981","spring","office",1,0.95,0.74,0.92,0.84,0.74,0.75,0.78,0.82,0,"mixed_harmonious",0.8,0.9,0.8,0.82,"good","average"
"O02982","all-season","office",0.88,0.85,0.44,0.93,0.87,0.47,0.14,0.93,0.88,0,"monochromatic",0.8,0.9,0.89,0.72,"good","average"
"O02983","autumn","casual",1,0.95,0.55,1,0.84,0.41,0.75,0.88,0.92,0,"monochromatic",0.8,0.9,0.8,0.77,"good","average"
"O02984","autumn","casual",1,0.95,0.78,0.98,0.84,0.63,1,0.88,0.91,0,"analogous",0.8,0.9,0.8,0.86,"good","average"
"O02985","summer","gym",0.88,0.95,0.45,0.95,0.84,0.46,0.18,0.92,0.82,0,"monochromatic",0.8,0.9,0.8,0.4,"average","average"
"O02986","spring","gym",1,0.95,0.7,0.9,0.84,0.74,0.75,0.55,0.73,0,"analogous",0.8,0.9,0.8,0.8,"good","average"
"O02987","summer","casual",1,0.95,0.4,0.94,0.84,0.08,0.75,0.88,0.9,0,"monochromatic",0.8,0.9,0.8,0.4,"average","average"
"O02988","summer","casual",0.88,1,0.47,0.92,0.84,0.16,0.75,0.88,0.82,0,"mixed_harmonious",0.8,0.9,0.8,0.42,"average","average"
"O02989","all-season","casual",0.88,0.85,0.54,0.91,0.84,0.48,0.5,0.88,0.86,0,"neutral_dominant",0.8,0.9,0.79,0.74,"good","average"
"O02990","summer","casual",0.88,0.95,0.37,1,0.87,0.38,0.18,0.88,0.92,0,"monochromatic",0.8,0.9,0.89,0.4,"average","average"
"O02991","all-season","office",0.88,0.85,0.51,0.91,0.84,0.41,0.75,0.78,0.86,0,"neutral_dominant",0.8,0.9,0.8,0.73,"good","average"
"O02992","summer","gym",0.88,1,0.65,0.92,0.84,0.52,0.75,0.92,0.82,0,"mixed_harmonious",0.8,0.9,0.8,0.79,"good","average"
"O02993","summer","casual",0.88,0.95,0.38,0.94,0.84,0.33,0.28,0.88,0.9,0,"monochromatic",0.8,0.9,0.79,0.69,"average","average"
"O02994","autumn","casual",1,0.95,0.78,0.92,0.84,0.62,1,0.88,0.82,0,"mixed_harmonious",0.8,0.9,0.8,0.84,"good","good"
"O02995","all-season","office",0.88,0.85,0.5,0.93,0.84,0.38,0.75,0.78,0.88,0,"monochromatic",0.8,0.9,0.8,0.73,"good","bad"
"O02996","all-season","gym",0.88,0.85,0.15,0.85,0.84,0.06,0.09,0.55,0.78,0,"mixed_harmonious",0.8,0.9,0.8,0.4,"average","average"
"O02997","all-season","casual",1,0.85,0.43,0.71,0.84,0.09,0.75,0.88,0.47,0,"mixed_harmonious",0.8,0.9,0.8,0.4,"average","bad"
"O02998","autumn","office",1,0.95,0.71,0.94,0.84,0.62,0.75,0.93,0.9,0,"monochromatic",0.8,0.9,0.8,0.82,"good","average"
"O02999","all-season","date",0.62,0.85,0.34,0.93,0.84,0.09,0.75,0.68,0.88,0,"monochromatic",0.8,0.9,0.8,0.4,"average","average"
"O03000","summer","gym",0.88,0.95,0.48,1,0.84,0.52,0.18,0.92,0.92,0,"monochromatic",0.8,0.9,0.8,0.4,"average","average"