outfit_id,top,bottom,shoes,top_color,bottom_color,shoe_color,top_fit,bottom_fit,shoe_fit,style_category,STYLE_SCORE,COLOR_SCORE,FIT_SCORE,final_score,label
O00001,linen shirt,track pants,loafers,gray,black,navy,slim,regular,slim,casual,0.59,0.95,0.72,0.74,good
O00002,black hoodie,chinos,loafers,white,blue,navy,tailored,tailored,slim,casual,0.43,0.83,0.57,0.59,average
O00003,turtleneck,shorts,oxfords,green,gray,red,slim,tailored,slim,streetwear,0.54,0.7,0.62,0.61,average
O00004,turtleneck,jeans,sandals,blue,green,blue,baggy,tailored,oversized,business,0.7,0.79,0.67,0.72,average
O00005,navy blazer,jeans,sandals,green,black,gray,slim,oversized,baggy,streetwear,0.59,0.94,0.76,0.75,good
O00006,sweater,skirt,sandals,navy,beige,brown,tailored,slim,tailored,streetwear,0.48,0.85,0.51,0.6,average
O00007,white tee,cargo pants,oxfords,black,green,navy,tailored,slim,slim,casual,0.71,0.45,0.88,0.68,average
O00008,black hoodie,jeans,oxfords,red,beige,gray,slim,oversized,slim,streetwear,0.88,0.64,0.83,0.79,good
O00009,navy blazer,shorts,heels,navy,blue,green,tailored,tailored,slim,streetwear,0.92,0.64,0.63,0.75,good
O00010,flannel,chinos,sandals,black,red,red,tailored,oversized,regular,minimal,0.79,0.46,0.94,0.74,good
O00011,tank top,trousers,heels,gray,gray,gray,regular,tailored,oversized,sport,0.65,0.61,0.69,0.65,average
O00012,denim jacket,track pants,oxfords,gray,black,beige,baggy,regular,baggy,business,0.73,0.44,0.63,0.61,average
O00013,flannel,trousers,sandals,gray,beige,beige,baggy,oversized,regular,minimal,0.84,0.65,0.51,0.68,average
O00014,denim jacket,skirt,oxfords,beige,navy,white,baggy,oversized,tailored,business,0.66,0.43,0.69,0.6,average
O00015,white tee,shorts,sneakers,gray,white,green,tailored,tailored,slim,minimal,0.71,0.52,0.64,0.63,average
O00016,denim jacket,chinos,heels,white,beige,navy,tailored,slim,baggy,minimal,0.65,0.84,0.85,0.77,good
O00017,turtleneck,cargo pants,sneakers,red,green,beige,tailored,slim,regular,minimal,0.55,0.72,0.61,0.62,average
O00018,turtleneck,trousers,sandals,white,navy,blue,regular,oversized,regular,business,0.53,0.52,0.53,0.53,bad
O00019,turtleneck,chinos,loafers,black,brown,green,regular,tailored,oversized,minimal,0.84,0.88,0.95,0.89,good
O00020,turtleneck,chinos,sneakers,brown,green,white,tailored,oversized,regular,sport,0.59,0.8,0.74,0.7,average
O00021,sweater,track pants,heels,green,gray,beige,tailored,oversized,slim,business,0.75,0.53,0.74,0.68,average
O00022,black hoodie,track pants,oxfords,navy,green,brown,baggy,baggy,regular,sport,0.49,0.73,0.94,0.7,average
O00023,polo,cargo pants,sandals,navy,brown,black,baggy,tailored,tailored,streetwear,0.84,0.89,0.45,0.74,good
O00024,flannel,chinos,boots,navy,white,blue,regular,slim,slim,minimal,0.38,0.72,0.84,0.62,average
O00025,white tee,trousers,loafers,white,beige,green,tailored,slim,oversized,minimal,0.67,0.49,0.82,0.66,average
O00026,black hoodie,track pants,oxfords,red,white,black,baggy,regular,slim,business,0.74,0.73,0.51,0.67,average
O00027,navy blazer,skirt,boots,black,black,beige,regular,oversized,oversized,business,0.86,0.58,0.61,0.7,average
O00028,polo,trousers,heels,black,red,blue,tailored,slim,baggy,streetwear,0.94,0.65,0.84,0.82,good
O00029,sweater,shorts,sneakers,gray,navy,gray,regular,baggy,tailored,casual,0.77,0.94,0.55,0.76,good
O00030,sweater,chinos,loafers,blue,red,red,slim,oversized,regular,minimal,0.7,0.57,0.68,0.66,average
O00031,turtleneck,jeans,sandals,red,white,blue,regular,tailored,tailored,streetwear,0.32,0.7,0.71,0.55,bad
O00032,turtleneck,chinos,oxfords,white,navy,gray,slim,slim,tailored,streetwear,0.89,0.75,0.65,0.78,good
O00033,linen shirt,skirt,oxfords,black,blue,navy,baggy,oversized,baggy,streetwear,0.38,0.57,0.4,0.44,bad
O00034,flannel,trousers,loafers,brown,beige,brown,baggy,slim,oversized,minimal,0.92,0.65,0.49,0.71,average
O00035,white tee,skirt,boots,navy,black,beige,baggy,oversized,baggy,streetwear,0.76,0.73,0.84,0.78,good
O00036,flannel,trousers,oxfords,beige,white,brown,regular,regular,tailored,casual,0.47,0.46,0.43,0.46,bad
O00037,polo,cargo pants,sneakers,red,blue,blue,oversized,regular,regular,casual,0.66,0.52,0.79,0.66,average
O00038,white tee,shorts,loafers,navy,blue,green,baggy,slim,tailored,sport,0.46,0.49,0.79,0.57,average
O00039,tank top,chinos,heels,black,blue,navy,oversized,oversized,regular,business,0.56,0.53,0.62,0.57,average
O00040,polo,track pants,sneakers,navy,green,gray,baggy,regular,oversized,minimal,0.89,0.83,0.89,0.87,good
O00041,linen shirt,track pants,boots,blue,beige,navy,regular,regular,tailored,sport,0.78,0.91,0.69,0.79,good
O00042,denim jacket,trousers,loafers,black,red,white,tailored,oversized,baggy,minimal,0.33,0.48,0.73,0.49,bad
O00043,linen shirt,track pants,oxfords,white,navy,blue,slim,oversized,regular,casual,0.66,0.68,0.6,0.65,average
O00044,linen shirt,track pants,heels,green,beige,white,baggy,regular,slim,streetwear,0.56,0.61,0.57,0.58,average
O00045,flannel,chinos,sandals,navy,navy,black,oversized,oversized,oversized,sport,0.89,0.52,0.54,0.67,average
O00046,flannel,track pants,loafers,red,beige,black,slim,oversized,tailored,casual,0.9,0.82,0.67,0.81,good
O00047,turtleneck,shorts,sneakers,navy,blue,green,tailored,slim,oversized,streetwear,0.46,0.92,0.45,0.6,average
O00048,tank top,trousers,sneakers,blue,beige,green,regular,baggy,tailored,streetwear,0.77,0.87,0.67,0.77,good
O00049,tank top,chinos,heels,green,black,beige,regular,regular,oversized,minimal,0.42,0.54,0.52,0.49,bad
O00050,sweater,trousers,heels,navy,brown,white,oversized,tailored,regular,streetwear,0.63,0.54,0.54,0.58,average
O00051,polo,skirt,boots,beige,gray,beige,regular,slim,slim,business,0.94,0.83,0.54,0.79,good
O00052,white tee,track pants,oxfords,brown,white,gray,baggy,tailored,regular,casual,0.3,0.49,0.87,0.53,bad
O00053,flannel,trousers,sandals,beige,beige,brown,oversized,oversized,slim,minimal,0.73,0.53,0.52,0.61,average
O00054,flannel,shorts,sneakers,gray,red,red,oversized,tailored,oversized,casual,0.37,0.42,0.52,0.43,bad
O00055,sweater,chinos,sandals,white,gray,green,regular,regular,slim,business,0.67,0.42,0.5,0.54,bad
O00056,turtleneck,track pants,oxfords,brown,black,green,baggy,regular,slim,casual,0.64,0.64,0.78,0.68,average
O00057,tank top,skirt,sneakers,red,beige,gray,regular,regular,oversized,sport,0.43,0.79,0.91,0.68,average
O00058,flannel,track pants,sneakers,green,green,white,regular,oversized,slim,business,0.53,0.88,0.76,0.7,average
O00059,navy blazer,jeans,boots,brown,beige,red,regular,baggy,tailored,sport,0.69,0.41,0.93,0.68,average
O00060,flannel,shorts,boots,navy,gray,green,slim,slim,oversized,sport,0.75,0.6,0.44,0.61,average
O00061,black hoodie,shorts,boots,green,beige,white,regular,slim,tailored,minimal,0.85,0.49,0.46,0.62,average
O00062,navy blazer,trousers,sneakers,green,red,beige,baggy,oversized,slim,minimal,0.89,0.65,0.87,0.81,good
O00063,linen shirt,chinos,oxfords,white,red,beige,oversized,regular,oversized,business,0.92,0.47,0.7,0.72,average
O00064,linen shirt,track pants,oxfords,black,gray,black,baggy,tailored,slim,sport,0.44,0.66,0.88,0.64,average
O00065,navy blazer,jeans,oxfords,navy,blue,red,oversized,slim,oversized,casual,0.82,0.79,0.43,0.69,average
O00066,polo,shorts,heels,red,white,white,oversized,oversized,tailored,streetwear,0.67,0.7,0.74,0.7,average
O00067,denim jacket,jeans,oxfords,beige,white,green,baggy,oversized,regular,sport,0.7,0.88,0.91,0.82,good
O00068,navy blazer,skirt,oxfords,gray,brown,blue,baggy,regular,baggy,casual,0.76,0.43,0.74,0.66,average
O00069,sweater,cargo pants,sandals,blue,brown,red,regular,slim,regular,sport,0.63,0.89,0.77,0.75,good
O00070,linen shirt,shorts,sandals,brown,brown,green,baggy,baggy,slim,streetwear,0.39,0.78,0.77,0.62,average
O00071,sweater,track pants,sandals,green,gray,navy,baggy,slim,regular,sport,0.52,0.55,0.86,0.63,average
O00072,black hoodie,skirt,boots,gray,red,white,tailored,tailored,regular,casual,0.46,0.69,0.55,0.56,average
O00073,denim jacket,chinos,boots,green,red,blue,regular,tailored,regular,business,0.51,0.41,0.82,0.57,average
O00074,black hoodie,jeans,sandals,gray,brown,brown,tailored,baggy,tailored,minimal,0.52,0.91,0.41,0.6,average
O00075,denim jacket,cargo pants,loafers,red,black,blue,regular,oversized,slim,business,0.42,0.67,0.54,0.53,bad
O00076,linen shirt,track pants,sandals,navy,white,black,baggy,regular,baggy,minimal,0.52,0.84,0.95,0.74,good
O00077,flannel,cargo pants,oxfords,brown,green,navy,oversized,tailored,slim,minimal,0.72,0.55,0.55,0.62,average
O00078,denim jacket,shorts,boots,white,brown,navy,tailored,oversized,regular,minimal,0.87,0.62,0.53,0.69,average
O00079,black hoodie,chinos,sneakers,blue,navy,navy,oversized,slim,oversized,sport,0.63,0.88,0.92,0.79,good
O00080,tank top,trousers,sneakers,brown,red,navy,oversized,slim,baggy,casual,0.68,0.93,0.93,0.83,good
O00081,tank top,trousers,heels,blue,blue,green,oversized,regular,baggy,business,0.39,0.6,0.81,0.58,average
O00082,tank top,jeans,heels,gray,black,blue,regular,tailored,baggy,business,0.36,0.79,0.65,0.58,average
O00083,denim jacket,jeans,sneakers,beige,white,white,baggy,oversized,tailored,minimal,0.91,0.62,0.44,0.68,average
O00084,linen shirt,jeans,loafers,black,black,brown,oversized,slim,oversized,business,0.55,0.68,0.62,0.61,average
O00085,denim jacket,shorts,heels,gray,navy,brown,regular,regular,tailored,minimal,0.58,0.41,0.43,0.48,bad
O00086,white tee,skirt,sneakers,beige,navy,navy,regular,tailored,oversized,minimal,0.66,0.43,0.5,0.54,bad
O00087,navy blazer,shorts,sandals,brown,gray,brown,regular,tailored,tailored,streetwear,0.67,0.55,0.77,0.66,average
O00088,linen shirt,trousers,heels,brown,red,beige,slim,baggy,tailored,streetwear,0.31,0.92,0.43,0.53,bad
O00089,navy blazer,trousers,sneakers,brown,navy,black,tailored,regular,regular,business,0.6,0.82,0.95,0.77,good
O00090,black hoodie,track pants,loafers,brown,black,green,baggy,oversized,baggy,business,0.33,0.52,0.77,0.52,bad
O00091,black hoodie,trousers,oxfords,gray,blue,green,regular,baggy,tailored,sport,0.31,0.93,0.93,0.68,average
O00092,white tee,track pants,sneakers,green,red,blue,oversized,tailored,regular,minimal,0.36,0.63,0.45,0.47,bad
O00093,black hoodie,cargo pants,loafers,brown,beige,gray,regular,regular,baggy,streetwear,0.58,0.94,0.83,0.76,good
O00094,navy blazer,trousers,heels,brown,navy,green,slim,regular,baggy,casual,0.78,0.47,0.78,0.69,average
O00095,polo,cargo pants,heels,brown,red,blue,slim,slim,regular,sport,0.42,0.7,0.9,0.65,average
O00096,polo,skirt,boots,green,white,red,slim,tailored,slim,business,0.79,0.77,0.85,0.8,good
O00097,polo,jeans,sandals,red,beige,green,slim,regular,slim,business,0.79,0.85,0.6,0.75,good
O00098,black hoodie,cargo pants,sandals,blue,beige,navy,oversized,oversized,slim,minimal,0.9,0.6,0.57,0.71,average
O00099,denim jacket,cargo pants,loafers,white,red,green,slim,regular,tailored,business,0.81,0.58,0.46,0.64,average
O00100,denim jacket,jeans,loafers,blue,red,white,regular,oversized,slim,sport,0.63,0.61,0.58,0.61,average
O00101,linen shirt,track pants,heels,navy,black,brown,baggy,baggy,tailored,business,0.34,0.59,0.72,0.53,bad
O00102,white tee,skirt,boots,green,brown,navy,oversized,baggy,oversized,streetwear,0.43,0.93,0.87,0.71,average
O00103,sweater,chinos,heels,white,black,blue,baggy,regular,baggy,sport,0.44,0.67,0.42,0.5,bad
O00104,white tee,skirt,loafers,white,red,brown,oversized,oversized,regular,minimal,0.94,0.92,0.91,0.93,good
O00105,polo,chinos,loafers,green,green,brown,slim,slim,tailored,streetwear,0.69,0.74,0.63,0.69,average
O00106,graphic tee,track pants,sandals,navy,brown,brown,baggy,baggy,baggy,sport,0.45,0.79,0.49,0.56,average
O00107,turtleneck,cargo pants,loafers,beige,navy,gray,baggy,baggy,oversized,sport,0.79,0.62,0.59,0.68,average
O00108,graphic tee,trousers,heels,blue,white,blue,baggy,baggy,baggy,streetwear,0.51,0.62,0.93,0.67,average
O00109,white tee,track pants,sandals,black,red,gray,slim,regular,tailored,business,0.35,0.83,0.73,0.61,average
O00110,flannel,shorts,heels,brown,black,white,regular,baggy,oversized,streetwear,0.89,0.65,0.58,0.73,good
O00111,flannel,track pants,sneakers,gray,black,blue,regular,slim,regular,minimal,0.82,0.57,0.73,0.72,average
O00112,flannel,cargo pants,sneakers,navy,red,brown,oversized,regular,regular,minimal,0.89,0.55,0.87,0.78,good
O00113,navy blazer,skirt,loafers,blue,red,black,oversized,oversized,slim,sport,0.55,0.52,0.56,0.54,bad
O00114,white tee,chinos,sneakers,brown,white,beige,slim,tailored,tailored,casual,0.93,0.63,0.61,0.74,good
O00115,polo,shorts,oxfords,red,beige,beige,regular,slim,baggy,casual,0.8,0.7,0.83,0.78,good
O00116,graphic tee,chinos,oxfords,white,black,green,baggy,regular,baggy,sport,0.31,0.73,0.56,0.51,bad
O00117,flannel,shorts,loafers,blue,green,navy,slim,oversized,baggy,casual,0.66,0.7,0.83,0.72,average
O00118,tank top,jeans,heels,gray,blue,blue,oversized,slim,baggy,casual,0.41,0.6,0.62,0.53,bad
O00119,sweater,jeans,boots,green,navy,green,baggy,tailored,oversized,minimal,0.91,0.69,0.58,0.75,good
O00120,sweater,trousers,oxfords,gray,red,navy,baggy,slim,tailored,streetwear,0.72,0.67,0.67,0.69,average
O00121,tank top,chinos,sandals,blue,navy,green,oversized,baggy,tailored,streetwear,0.61,0.72,0.72,0.68,average
O00122,black hoodie,track pants,loafers,navy,blue,white,baggy,slim,oversized,business,0.66,0.48,0.73,0.63,average
O00123,polo,skirt,loafers,green,white,red,slim,tailored,tailored,streetwear,0.76,0.77,0.66,0.73,good
O00124,tank top,jeans,sandals,red,gray,green,baggy,oversized,regular,casual,0.93,0.4,0.54,0.65,average
O00125,denim jacket,trousers,oxfords,brown,brown,gray,tailored,baggy,baggy,business,0.93,0.52,0.48,0.67,average
O00126,linen shirt,jeans,boots,brown,gray,beige,tailored,slim,baggy,minimal,0.53,0.89,0.56,0.65,average
O00127,sweater,shorts,boots,navy,navy,red,oversized,baggy,slim,business,0.39,0.95,0.75,0.67,average
O00128,polo,track pants,oxfords,black,black,blue,tailored,tailored,regular,streetwear,0.33,0.52,0.46,0.43,bad
O00129,white tee,cargo pants,loafers,navy,red,brown,oversized,oversized,slim,streetwear,0.86,0.88,0.44,0.74,good
O00130,linen shirt,skirt,sandals,black,navy,black,tailored,tailored,slim,casual,0.66,0.93,0.94,0.82,good
O00131,navy blazer,shorts,heels,red,red,red,slim,slim,tailored,minimal,0.69,0.95,0.86,0.82,good
O00132,graphic tee,cargo pants,oxfords,gray,gray,black,oversized,tailored,regular,streetwear,0.45,0.43,0.89,0.58,average
O00133,polo,shorts,sandals,white,beige,gray,regular,oversized,oversized,business,0.37,0.44,0.88,0.54,bad
O00134,polo,track pants,heels,gray,black,navy,regular,regular,oversized,casual,0.34,0.81,0.75,0.6,average
O00135,turtleneck,shorts,sandals,navy,navy,brown,baggy,tailored,tailored,streetwear,0.68,0.59,0.46,0.59,average
O00136,linen shirt,trousers,sneakers,white,green,beige,slim,regular,baggy,streetwear,0.35,0.53,0.52,0.45,bad
O00137,sweater,cargo pants,boots,beige,white,beige,tailored,oversized,oversized,sport,0.57,0.72,0.69,0.65,average
O00138,tank top,shorts,heels,gray,red,green,oversized,oversized,baggy,sport,0.61,0.66,0.55,0.61,average
O00139,black hoodie,jeans,boots,navy,beige,green,baggy,tailored,regular,business,0.9,0.52,0.74,0.74,good
O00140,denim jacket,trousers,loafers,blue,blue,blue,oversized,regular,slim,business,0.31,0.57,0.88,0.56,average
O00141,navy blazer,track pants,sandals,green,gray,blue,oversized,oversized,regular,minimal,0.63,0.47,0.89,0.66,average
O00142,turtleneck,skirt,boots,white,gray,navy,baggy,oversized,tailored,minimal,0.79,0.91,0.5,0.74,good
O00143,graphic tee,jeans,boots,green,beige,red,slim,baggy,tailored,streetwear,0.37,0.44,0.79,0.52,bad
O00144,flannel,chinos,heels,brown,green,brown,oversized,oversized,slim,casual,0.8,0.51,0.82,0.72,average
O00145,navy blazer,track pants,heels,brown,gray,beige,slim,regular,slim,streetwear,0.73,0.73,0.63,0.7,average
O00146,flannel,track pants,oxfords,black,beige,blue,baggy,baggy,oversized,minimal,0.5,0.83,0.86,0.71,average
O00147,graphic tee,chinos,heels,blue,blue,red,tailored,slim,oversized,casual,0.74,0.87,0.87,0.82,good
O00148,graphic tee,skirt,sandals,blue,green,blue,oversized,baggy,regular,minimal,0.43,0.43,0.84,0.55,bad
O00149,sweater,cargo pants,heels,navy,white,navy,oversized,baggy,oversized,minimal,0.69,0.57,0.75,0.67,average
O00150,turtleneck,shorts,loafers,red,brown,blue,slim,slim,slim,streetwear,0.87,0.84,0.74,0.82,good
O00151,flannel,skirt,sandals,black,beige,black,regular,regular,slim,casual,0.67,0.58,0.41,0.56,average
O00152,white tee,skirt,sneakers,navy,brown,red,oversized,tailored,slim,minimal,0.63,0.57,0.87,0.68,average
O00153,turtleneck,track pants,sneakers,navy,brown,green,regular,regular,tailored,minimal,0.56,0.81,0.74,0.69,average
O00154,polo,chinos,heels,blue,gray,black,tailored,tailored,regular,business,0.83,0.95,0.63,0.81,good
O00155,white tee,trousers,loafers,black,blue,blue,baggy,baggy,tailored,business,0.82,0.58,0.92,0.78,good
O00156,linen shirt,jeans,sneakers,beige,blue,navy,baggy,slim,tailored,business,0.93,0.69,0.76,0.81,good
O00157,navy blazer,shorts,sandals,navy,green,brown,slim,regular,oversized,sport,0.53,0.85,0.5,0.62,average
O00158,turtleneck,chinos,sandals,green,brown,beige,tailored,baggy,oversized,casual,0.42,0.42,0.78,0.53,bad
O00159,navy blazer,cargo pants,boots,white,gray,blue,oversized,oversized,tailored,business,0.69,0.62,0.95,0.75,good
O00160,tank top,trousers,oxfords,gray,white,blue,baggy,baggy,tailored,casual,0.8,0.87,0.61,0.76,good
O00161,navy blazer,track pants,oxfords,gray,brown,beige,regular,oversized,slim,sport,0.77,0.55,0.42,0.6,average
O00162,sweater,trousers,heels,brown,white,navy,tailored,baggy,slim,casual,0.83,0.41,0.6,0.64,average
O00163,flannel,chinos,boots,red,blue,green,baggy,baggy,regular,minimal,0.64,0.41,0.71,0.59,average
O00164,denim jacket,track pants,oxfords,blue,gray,green,oversized,baggy,regular,business,0.37,0.45,0.51,0.44,bad
O00165,denim jacket,chinos,sandals,brown,green,black,baggy,tailored,oversized,streetwear,0.91,0.73,0.73,0.8,good
O00166,turtleneck,trousers,heels,navy,red,blue,tailored,tailored,regular,streetwear,0.89,0.8,0.66,0.79,good
O00167,denim jacket,skirt,boots,beige,white,green,tailored,baggy,slim,streetwear,0.69,0.77,0.63,0.7,average
O00168,navy blazer,jeans,sandals,brown,blue,blue,oversized,tailored,slim,business,0.55,0.42,0.83,0.59,average
O00169,denim jacket,jeans,boots,black,navy,blue,slim,oversized,baggy,business,0.44,0.4,0.72,0.51,bad
O00170,white tee,skirt,boots,gray,gray,blue,oversized,regular,oversized,casual,0.33,0.93,0.6,0.59,average
O00171,tank top,track pants,oxfords,navy,gray,brown,regular,regular,baggy,business,0.43,0.88,0.7,0.65,average
O00172,polo,skirt,oxfords,beige,black,gray,baggy,oversized,regular,sport,0.32,0.87,0.6,0.57,average
O00173,turtleneck,trousers,heels,beige,navy,brown,slim,oversized,regular,business,0.41,0.65,0.51,0.51,bad
O00174,turtleneck,trousers,loafers,red,blue,black,oversized,baggy,oversized,streetwear,0.88,0.89,0.53,0.78,good
O00175,turtleneck,track pants,loafers,gray,brown,gray,regular,baggy,slim,minimal,0.31,0.93,0.84,0.66,average
O00176,flannel,jeans,sneakers,green,brown,brown,baggy,oversized,regular,minimal,0.67,0.79,0.89,0.77,good
O00177,turtleneck,cargo pants,heels,brown,navy,gray,tailored,baggy,oversized,minimal,0.77,0.93,0.83,0.84,good
O00178,navy blazer,trousers,loafers,beige,green,red,regular,oversized,baggy,business,0.66,0.62,0.79,0.69,average
O00179,polo,track pants,sneakers,navy,white,navy,slim,slim,baggy,streetwear,0.57,0.78,0.65,0.66,average
O00180,flannel,shorts,loafers,gray,white,green,tailored,regular,slim,casual,0.33,0.59,0.47,0.45,bad
O00181,flannel,trousers,sneakers,green,navy,brown,tailored,regular,regular,casual,0.33,0.56,0.72,0.52,bad
O00182,navy blazer,trousers,loafers,navy,beige,red,slim,oversized,slim,sport,0.31,0.87,0.87,0.65,average
O00183,black hoodie,chinos,oxfords,brown,brown,brown,tailored,tailored,slim,minimal,0.54,0.59,0.87,0.65,average
O00184,black hoodie,shorts,heels,gray,red,blue,baggy,slim,baggy,sport,0.95,0.54,0.79,0.78,good
O00185,graphic tee,track pants,sneakers,white,white,gray,regular,oversized,tailored,minimal,0.32,0.68,0.89,0.6,average
O00186,denim jacket,jeans,loafers,blue,gray,navy,tailored,baggy,oversized,casual,0.54,0.8,0.75,0.68,average
O00187,turtleneck,cargo pants,sandals,white,red,brown,tailored,slim,oversized,casual,0.69,0.62,0.94,0.74,good
O00188,tank top,cargo pants,boots,beige,gray,white,tailored,baggy,tailored,casual,0.42,0.76,0.78,0.63,average
O00189,graphic tee,skirt,heels,white,gray,brown,slim,regular,oversized,minimal,0.67,0.42,0.64,0.59,average
O00190,tank top,track pants,sneakers,brown,white,green,oversized,baggy,oversized,casual,0.35,0.81,0.65,0.58,average
O00191,navy blazer,cargo pants,sandals,beige,brown,navy,oversized,tailored,tailored,minimal,0.38,0.57,0.47,0.46,bad
O00192,navy blazer,jeans,heels,brown,blue,red,tailored,slim,oversized,sport,0.59,0.7,0.93,0.72,average
O00193,denim jacket,chinos,sandals,beige,beige,navy,oversized,regular,slim,minimal,0.53,0.42,0.56,0.51,bad
O00194,turtleneck,track pants,sneakers,navy,green,blue,oversized,regular,slim,sport,0.32,0.93,0.72,0.62,average
O00195,navy blazer,trousers,oxfords,navy,green,gray,baggy,tailored,slim,minimal,0.83,0.77,0.86,0.82,good
O00196,flannel,cargo pants,sneakers,gray,green,beige,slim,slim,baggy,casual,0.86,0.43,0.72,0.69,average
O00197,polo,skirt,boots,white,blue,green,baggy,baggy,tailored,sport,0.74,0.64,0.7,0.7,average
O00198,graphic tee,shorts,heels,gray,black,white,slim,regular,slim,sport,0.34,0.92,0.58,0.59,average
O00199,navy blazer,trousers,oxfords,blue,green,red,regular,oversized,oversized,minimal,0.58,0.73,0.95,0.74,good
O00200,linen shirt,chinos,sandals,navy,brown,navy,baggy,regular,oversized,sport,0.34,0.77,0.66,0.56,average
O00201,polo,trousers,sandals,black,blue,black,baggy,tailored,oversized,casual,0.59,0.6,0.53,0.57,average
O00202,navy blazer,chinos,oxfords,gray,red,white,baggy,slim,tailored,business,0.39,0.52,0.94,0.59,average
O00203,flannel,track pants,heels,blue,white,green,regular,slim,tailored,casual,0.32,0.72,0.77,0.57,average
O00204,flannel,skirt,loafers,navy,brown,navy,slim,regular,baggy,business,0.32,0.77,0.84,0.61,average
O00205,polo,track pants,sandals,navy,white,beige,oversized,tailored,baggy,sport,0.31,0.74,0.69,0.55,bad
O00206,sweater,cargo pants,sneakers,beige,green,blue,slim,slim,slim,minimal,0.65,0.86,0.99,0.81,good
O00207,denim jacket,shorts,heels,brown,black,navy,slim,regular,slim,streetwear,0.8,0.48,0.49,0.61,average
O00208,flannel,shorts,sandals,black,white,red,tailored,slim,regular,streetwear,0.43,0.84,0.5,0.57,average
O00209,linen shirt,trousers,heels,white,beige,beige,baggy,oversized,oversized,casual,0.52,0.66,0.44,0.54,bad
O00210,black hoodie,jeans,boots,navy,black,black,regular,slim,baggy,streetwear,0.8,0.56,0.8,0.73,good
O00211,tank top,jeans,sandals,navy,white,red,baggy,slim,baggy,minimal,0.52,0.92,0.86,0.74,good
O00212,turtleneck,cargo pants,loafers,green,black,gray,oversized,slim,regular,streetwear,0.38,0.85,0.52,0.56,average
O00213,denim jacket,trousers,heels,blue,gray,blue,regular,tailored,slim,streetwear,0.61,0.44,0.55,0.54,bad
O00214,flannel,skirt,loafers,brown,gray,navy,tailored,regular,slim,sport,0.31,0.78,0.5,0.51,bad
O00215,white tee,cargo pants,loafers,blue,blue,beige,baggy,slim,regular,sport,0.6,0.54,0.56,0.57,average
O00216,black hoodie,track pants,sneakers,black,gray,beige,baggy,tailored,slim,sport,0.53,0.4,0.52,0.49,bad
O00217,black hoodie,trousers,loafers,beige,brown,navy,slim,tailored,slim,sport,0.56,0.57,0.45,0.53,bad
O00218,flannel,shorts,sneakers,black,gray,gray,regular,oversized,slim,casual,0.73,0.66,0.86,0.75,good
O00219,linen shirt,trousers,heels,beige,brown,beige,regular,tailored,slim,streetwear,0.86,0.78,0.41,0.7,average
O00220,denim jacket,trousers,oxfords,black,gray,white,oversized,tailored,regular,streetwear,0.86,0.74,0.5,0.72,average
O00221,white tee,chinos,sneakers,blue,white,green,oversized,oversized,tailored,business,0.9,0.73,0.95,0.86,good
O00222,polo,trousers,sneakers,red,white,navy,oversized,tailored,tailored,sport,0.79,0.74,0.84,0.79,good
O00223,navy blazer,jeans,boots,navy,red,black,oversized,regular,oversized,sport,0.8,0.65,0.74,0.74,good
O00224,white tee,shorts,heels,blue,white,red,oversized,tailored,slim,casual,0.77,0.55,0.41,0.6,average
O00225,navy blazer,skirt,oxfords,brown,black,brown,oversized,slim,slim,sport,0.59,0.69,0.73,0.66,average
O00226,turtleneck,jeans,heels,beige,black,red,oversized,oversized,slim,casual,0.89,0.56,0.74,0.75,good
O00227,sweater,jeans,loafers,brown,navy,gray,oversized,regular,tailored,casual,0.33,0.79,0.76,0.6,average
O00228,linen shirt,cargo pants,boots,black,blue,gray,baggy,tailored,oversized,sport,0.67,0.57,0.73,0.66,average
O00229,sweater,track pants,oxfords,green,red,white,tailored,slim,slim,casual,0.37,0.81,0.77,0.62,average
O00230,polo,shorts,boots,blue,brown,white,oversized,slim,regular,casual,0.53,0.79,0.51,0.6,average
O00231,turtleneck,cargo pants,sneakers,gray,green,brown,tailored,oversized,oversized,minimal,0.62,0.59,0.71,0.64,average
O00232,black hoodie,chinos,loafers,brown,red,gray,oversized,regular,oversized,business,0.64,0.68,0.46,0.6,average
O00233,polo,trousers,sandals,brown,gray,white,baggy,oversized,regular,sport,0.43,0.79,0.74,0.63,average
O00234,navy blazer,track pants,loafers,red,beige,beige,oversized,tailored,baggy,minimal,0.36,0.71,0.71,0.57,average
O00235,linen shirt,shorts,sandals,white,brown,white,tailored,tailored,tailored,minimal,0.43,0.76,0.81,0.64,average
O00236,sweater,trousers,heels,blue,red,red,baggy,baggy,regular,minimal,0.57,0.82,0.92,0.75,good
O00237,black hoodie,jeans,heels,brown,brown,gray,tailored,slim,tailored,business,0.35,0.62,0.89,0.59,average
O00238,tank top,cargo pants,oxfords,brown,green,beige,slim,regular,baggy,minimal,0.59,0.42,0.42,0.49,bad
O00239,denim jacket,trousers,boots,navy,white,blue,tailored,baggy,slim,sport,0.58,0.8,0.54,0.63,average
O00240,flannel,shorts,sneakers,gray,blue,blue,baggy,regular,regular,casual,0.33,0.81,0.4,0.49,bad
O00241,denim jacket,jeans,boots,white,black,green,tailored,tailored,regular,casual,0.36,0.44,0.56,0.44,bad
O00242,flannel,trousers,boots,brown,beige,red,baggy,baggy,oversized,business,0.88,0.53,0.48,0.66,average
O00243,navy blazer,cargo pants,loafers,brown,gray,white,oversized,tailored,tailored,minimal,0.64,0.71,0.74,0.69,average
O00244,tank top,skirt,oxfords,blue,blue,blue,tailored,slim,oversized,business,0.93,0.74,0.56,0.76,good
O00245,white tee,track pants,loafers,black,black,brown,regular,slim,tailored,sport,0.65,0.55,0.79,0.66,average
O00246,flannel,skirt,heels,black,white,gray,regular,oversized,slim,minimal,0.34,0.6,0.56,0.48,bad
O00247,graphic tee,skirt,heels,white,navy,brown,oversized,regular,baggy,sport,0.64,0.75,0.46,0.62,average
O00248,turtleneck,shorts,boots,red,brown,green,baggy,tailored,regular,casual,0.49,0.48,0.78,0.57,average
O00249,denim jacket,trousers,loafers,black,green,brown,baggy,slim,tailored,casual,0.52,0.83,0.86,0.71,average
O00250,black hoodie,trousers,loafers,beige,brown,green,oversized,slim,regular,casual,0.5,0.91,0.64,0.67,average
O00251,graphic tee,skirt,sneakers,gray,gray,green,tailored,slim,baggy,streetwear,0.38,0.67,0.76,0.58,average
O00252,navy blazer,shorts,oxfords,black,blue,gray,oversized,baggy,oversized,business,0.83,0.7,0.95,0.83,good
O00253,white tee,skirt,sneakers,beige,red,white,slim,regular,tailored,streetwear,0.42,0.48,0.59,0.49,bad
O00254,linen shirt,shorts,heels,gray,green,navy,slim,tailored,regular,business,0.37,0.88,0.88,0.68,average
O00255,sweater,chinos,oxfords,brown,blue,beige,tailored,regular,regular,casual,0.84,0.47,0.64,0.67,average
O00256,navy blazer,jeans,sandals,beige,navy,white,regular,baggy,regular,business,0.55,0.85,0.89,0.74,good
O00257,turtleneck,shorts,sandals,blue,black,blue,slim,tailored,regular,sport,0.75,0.84,0.52,0.71,average
O00258,sweater,skirt,loafers,blue,beige,blue,slim,baggy,regular,business,0.94,0.84,0.63,0.82,good
O00259,sweater,shorts,sandals,black,brown,beige,slim,baggy,slim,streetwear,0.83,0.51,0.79,0.72,average
O00260,denim jacket,jeans,boots,blue,gray,navy,regular,regular,tailored,sport,0.81,0.72,0.73,0.76,good
O00261,black hoodie,skirt,oxfords,black,brown,red,slim,baggy,baggy,sport,0.64,0.67,0.62,0.64,average
O00262,black hoodie,shorts,loafers,white,beige,white,regular,baggy,regular,sport,0.58,0.6,0.74,0.63,average
O00263,denim jacket,track pants,oxfords,brown,beige,black,oversized,tailored,oversized,casual,0.91,0.9,0.55,0.8,good
O00264,polo,skirt,boots,black,black,beige,slim,oversized,slim,business,0.65,0.72,0.4,0.6,average
O00265,sweater,track pants,loafers,brown,gray,beige,regular,slim,oversized,casual,0.82,0.65,0.6,0.7,average
O00266,black hoodie,shorts,sandals,beige,black,green,baggy,baggy,baggy,business,0.88,0.54,0.78,0.75,good
O00267,navy blazer,skirt,boots,green,black,navy,slim,baggy,baggy,minimal,0.35,0.73,0.86,0.62,average
O00268,navy blazer,jeans,boots,green,gray,black,oversized,regular,oversized,sport,0.89,0.62,0.81,0.79,good
O00269,black hoodie,track pants,loafers,blue,brown,navy,slim,baggy,slim,business,0.75,0.92,0.42,0.7,average
O00270,white tee,cargo pants,oxfords,white,navy,red,regular,tailored,regular,business,0.38,0.72,0.85,0.62,average
O00271,navy blazer,skirt,sneakers,beige,red,black,tailored,oversized,slim,sport,0.87,0.75,0.57,0.74,good
O00272,white tee,cargo pants,boots,white,brown,beige,slim,oversized,regular,minimal,0.56,0.88,0.81,0.73,good
O00273,sweater,cargo pants,sandals,gray,blue,green,oversized,tailored,baggy,sport,0.89,0.77,0.88,0.85,good
O00274,denim jacket,jeans,heels,navy,blue,red,tailored,tailored,oversized,business,0.48,0.85,0.5,0.6,average
O00275,flannel,jeans,sneakers,green,green,navy,oversized,oversized,baggy,business,0.52,0.8,0.59,0.62,average
O00276,denim jacket,trousers,oxfords,navy,red,gray,oversized,tailored,oversized,streetwear,0.76,0.49,0.76,0.68,average
O00277,white tee,trousers,sneakers,green,navy,beige,baggy,baggy,slim,casual,0.3,0.78,0.77,0.58,average
O00278,denim jacket,cargo pants,sneakers,gray,brown,blue,oversized,baggy,tailored,sport,0.59,0.59,0.81,0.66,average
O00279,denim jacket,chinos,boots,red,gray,green,baggy,oversized,tailored,business,0.64,0.71,0.46,0.61,average
O00280,black hoodie,cargo pants,loafers,green,beige,brown,slim,regular,regular,business,0.57,0.55,0.86,0.65,average
O00281,denim jacket,jeans,oxfords,red,white,white,oversized,baggy,slim,business,0.45,0.91,0.65,0.65,average
O00282,graphic tee,chinos,sandals,beige,black,beige,tailored,tailored,slim,business,0.83,0.44,0.42,0.59,average
O00283,white tee,track pants,sandals,brown,white,white,baggy,baggy,slim,business,0.66,0.6,0.93,0.72,average
O00284,flannel,shorts,oxfords,navy,white,red,regular,oversized,regular,sport,0.81,0.52,0.57,0.65,average
O00285,white tee,chinos,oxfords,brown,beige,navy,regular,tailored,regular,sport,0.5,0.86,0.61,0.64,average
O00286,white tee,jeans,sandals,gray,black,navy,regular,tailored,regular,streetwear,0.75,0.63,0.79,0.73,good
O00287,linen shirt,shorts,heels,green,blue,black,tailored,baggy,baggy,business,0.36,0.53,0.62,0.49,bad
O00288,navy blazer,cargo pants,heels,gray,beige,red,baggy,baggy,baggy,streetwear,0.85,0.92,0.64,0.81,good
O00289,black hoodie,shorts,sandals,red,navy,beige,oversized,slim,baggy,casual,0.57,0.5,0.88,0.64,average
O00290,denim jacket,track pants,boots,red,white,green,regular,tailored,tailored,casual,0.59,0.52,0.49,0.54,bad
O00291,graphic tee,cargo pants,oxfords,black,gray,black,regular,slim,slim,minimal,0.52,0.75,0.49,0.58,average
O00292,white tee,jeans,oxfords,red,blue,blue,tailored,oversized,oversized,sport,0.54,0.78,0.85,0.71,average
O00293,flannel,skirt,loafers,white,gray,black,regular,regular,tailored,streetwear,0.65,0.83,0.69,0.72,average
O00294,turtleneck,trousers,heels,green,green,green,oversized,oversized,slim,sport,0.78,0.82,0.74,0.78,good
O00295,flannel,chinos,sneakers,beige,beige,red,oversized,oversized,regular,minimal,0.88,0.75,0.89,0.84,good
O00296,denim jacket,cargo pants,heels,beige,gray,gray,slim,slim,tailored,sport,0.48,0.64,0.46,0.52,bad
O00297,polo,cargo pants,boots,white,beige,beige,oversized,baggy,tailored,casual,0.39,0.57,0.68,0.53,bad
O00298,white tee,shorts,sneakers,brown,beige,red,regular,tailored,tailored,streetwear,0.59,0.56,0.59,0.58,average
O00299,sweater,jeans,sandals,gray,navy,green,slim,oversized,tailored,sport,0.55,0.84,0.46,0.61,average
O00300,polo,trousers,boots,navy,beige,blue,oversized,baggy,oversized,business,0.55,0.93,0.55,0.66,average
O00301,turtleneck,cargo pants,sneakers,brown,white,green,tailored,baggy,slim,minimal,0.67,0.41,0.7,0.6,average
O00302,flannel,track pants,sandals,gray,blue,red,oversized,regular,baggy,minimal,0.73,0.8,0.92,0.81,good
O00303,sweater,trousers,sneakers,blue,brown,black,regular,baggy,slim,casual,0.75,0.41,0.67,0.62,average
O00304,navy blazer,trousers,oxfords,navy,navy,red,tailored,baggy,baggy,sport,0.55,0.54,0.81,0.62,average
O00305,tank top,shorts,sandals,green,navy,red,oversized,tailored,baggy,streetwear,0.45,0.68,0.41,0.51,bad
O00306,linen shirt,chinos,sneakers,red,green,beige,tailored,regular,slim,streetwear,0.66,0.89,0.41,0.65,average
O00307,sweater,jeans,sandals,blue,blue,red,tailored,regular,regular,business,0.66,0.94,0.41,0.67,average
O00308,graphic tee,cargo pants,sneakers,gray,green,red,tailored,oversized,regular,sport,0.76,0.48,0.81,0.69,average
O00309,graphic tee,jeans,oxfords,blue,green,white,slim,tailored,baggy,business,0.52,0.51,0.54,0.52,bad
O00310,denim jacket,cargo pants,loafers,white,brown,brown,slim,tailored,regular,business,0.64,0.58,0.9,0.7,average
O00311,flannel,skirt,sandals,brown,blue,black,oversized,regular,baggy,sport,0.78,0.43,0.85,0.7,average
O00312,linen shirt,chinos,sneakers,green,black,brown,tailored,regular,regular,business,0.79,0.9,0.52,0.74,good
O00313,flannel,track pants,sandals,beige,brown,green,baggy,baggy,tailored,minimal,0.51,0.65,0.93,0.68,average
O00314,black hoodie,shorts,sandals,blue,blue,white,oversized,slim,baggy,business,0.38,0.48,0.88,0.56,average
O00315,navy blazer,skirt,oxfords,black,gray,gray,tailored,regular,tailored,business,0.39,0.82,0.52,0.56,average
O00316,black hoodie,shorts,heels,gray,red,black,baggy,oversized,regular,minimal,0.77,0.9,0.87,0.84,good
O00317,navy blazer,shorts,oxfords,gray,black,beige,oversized,tailored,oversized,minimal,0.51,0.86,0.73,0.68,average
O00318,denim jacket,chinos,sneakers,blue,red,beige,oversized,tailored,slim,business,0.88,0.48,0.53,0.66,average
O00319,denim jacket,jeans,heels,gray,beige,blue,oversized,tailored,oversized,minimal,0.43,0.54,0.62,0.52,bad
O00320,graphic tee,cargo pants,heels,navy,black,beige,baggy,slim,slim,sport,0.82,0.63,0.87,0.78,good
O00321,linen shirt,jeans,oxfords,navy,green,gray,regular,oversized,tailored,sport,0.89,0.73,0.51,0.73,good
O00322,linen shirt,trousers,oxfords,white,red,brown,oversized,slim,regular,sport,0.65,0.55,0.56,0.59,average
O00323,graphic tee,chinos,sneakers,red,green,white,oversized,slim,slim,minimal,0.64,0.7,0.79,0.7,average
O00324,tank top,cargo pants,sandals,beige,brown,brown,tailored,slim,slim,streetwear,0.44,0.78,0.43,0.54,bad
O00325,graphic tee,shorts,loafers,gray,black,white,baggy,tailored,slim,minimal,0.52,0.82,0.91,0.73,good
O00326,black hoodie,chinos,sneakers,black,blue,gray,regular,tailored,regular,business,0.89,0.76,0.87,0.85,good
O00327,graphic tee,track pants,loafers,white,gray,green,oversized,regular,baggy,minimal,0.88,0.82,0.61,0.78,good
O00328,black hoodie,skirt,loafers,black,brown,white,slim,regular,oversized,business,0.58,0.69,0.66,0.64,average
O00329,sweater,track pants,loafers,blue,brown,black,baggy,regular,oversized,sport,0.9,0.86,0.43,0.75,good
O00330,navy blazer,shorts,loafers,black,red,navy,regular,regular,tailored,sport,0.84,0.75,0.93,0.84,good
O00331,turtleneck,cargo pants,loafers,beige,black,green,slim,oversized,oversized,sport,0.75,0.92,0.81,0.82,good
O00332,turtleneck,trousers,boots,white,beige,white,slim,baggy,slim,streetwear,0.89,0.68,0.52,0.72,average
O00333,tank top,cargo pants,heels,beige,white,white,slim,tailored,oversized,casual,0.35,0.55,0.75,0.53,bad
O00334,sweater,shorts,oxfords,black,white,blue,baggy,oversized,oversized,business,0.69,0.4,0.85,0.65,average
O00335,navy blazer,trousers,sneakers,blue,blue,black,slim,oversized,oversized,business,0.76,0.84,0.67,0.76,good
O00336,tank top,skirt,loafers,green,blue,black,tailored,oversized,oversized,casual,0.5,0.58,0.4,0.49,bad
O00337,white tee,jeans,heels,gray,white,white,oversized,baggy,regular,sport,0.58,0.94,0.65,0.71,average
O00338,denim jacket,track pants,sandals,beige,beige,brown,oversized,slim,slim,minimal,0.58,0.69,0.67,0.64,average
O00339,flannel,skirt,oxfords,navy,gray,white,oversized,oversized,slim,sport,0.33,0.9,0.6,0.58,average
O00340,turtleneck,chinos,oxfords,black,blue,black,oversized,tailored,slim,casual,0.61,0.62,0.64,0.62,average
O00341,denim jacket,chinos,oxfords,gray,navy,red,regular,regular,oversized,minimal,0.41,0.72,0.83,0.63,average
O00342,navy blazer,skirt,heels,blue,red,green,oversized,oversized,baggy,streetwear,0.4,0.95,0.9,0.72,average
O00343,turtleneck,cargo pants,oxfords,black,navy,red,tailored,tailored,tailored,business,0.68,0.59,0.7,0.66,average
O00344,flannel,track pants,boots,blue,black,green,oversized,tailored,slim,business,0.6,0.8,0.84,0.73,good
O00345,graphic tee,shorts,heels,beige,navy,blue,tailored,baggy,slim,minimal,0.37,0.58,0.4,0.44,bad
O00346,flannel,trousers,loafers,gray,navy,red,oversized,slim,regular,casual,0.64,0.58,0.83,0.68,average
O00347,polo,track pants,loafers,green,red,navy,oversized,oversized,slim,casual,0.44,0.44,0.95,0.59,average
O00348,black hoodie,shorts,sneakers,beige,brown,black,oversized,tailored,baggy,minimal,0.79,0.61,0.4,0.62,average
O00349,navy blazer,trousers,heels,beige,white,beige,slim,tailored,tailored,streetwear,0.39,0.81,0.71,0.61,average
O00350,tank top,jeans,sneakers,gray,white,gray,tailored,baggy,tailored,minimal,0.63,0.43,0.94,0.66,average
O00351,navy blazer,jeans,sandals,blue,red,white,baggy,slim,slim,sport,0.54,0.95,0.9,0.77,good
O00352,graphic tee,cargo pants,sneakers,black,green,navy,oversized,regular,regular,minimal,0.35,0.41,0.64,0.45,bad
O00353,black hoodie,shorts,loafers,green,red,black,slim,tailored,slim,sport,0.48,0.92,0.53,0.63,average
O00354,denim jacket,shorts,boots,white,white,green,slim,tailored,regular,sport,0.6,0.41,0.48,0.51,bad
O00355,flannel,jeans,sandals,gray,black,blue,regular,oversized,tailored,business,0.44,0.59,0.92,0.63,average
O00356,linen shirt,track pants,sneakers,black,gray,green,regular,slim,slim,business,0.56,0.74,0.86,0.7,average
O00357,linen shirt,cargo pants,sneakers,green,red,green,baggy,tailored,regular,casual,0.32,0.8,0.52,0.52,bad
O00358,linen shirt,shorts,boots,brown,brown,green,oversized,oversized,regular,streetwear,0.32,0.56,0.51,0.45,bad
O00359,turtleneck,cargo pants,oxfords,gray,gray,green,tailored,oversized,tailored,casual,0.67,0.4,0.95,0.67,average
O00360,denim jacket,cargo pants,boots,brown,red,brown,slim,oversized,tailored,business,0.31,0.48,0.51,0.42,bad
O00361,tank top,skirt,boots,blue,beige,white,oversized,slim,tailored,streetwear,0.58,0.54,0.78,0.63,average
O00362,turtleneck,trousers,boots,beige,brown,white,tailored,baggy,baggy,streetwear,0.33,0.42,0.68,0.46,bad
O00363,graphic tee,shorts,oxfords,navy,black,white,tailored,baggy,baggy,casual,0.77,0.46,0.71,0.66,average
O00364,graphic tee,cargo pants,boots,brown,black,green,slim,oversized,oversized,streetwear,0.58,0.83,0.63,0.67,average
O00365,linen shirt,chinos,heels,gray,navy,navy,oversized,slim,slim,streetwear,0.71,0.52,0.65,0.64,average
O00366,polo,track pants,sandals,red,beige,beige,oversized,tailored,slim,minimal,0.49,0.52,0.62,0.54,bad
O00367,linen shirt,trousers,sneakers,white,brown,navy,baggy,baggy,baggy,business,0.44,0.6,0.52,0.51,bad
O00368,denim jacket,skirt,loafers,white,black,black,baggy,oversized,regular,business,0.77,0.43,0.52,0.59,average
O00369,sweater,cargo pants,sandals,blue,black,blue,baggy,regular,tailored,business,0.6,0.54,0.68,0.61,average
O00370,black hoodie,trousers,oxfords,gray,beige,white,tailored,regular,oversized,business,0.94,0.66,0.79,0.81,good
O00371,flannel,jeans,sneakers,white,gray,black,oversized,baggy,regular,minimal,0.56,0.65,0.52,0.58,average
O00372,denim jacket,jeans,sneakers,brown,green,black,tailored,baggy,baggy,casual,0.77,0.58,0.89,0.75,good
O00373,polo,track pants,sneakers,gray,brown,brown,slim,slim,slim,business,0.31,0.5,0.48,0.42,bad
O00374,white tee,trousers,heels,beige,red,green,tailored,slim,slim,streetwear,0.94,0.73,0.42,0.72,average
O00375,flannel,skirt,oxfords,white,beige,gray,oversized,tailored,baggy,minimal,0.77,0.83,0.47,0.7,average
O00376,turtleneck,skirt,loafers,red,green,beige,baggy,regular,oversized,streetwear,0.38,0.8,0.67,0.59,average
O00377,tank top,jeans,loafers,black,navy,beige,regular,tailored,slim,casual,0.67,0.82,0.42,0.64,average
O00378,flannel,shorts,oxfords,red,green,gray,tailored,tailored,baggy,minimal,0.67,0.44,0.43,0.53,bad
O00379,sweater,track pants,sandals,gray,green,beige,oversized,oversized,slim,streetwear,0.42,0.6,0.84,0.6,average
O00380,denim jacket,shorts,heels,blue,red,beige,slim,slim,slim,streetwear,0.33,0.79,0.66,0.57,average
O00381,black hoodie,jeans,heels,black,black,white,oversized,oversized,oversized,business,0.36,0.91,0.99,0.71,average
O00382,flannel,shorts,heels,brown,green,red,regular,oversized,oversized,casual,0.85,0.47,0.63,0.67,average
O00383,denim jacket,chinos,heels,brown,blue,red,oversized,oversized,regular,casual,0.48,0.84,0.91,0.72,average
O00384,black hoodie,trousers,oxfords,gray,black,white,oversized,regular,baggy,streetwear,0.7,0.67,0.76,0.71,average
O00385,linen shirt,shorts,boots,white,white,gray,baggy,baggy,regular,minimal,0.57,0.53,0.46,0.53,bad
O00386,denim jacket,chinos,heels,black,gray,navy,oversized,baggy,regular,business,0.54,0.64,0.77,0.64,average
O00387,sweater,skirt,sandals,navy,white,blue,oversized,slim,regular,casual,0.57,0.51,0.45,0.52,bad
O00388,white tee,shorts,loafers,black,black,white,slim,baggy,slim,minimal,0.76,0.54,0.81,0.71,average
O00389,polo,jeans,oxfords,red,blue,gray,baggy,baggy,slim,business,0.79,0.76,0.43,0.67,average
O00390,denim jacket,jeans,boots,red,white,black,tailored,regular,tailored,minimal,0.8,0.74,0.42,0.67,average
O00391,white tee,shorts,loafers,red,blue,blue,regular,tailored,slim,business,0.59,0.42,0.63,0.55,bad
O00392,polo,jeans,oxfords,black,black,red,slim,slim,oversized,casual,0.69,0.66,0.41,0.6,average
O00393,sweater,trousers,loafers,black,red,black,oversized,slim,baggy,casual,0.76,0.6,0.78,0.72,average
O00394,black hoodie,skirt,sandals,white,red,white,tailored,regular,slim,sport,0.7,0.93,0.57,0.73,good
O00395,tank top,shorts,boots,red,red,white,baggy,baggy,regular,sport,0.87,0.73,0.78,0.8,good
O00396,denim jacket,skirt,heels,blue,navy,blue,baggy,oversized,tailored,streetwear,0.87,0.66,0.43,0.68,average
O00397,navy blazer,cargo pants,loafers,navy,navy,black,regular,slim,slim,streetwear,0.65,0.61,0.83,0.69,average
O00398,tank top,track pants,sneakers,brown,brown,white,regular,regular,tailored,casual,0.46,0.57,0.6,0.53,bad
O00399,tank top,chinos,boots,white,gray,black,baggy,baggy,oversized,minimal,0.32,0.66,0.79,0.56,average
O00400,sweater,chinos,boots,black,blue,green,tailored,regular,baggy,minimal,0.86,0.67,0.59,0.72,average
O00401,sweater,trousers,sandals,white,white,navy,slim,oversized,oversized,casual,0.48,0.56,0.65,0.55,bad
O00402,denim jacket,chinos,sneakers,white,black,green,baggy,tailored,baggy,minimal,0.39,0.42,0.72,0.5,bad
O00403,navy blazer,trousers,heels,gray,red,gray,baggy,regular,tailored,streetwear,0.94,0.65,0.94,0.85,good
O00404,polo,chinos,oxfords,black,beige,brown,tailored,oversized,regular,sport,0.86,0.52,0.62,0.69,average
O00405,tank top,shorts,boots,beige,white,white,slim,baggy,regular,casual,0.62,0.72,0.43,0.59,average
O00406,navy blazer,cargo pants,sandals,black,navy,white,baggy,oversized,baggy,sport,0.92,0.41,0.69,0.7,average
O00407,sweater,cargo pants,loafers,navy,navy,navy,slim,tailored,regular,casual,0.73,0.5,0.73,0.66,average
O00408,black hoodie,jeans,sandals,navy,brown,brown,tailored,oversized,oversized,minimal,0.38,0.78,0.57,0.56,average
O00409,polo,chinos,boots,gray,green,beige,baggy,tailored,tailored,casual,0.91,0.46,0.46,0.64,average
O00410,black hoodie,cargo pants,sneakers,green,brown,navy,slim,regular,slim,sport,0.39,0.81,0.43,0.53,bad
O00411,navy blazer,trousers,sandals,beige,gray,black,regular,regular,baggy,sport,0.72,0.79,0.54,0.69,average
O00412,turtleneck,trousers,heels,blue,red,red,regular,tailored,slim,streetwear,0.7,0.57,0.67,0.65,average
O00413,graphic tee,trousers,sandals,black,red,white,tailored,baggy,slim,casual,0.51,0.78,0.72,0.65,average
O00414,flannel,track pants,heels,blue,navy,brown,slim,regular,baggy,sport,0.44,0.59,0.82,0.6,average
O00415,sweater,track pants,loafers,red,navy,brown,oversized,baggy,tailored,minimal,0.94,0.72,0.41,0.71,average
O00416,turtleneck,chinos,heels,gray,white,blue,slim,tailored,regular,business,0.68,0.94,0.64,0.75,good
O00417,turtleneck,chinos,sandals,red,brown,red,regular,baggy,baggy,business,0.31,0.73,0.71,0.56,average
O00418,turtleneck,cargo pants,heels,beige,gray,green,oversized,slim,oversized,sport,0.73,0.47,0.51,0.59,average
O00419,tank top,chinos,loafers,red,green,green,tailored,slim,oversized,streetwear,0.58,0.44,0.62,0.55,bad
O00420,linen shirt,trousers,sneakers,black,brown,blue,regular,slim,oversized,minimal,0.88,0.55,0.68,0.72,average
O00421,linen shirt,track pants,sandals,navy,navy,navy,regular,oversized,tailored,sport,0.7,0.9,0.82,0.8,good
O00422,polo,track pants,heels,blue,black,beige,baggy,tailored,oversized,sport,0.86,0.84,0.56,0.76,good
O00423,denim jacket,track pants,heels,brown,navy,blue,tailored,regular,slim,business,0.87,0.87,0.87,0.87,good
O00424,tank top,shorts,sneakers,white,beige,white,regular,oversized,regular,minimal,0.46,0.49,0.74,0.55,bad
O00425,tank top,cargo pants,heels,green,black,gray,regular,baggy,regular,casual,0.34,0.46,0.56,0.44,bad
O00426,denim jacket,skirt,oxfords,blue,blue,white,regular,oversized,tailored,casual,0.74,0.47,0.51,0.59,average
O00427,black hoodie,track pants,heels,green,red,red,oversized,slim,baggy,casual,0.32,0.8,0.69,0.57,average
O00428,graphic tee,chinos,sneakers,white,white,blue,regular,oversized,slim,sport,0.79,0.48,0.45,0.6,average
O00429,flannel,jeans,loafers,black,gray,red,baggy,baggy,slim,minimal,0.59,0.83,0.82,0.73,good
O00430,turtleneck,track pants,boots,blue,red,gray,slim,oversized,regular,business,0.66,0.42,0.72,0.61,average
O00431,linen shirt,jeans,sneakers,navy,red,beige,slim,regular,oversized,business,0.5,0.76,0.88,0.69,average
O00432,turtleneck,chinos,boots,blue,red,gray,slim,baggy,oversized,business,0.72,0.84,0.92,0.82,good
O00433,black hoodie,jeans,oxfords,navy,red,white,oversized,oversized,oversized,business,0.72,0.64,0.7,0.69,average
O00434,tank top,cargo pants,boots,navy,brown,red,tailored,slim,slim,business,0.36,0.55,0.66,0.51,bad
O00435,black hoodie,trousers,sandals,green,green,black,baggy,oversized,slim,sport,0.82,0.72,0.58,0.72,average
O00436,black hoodie,jeans,sandals,blue,gray,navy,baggy,tailored,regular,sport,0.67,0.51,0.58,0.59,average
O00437,sweater,track pants,sandals,black,blue,navy,tailored,oversized,tailored,minimal,0.78,0.74,0.71,0.75,good
O00438,polo,trousers,heels,white,green,gray,slim,slim,tailored,business,0.55,0.68,0.73,0.64,average
O00439,black hoodie,chinos,sandals,black,black,blue,baggy,regular,oversized,casual,0.49,0.66,0.62,0.58,average
O00440,sweater,jeans,loafers,gray,beige,green,regular,oversized,oversized,casual,0.74,0.89,0.58,0.74,good
O00441,flannel,chinos,loafers,red,black,gray,regular,slim,slim,minimal,0.48,0.73,0.79,0.65,average
O00442,flannel,jeans,sandals,green,black,white,slim,tailored,regular,sport,0.83,0.88,0.46,0.73,good
O00443,linen shirt,trousers,loafers,gray,white,black,tailored,baggy,slim,minimal,0.75,0.72,0.52,0.67,average
O00444,black hoodie,cargo pants,loafers,navy,navy,brown,slim,baggy,slim,minimal,0.64,0.52,0.46,0.55,bad
O00445,sweater,chinos,boots,red,brown,blue,slim,regular,tailored,business,0.86,0.94,0.66,0.82,good
O00446,flannel,trousers,sandals,gray,beige,green,tailored,regular,slim,streetwear,0.62,0.73,0.61,0.65,average
O00447,black hoodie,chinos,sandals,green,navy,beige,regular,tailored,baggy,sport,0.72,0.84,0.48,0.68,average
O00448,navy blazer,jeans,sneakers,navy,brown,red,slim,regular,regular,business,0.64,0.84,0.7,0.72,average
O00449,denim jacket,shorts,oxfords,gray,green,white,tailored,oversized,oversized,business,0.66,0.66,0.64,0.65,average
O00450,denim jacket,jeans,oxfords,navy,brown,white,slim,regular,baggy,sport,0.48,0.7,0.74,0.62,average
O00451,tank top,skirt,heels,brown,blue,red,baggy,slim,baggy,sport,0.86,0.42,0.76,0.7,average
O00452,denim jacket,cargo pants,sneakers,green,navy,navy,baggy,oversized,regular,streetwear,0.76,0.75,0.59,0.71,average
O00453,flannel,skirt,sneakers,red,gray,brown,oversized,regular,baggy,casual,0.39,0.62,0.64,0.53,bad
O00454,linen shirt,jeans,boots,green,gray,brown,slim,oversized,slim,streetwear,0.56,0.51,0.67,0.58,average
O00455,turtleneck,cargo pants,oxfords,black,blue,white,tailored,baggy,slim,casual,0.68,0.88,0.78,0.77,good
O00456,turtleneck,skirt,oxfords,red,white,white,baggy,oversized,oversized,casual,0.55,0.57,0.94,0.67,average
O00457,graphic tee,skirt,sneakers,blue,gray,white,tailored,slim,baggy,sport,0.37,0.92,0.85,0.68,average
O00458,black hoodie,cargo pants,sneakers,brown,brown,white,tailored,oversized,tailored,casual,0.43,0.58,0.75,0.57,average
O00459,polo,track pants,sandals,brown,brown,blue,tailored,tailored,tailored,sport,0.91,0.51,0.67,0.72,average
O00460,tank top,chinos,boots,black,black,brown,regular,regular,regular,sport,0.85,0.45,0.89,0.74,good
O00461,polo,shorts,oxfords,brown,blue,brown,baggy,slim,slim,minimal,0.56,0.89,0.84,0.74,good
O00462,denim jacket,cargo pants,boots,gray,gray,gray,slim,slim,slim,casual,0.81,0.94,0.87,0.87,good
O00463,flannel,chinos,sandals,green,green,green,regular,oversized,regular,minimal,0.84,0.76,0.5,0.71,average
O00464,flannel,jeans,sandals,black,black,brown,baggy,slim,slim,streetwear,0.73,0.43,0.66,0.62,average
O00465,black hoodie,chinos,sneakers,black,navy,gray,oversized,slim,slim,sport,0.6,0.84,0.64,0.68,average
O00466,graphic tee,skirt,heels,red,brown,navy,oversized,baggy,baggy,casual,0.75,0.79,0.91,0.81,good
O00467,graphic tee,skirt,loafers,red,brown,white,baggy,slim,tailored,casual,0.43,0.49,0.42,0.45,bad
O00468,black hoodie,shorts,sandals,blue,green,black,slim,slim,regular,sport,0.58,0.69,0.92,0.71,average
O00469,black hoodie,track pants,boots,black,beige,black,regular,tailored,oversized,business,0.37,0.76,0.43,0.51,bad
O00470,polo,jeans,heels,red,white,green,oversized,slim,slim,streetwear,0.67,0.64,0.47,0.6,average
O00471,graphic tee,skirt,sneakers,white,white,brown,tailored,baggy,tailored,sport,0.55,0.62,0.67,0.61,average
O00472,flannel,shorts,boots,white,red,gray,slim,tailored,slim,sport,0.83,0.67,0.44,0.67,average
O00473,navy blazer,track pants,oxfords,blue,beige,white,slim,baggy,slim,sport,0.84,0.76,0.77,0.8,good
O00474,navy blazer,track pants,heels,green,brown,green,oversized,regular,oversized,minimal,0.84,0.71,0.47,0.69,average
O00475,turtleneck,shorts,sneakers,blue,brown,white,oversized,tailored,regular,sport,0.39,0.93,0.66,0.63,average
O00476,graphic tee,shorts,oxfords,brown,brown,gray,slim,oversized,regular,business,0.87,0.61,0.67,0.73,good
O00477,black hoodie,track pants,oxfords,green,black,red,slim,slim,regular,business,0.81,0.58,0.78,0.73,good
O00478,black hoodie,trousers,sneakers,navy,blue,black,tailored,tailored,regular,business,0.6,0.53,0.53,0.56,average
O00479,polo,shorts,loafers,red,red,navy,baggy,baggy,regular,minimal,0.76,0.5,0.48,0.6,average
O00480,graphic tee,skirt,sandals,navy,blue,gray,tailored,slim,slim,minimal,0.54,0.94,0.53,0.66,average
O00481,denim jacket,trousers,loafers,navy,gray,black,baggy,slim,baggy,streetwear,0.5,0.7,0.73,0.63,average
O00482,navy blazer,trousers,boots,beige,white,navy,oversized,oversized,oversized,business,0.58,0.46,0.48,0.51,bad
O00483,sweater,track pants,loafers,white,red,gray,regular,regular,tailored,streetwear,0.46,0.69,0.64,0.58,average
O00484,white tee,chinos,heels,beige,brown,beige,regular,slim,oversized,sport,0.44,0.73,0.57,0.57,average
O00485,sweater,chinos,boots,beige,navy,blue,oversized,regular,slim,sport,0.78,0.44,0.86,0.7,average
O00486,polo,chinos,heels,white,black,white,slim,regular,regular,sport,0.72,0.47,0.65,0.62,average
O00487,tank top,trousers,sneakers,red,black,navy,regular,slim,tailored,business,0.56,0.9,0.78,0.73,good
O00488,polo,track pants,heels,black,gray,beige,baggy,oversized,oversized,business,0.63,0.79,0.75,0.71,average
O00489,black hoodie,trousers,sandals,green,beige,beige,tailored,baggy,tailored,business,0.55,0.77,0.54,0.61,average
O00490,white tee,shorts,heels,beige,gray,blue,slim,tailored,slim,sport,0.52,0.57,0.72,0.59,average
O00491,navy blazer,track pants,sandals,black,black,brown,baggy,slim,baggy,business,0.82,0.58,0.44,0.63,average
O00492,white tee,trousers,sandals,white,red,brown,baggy,tailored,tailored,streetwear,0.8,0.7,0.83,0.78,good
O00493,flannel,trousers,sandals,brown,white,red,oversized,tailored,tailored,sport,0.93,0.44,0.43,0.63,average
O00494,graphic tee,trousers,boots,green,brown,blue,tailored,baggy,baggy,streetwear,0.77,0.93,0.47,0.73,good
O00495,graphic tee,chinos,sneakers,red,green,red,slim,regular,oversized,minimal,0.35,0.87,0.57,0.57,average
O00496,graphic tee,cargo pants,sneakers,navy,beige,gray,baggy,slim,tailored,casual,0.72,0.66,0.57,0.66,average
O00497,denim jacket,skirt,loafers,blue,blue,white,oversized,slim,regular,casual,0.32,0.52,0.95,0.57,average
O00498,turtleneck,skirt,sneakers,red,beige,gray,tailored,oversized,oversized,casual,0.4,0.51,0.57,0.48,bad
O00499,linen shirt,shorts,sneakers,gray,gray,green,slim,regular,regular,minimal,0.81,0.57,0.77,0.73,good
O00500,linen shirt,skirt,sneakers,white,brown,beige,baggy,oversized,regular,streetwear,0.54,0.44,0.71,0.56,average
O00501,turtleneck,chinos,oxfords,red,black,white,tailored,regular,oversized,streetwear,0.53,0.63,0.92,0.68,average
O00502,navy blazer,cargo pants,oxfords,blue,white,navy,baggy,oversized,slim,casual,0.87,0.72,0.64,0.76,good
O00503,flannel,track pants,sneakers,gray,brown,black,baggy,regular,baggy,business,0.78,0.51,0.9,0.74,good
O00504,turtleneck,skirt,sandals,white,navy,white,regular,tailored,tailored,streetwear,0.35,0.57,0.41,0.43,bad
O00505,linen shirt,trousers,heels,blue,beige,black,baggy,tailored,oversized,streetwear,0.41,0.57,0.52,0.49,bad
O00506,white tee,jeans,oxfords,black,gray,navy,slim,tailored,tailored,streetwear,0.76,0.42,0.75,0.66,average
O00507,navy blazer,cargo pants,heels,gray,gray,green,baggy,slim,regular,casual,0.39,0.74,0.79,0.61,average
O00508,white tee,track pants,heels,brown,green,navy,regular,baggy,tailored,streetwear,0.31,0.66,0.69,0.53,bad
O00509,polo,jeans,loafers,brown,blue,beige,slim,oversized,baggy,streetwear,0.41,0.88,0.77,0.66,average
O00510,linen shirt,skirt,oxfords,black,blue,blue,slim,regular,regular,sport,0.42,0.86,0.64,0.62,average
O00511,black hoodie,trousers,heels,blue,blue,brown,slim,regular,regular,business,0.8,0.65,0.81,0.76,good
O00512,sweater,jeans,heels,black,white,gray,tailored,tailored,slim,sport,0.65,0.75,0.9,0.76,good
O00513,polo,trousers,oxfords,navy,navy,green,tailored,regular,regular,streetwear,0.76,0.77,0.74,0.76,good
O00514,white tee,chinos,sandals,green,gray,navy,baggy,oversized,slim,sport,0.44,0.43,0.81,0.55,bad
O00515,graphic tee,chinos,heels,navy,white,white,tailored,baggy,oversized,casual,0.65,0.71,0.72,0.69,average
O00516,black hoodie,chinos,heels,gray,white,black,slim,baggy,regular,business,0.64,0.9,0.71,0.74,good
O00517,tank top,chinos,heels,navy,red,gray,oversized,baggy,oversized,streetwear,0.9,0.73,0.92,0.86,good
O00518,white tee,skirt,boots,white,blue,gray,oversized,baggy,tailored,casual,0.7,0.76,0.77,0.74,good
O00519,denim jacket,cargo pants,boots,red,gray,beige,regular,regular,oversized,minimal,0.63,0.51,0.49,0.55,bad
O00520,navy blazer,skirt,loafers,gray,gray,red,baggy,tailored,baggy,casual,0.81,0.52,0.86,0.74,good
O00521,black hoodie,track pants,sneakers,beige,white,gray,oversized,baggy,regular,minimal,0.84,0.81,0.89,0.85,good
O00522,flannel,skirt,loafers,brown,navy,white,tailored,tailored,oversized,minimal,0.89,0.64,0.85,0.8,good
O00523,linen shirt,jeans,loafers,navy,navy,beige,slim,baggy,slim,streetwear,0.58,0.49,0.69,0.59,average
O00524,tank top,trousers,loafers,brown,navy,green,oversized,baggy,slim,casual,0.75,0.67,0.8,0.74,good
O00525,linen shirt,jeans,loafers,black,white,beige,slim,regular,regular,minimal,0.67,0.94,0.92,0.83,good
O00526,flannel,chinos,oxfords,blue,black,gray,oversized,baggy,slim,sport,0.77,0.93,0.63,0.78,good
O00527,polo,track pants,oxfords,navy,white,white,oversized,tailored,tailored,minimal,0.93,0.81,0.52,0.77,good
O00528,black hoodie,shorts,sneakers,black,green,green,oversized,regular,oversized,streetwear,0.81,0.68,0.93,0.81,good
O00529,denim jacket,chinos,sandals,black,white,red,baggy,baggy,slim,sport,0.52,0.62,0.87,0.66,average
O00530,navy blazer,chinos,sandals,beige,blue,green,regular,oversized,regular,casual,0.32,0.84,0.56,0.55,bad
O00531,tank top,shorts,heels,blue,red,beige,slim,tailored,oversized,streetwear,0.79,0.76,0.8,0.78,good
O00532,navy blazer,shorts,sandals,red,brown,beige,tailored,regular,regular,streetwear,0.64,0.43,0.59,0.56,average
O00533,graphic tee,jeans,heels,black,blue,red,regular,slim,slim,sport,0.57,0.52,0.82,0.63,average
O00534,black hoodie,chinos,oxfords,navy,beige,red,regular,oversized,baggy,business,0.82,0.64,0.82,0.77,good
O00535,tank top,jeans,boots,gray,white,brown,oversized,regular,baggy,streetwear,0.86,0.41,0.85,0.72,average
O00536,tank top,chinos,oxfords,black,gray,green,oversized,slim,oversized,casual,0.71,0.41,0.4,0.53,bad
O00537,linen shirt,jeans,oxfords,brown,gray,black,baggy,tailored,baggy,minimal,0.63,0.48,0.74,0.62,average
O00538,flannel,shorts,loafers,blue,navy,beige,baggy,slim,slim,casual,0.34,0.77,0.87,0.63,average
O00539,turtleneck,shorts,sneakers,white,gray,white,regular,oversized,baggy,business,0.33,0.76,0.65,0.55,bad
O00540,white tee,jeans,sneakers,black,red,black,baggy,slim,slim,casual,0.73,0.91,0.75,0.79,good
O00541,linen shirt,chinos,sandals,green,green,gray,slim,regular,regular,sport,0.39,0.81,0.46,0.54,bad
O00542,denim jacket,chinos,heels,navy,gray,red,regular,tailored,regular,streetwear,0.44,0.64,0.91,0.64,average
O00543,polo,trousers,oxfords,green,black,gray,tailored,oversized,slim,business,0.31,0.49,0.76,0.5,bad
O00544,turtleneck,track pants,boots,red,beige,blue,baggy,regular,slim,business,0.52,0.71,0.63,0.61,average
O00545,sweater,jeans,sneakers,beige,gray,gray,tailored,baggy,baggy,sport,0.41,0.88,0.51,0.58,average
O00546,linen shirt,jeans,boots,red,brown,white,oversized,baggy,slim,sport,0.43,0.64,0.75,0.59,average
O00547,linen shirt,shorts,sneakers,white,black,black,baggy,oversized,oversized,minimal,0.79,0.46,0.46,0.59,average
O00548,linen shirt,skirt,loafers,green,red,black,slim,baggy,slim,business,0.56,0.79,0.73,0.68,average
O00549,white tee,cargo pants,oxfords,brown,white,white,regular,slim,slim,business,0.46,0.49,0.56,0.5,bad
O00550,graphic tee,jeans,oxfords,gray,white,gray,slim,tailored,baggy,streetwear,0.62,0.83,0.9,0.77,good
O00551,denim jacket,chinos,boots,black,gray,green,regular,slim,tailored,streetwear,0.77,0.59,0.79,0.72,average
O00552,flannel,chinos,heels,black,navy,brown,tailored,slim,baggy,sport,0.48,0.49,0.87,0.6,average
O00553,linen shirt,skirt,sneakers,gray,navy,gray,slim,baggy,oversized,streetwear,0.39,0.68,0.57,0.53,bad
O00554,navy blazer,jeans,sandals,green,black,red,oversized,regular,baggy,casual,0.88,0.83,0.61,0.78,good
O00555,denim jacket,cargo pants,loafers,black,green,brown,tailored,baggy,oversized,business,0.57,0.93,0.79,0.74,good
O00556,white tee,trousers,sandals,navy,red,blue,regular,baggy,tailored,streetwear,0.68,0.42,0.66,0.6,average
O00557,black hoodie,skirt,sandals,black,black,beige,slim,tailored,oversized,streetwear,0.45,0.43,0.87,0.57,average
O00558,tank top,skirt,oxfords,red,gray,brown,regular,baggy,regular,casual,0.32,0.61,0.47,0.45,bad
O00559,turtleneck,skirt,heels,gray,blue,beige,baggy,regular,regular,sport,0.78,0.77,0.91,0.82,good
O00560,linen shirt,chinos,loafers,blue,black,green,oversized,regular,regular,business,0.39,0.47,0.51,0.45,bad
O00561,turtleneck,cargo pants,oxfords,beige,green,beige,regular,tailored,regular,business,0.79,0.47,0.57,0.63,average
O00562,graphic tee,cargo pants,sandals,brown,green,red,tailored,baggy,regular,business,0.77,0.66,0.51,0.66,average
O00563,white tee,trousers,boots,blue,navy,gray,oversized,tailored,regular,business,0.56,0.74,0.69,0.65,average
O00564,black hoodie,chinos,sandals,beige,black,navy,oversized,tailored,regular,minimal,0.66,0.54,0.67,0.63,average
O00565,black hoodie,trousers,loafers,white,blue,gray,regular,slim,baggy,casual,0.93,0.89,0.78,0.87,good
O00566,polo,skirt,loafers,brown,blue,beige,regular,oversized,tailored,business,0.33,0.42,0.65,0.45,bad
O00567,flannel,shorts,boots,red,navy,black,oversized,slim,regular,streetwear,0.62,0.49,0.74,0.62,average
O00568,black hoodie,jeans,sandals,green,blue,red,regular,regular,slim,streetwear,0.81,0.54,0.86,0.74,good
O00569,graphic tee,chinos,heels,red,green,gray,oversized,oversized,baggy,minimal,0.78,0.51,0.74,0.69,average
O00570,linen shirt,cargo pants,oxfords,white,white,beige,oversized,tailored,tailored,sport,0.84,0.58,0.78,0.74,good
O00571,graphic tee,trousers,loafers,navy,gray,white,baggy,regular,tailored,business,0.43,0.81,0.44,0.55,bad
O00572,sweater,chinos,heels,red,green,white,tailored,regular,regular,casual,0.55,0.4,0.55,0.51,bad
O00573,tank top,shorts,heels,white,gray,brown,baggy,tailored,slim,business,0.84,0.69,0.42,0.67,average
O00574,white tee,trousers,heels,black,brown,brown,baggy,tailored,slim,minimal,0.38,0.53,0.45,0.45,bad
O00575,sweater,shorts,boots,navy,blue,blue,slim,baggy,regular,sport,0.65,0.4,0.55,0.55,bad
O00576,tank top,track pants,boots,brown,brown,green,slim,tailored,regular,streetwear,0.78,0.7,0.73,0.74,good
O00577,linen shirt,chinos,boots,navy,white,gray,baggy,slim,regular,casual,0.45,0.89,0.73,0.67,average
O00578,black hoodie,track pants,heels,red,green,navy,baggy,regular,baggy,minimal,0.5,0.71,0.89,0.68,average
O00579,polo,skirt,boots,red,gray,blue,baggy,slim,slim,casual,0.77,0.63,0.71,0.71,average
O00580,denim jacket,cargo pants,sneakers,navy,gray,black,oversized,tailored,slim,sport,0.68,0.75,0.91,0.77,good
O00581,linen shirt,trousers,heels,beige,white,green,slim,baggy,regular,business,0.83,0.48,0.95,0.76,good
O00582,flannel,track pants,sandals,white,green,blue,oversized,slim,tailored,casual,0.92,0.87,0.41,0.75,good
O00583,sweater,track pants,oxfords,red,green,brown,oversized,baggy,regular,minimal,0.32,0.57,0.71,0.51,bad
O00584,flannel,track pants,heels,black,gray,brown,tailored,slim,regular,sport,0.6,0.54,0.52,0.56,average
O00585,graphic tee,shorts,sandals,navy,white,red,oversized,tailored,oversized,minimal,0.58,0.67,0.73,0.65,average
O00586,linen shirt,skirt,boots,gray,blue,gray,baggy,regular,regular,business,0.74,0.41,0.89,0.69,average
O00587,graphic tee,chinos,boots,beige,gray,navy,slim,regular,regular,casual,0.62,0.64,0.49,0.59,average
O00588,sweater,chinos,sandals,white,blue,white,baggy,baggy,baggy,streetwear,0.92,0.73,0.48,0.73,good
O00589,polo,jeans,sandals,black,beige,beige,regular,regular,tailored,sport,0.71,0.78,0.51,0.67,average
O00590,flannel,skirt,loafers,beige,gray,blue,oversized,slim,baggy,casual,0.57,0.67,0.93,0.71,average
O00591,polo,shorts,sneakers,white,green,brown,baggy,baggy,regular,business,0.6,0.56,0.66,0.61,average
O00592,navy blazer,skirt,sneakers,gray,blue,green,oversized,slim,slim,streetwear,0.4,0.66,0.52,0.51,bad
O00593,linen shirt,track pants,oxfords,navy,blue,navy,baggy,tailored,oversized,casual,0.6,0.45,0.75,0.6,average
O00594,turtleneck,track pants,sneakers,red,brown,blue,tailored,regular,baggy,sport,0.89,0.91,0.42,0.76,good
O00595,tank top,track pants,loafers,navy,blue,red,regular,oversized,oversized,minimal,0.31,0.85,0.92,0.66,average
O00596,flannel,jeans,sneakers,white,gray,brown,slim,oversized,baggy,streetwear,0.89,0.53,0.91,0.79,good
O00597,graphic tee,shorts,sneakers,black,beige,brown,regular,slim,slim,streetwear,0.51,0.68,0.63,0.6,average
O00598,navy blazer,cargo pants,sneakers,black,green,black,regular,baggy,slim,business,0.81,0.68,0.87,0.79,good
O00599,denim jacket,shorts,heels,white,navy,gray,oversized,oversized,baggy,minimal,0.44,0.61,0.59,0.54,bad
O00600,tank top,track pants,sandals,black,red,blue,baggy,oversized,tailored,streetwear,0.69,0.53,0.62,0.62,average
O00601,sweater,chinos,oxfords,green,navy,blue,tailored,slim,oversized,sport,0.32,0.73,0.48,0.49,bad
O00602,flannel,jeans,boots,beige,white,green,tailored,oversized,slim,sport,0.75,0.9,0.48,0.71,average
O00603,tank top,jeans,loafers,red,gray,blue,baggy,slim,slim,streetwear,0.91,0.64,0.78,0.79,good
O00604,white tee,skirt,heels,gray,beige,green,baggy,slim,oversized,minimal,0.74,0.55,0.43,0.59,average
O00605,black hoodie,shorts,heels,green,white,navy,regular,regular,slim,streetwear,0.89,0.4,0.9,0.75,good
O00606,tank top,trousers,boots,beige,gray,gray,tailored,baggy,oversized,streetwear,0.49,0.81,0.65,0.63,average
O00607,black hoodie,chinos,sneakers,navy,beige,brown,regular,slim,regular,minimal,0.4,0.43,0.73,0.51,bad
O00608,graphic tee,shorts,oxfords,white,red,blue,slim,tailored,regular,sport,0.83,0.55,0.5,0.65,average
O00609,turtleneck,skirt,boots,black,gray,green,oversized,baggy,tailored,minimal,0.44,0.89,0.49,0.59,average
O00610,flannel,chinos,sneakers,brown,black,green,tailored,tailored,regular,minimal,0.4,0.43,0.62,0.48,bad
O00611,linen shirt,track pants,heels,gray,gray,beige,regular,regular,regular,sport,0.52,0.42,0.57,0.51,bad
O00612,sweater,shorts,boots,beige,gray,blue,baggy,tailored,regular,business,0.38,0.91,0.41,0.55,bad
O00613,denim jacket,track pants,sneakers,blue,brown,white,oversized,tailored,oversized,streetwear,0.34,0.91,0.81,0.65,average
O00614,black hoodie,chinos,sandals,brown,blue,red,baggy,oversized,regular,sport,0.89,0.77,0.63,0.78,good
O00615,tank top,cargo pants,sandals,blue,black,black,regular,regular,oversized,minimal,0.66,0.41,0.69,0.59,average
O00616,denim jacket,trousers,sandals,gray,gray,brown,regular,tailored,regular,minimal,0.61,0.81,0.5,0.64,average
O00617,navy blazer,chinos,boots,white,green,white,slim,baggy,oversized,streetwear,0.61,0.65,0.45,0.57,average
O00618,polo,jeans,boots,white,brown,green,slim,tailored,tailored,sport,0.35,0.78,0.62,0.56,average
O00619,denim jacket,skirt,oxfords,black,brown,navy,tailored,baggy,baggy,sport,0.57,0.67,0.8,0.67,average
O00620,black hoodie,jeans,loafers,beige,red,blue,tailored,tailored,slim,sport,0.75,0.46,0.91,0.71,average
O00621,graphic tee,track pants,boots,green,beige,black,oversized,oversized,baggy,sport,0.93,0.89,0.72,0.85,good
O00622,denim jacket,shorts,oxfords,green,navy,navy,tailored,baggy,oversized,casual,0.81,0.77,0.67,0.76,good
O00623,navy blazer,chinos,sandals,brown,gray,white,baggy,tailored,oversized,business,0.6,0.76,0.63,0.66,average
O00624,white tee,chinos,heels,black,brown,blue,tailored,tailored,oversized,streetwear,0.83,0.72,0.86,0.81,good
O00625,navy blazer,trousers,loafers,beige,black,beige,tailored,oversized,slim,streetwear,0.52,0.89,0.55,0.64,average
O00626,white tee,chinos,loafers,brown,white,white,oversized,tailored,baggy,business,0.47,0.52,0.46,0.48,bad
O00627,denim jacket,trousers,sandals,white,green,black,tailored,baggy,oversized,casual,0.56,0.86,0.73,0.7,average
O00628,tank top,shorts,oxfords,white,gray,brown,baggy,tailored,regular,casual,0.45,0.64,0.78,0.61,average
O00629,polo,track pants,heels,green,black,white,slim,baggy,oversized,minimal,0.8,0.72,0.61,0.72,average
O00630,sweater,track pants,loafers,red,gray,gray,oversized,baggy,baggy,streetwear,0.94,0.69,0.53,0.74,good
O00631,turtleneck,skirt,oxfords,green,white,red,baggy,baggy,tailored,casual,0.58,0.61,0.57,0.59,average
O00632,polo,track pants,sneakers,black,white,blue,tailored,oversized,oversized,minimal,0.59,0.91,0.85,0.76,good
O00633,graphic tee,skirt,heels,gray,red,white,oversized,baggy,regular,streetwear,0.47,0.91,0.77,0.69,average
O00634,black hoodie,trousers,heels,gray,navy,white,oversized,slim,baggy,sport,0.34,0.76,0.55,0.53,bad
O00635,denim jacket,jeans,heels,green,brown,white,baggy,regular,oversized,casual,0.84,0.71,0.51,0.7,average
O00636,black hoodie,chinos,loafers,white,blue,red,oversized,oversized,tailored,casual,0.66,0.48,0.86,0.67,average
O00637,polo,chinos,oxfords,brown,black,blue,tailored,baggy,tailored,business,0.84,0.54,0.55,0.66,average
O00638,flannel,jeans,heels,black,brown,blue,tailored,slim,tailored,minimal,0.44,0.5,0.92,0.6,average
O00639,graphic tee,chinos,heels,navy,green,gray,slim,regular,regular,sport,0.53,0.77,0.41,0.57,average
O00640,navy blazer,skirt,sneakers,gray,green,brown,oversized,tailored,baggy,sport,0.41,0.94,0.8,0.69,average
O00641,denim jacket,trousers,sneakers,red,brown,white,tailored,oversized,tailored,casual,0.6,0.43,0.95,0.65,average
O00642,navy blazer,skirt,sandals,black,blue,brown,regular,baggy,regular,business,0.79,0.87,0.92,0.85,good
O00643,black hoodie,jeans,loafers,white,brown,green,tailored,regular,regular,business,0.54,0.91,0.53,0.65,average
O00644,flannel,chinos,heels,gray,green,brown,regular,slim,tailored,sport,0.61,0.61,0.66,0.62,average
O00645,polo,jeans,sneakers,green,white,navy,baggy,slim,regular,casual,0.89,0.72,0.82,0.82,good
O00646,turtleneck,skirt,boots,gray,black,green,regular,slim,oversized,business,0.32,0.41,0.67,0.45,bad
O00647,tank top,track pants,heels,green,red,beige,tailored,oversized,oversized,minimal,0.46,0.73,0.59,0.58,average
O00648,black hoodie,track pants,boots,brown,navy,gray,baggy,slim,regular,business,0.5,0.85,0.45,0.59,average
O00649,white tee,skirt,loafers,black,green,blue,regular,baggy,slim,sport,0.75,0.73,0.62,0.71,average
O00650,white tee,jeans,sneakers,red,gray,beige,tailored,slim,tailored,sport,0.66,0.6,0.88,0.71,average
O00651,linen shirt,chinos,sneakers,navy,navy,gray,regular,slim,oversized,sport,0.75,0.5,0.6,0.63,average
O00652,tank top,chinos,heels,gray,white,beige,tailored,tailored,baggy,casual,0.72,0.6,0.49,0.61,average
O00653,tank top,cargo pants,loafers,red,green,navy,regular,regular,regular,streetwear,0.43,0.53,0.91,0.6,average
O00654,polo,track pants,oxfords,gray,blue,black,baggy,oversized,tailored,minimal,0.56,0.7,0.5,0.58,average
O00655,graphic tee,cargo pants,sneakers,blue,beige,white,baggy,regular,regular,minimal,0.53,0.91,0.87,0.75,good
O00656,denim jacket,track pants,loafers,beige,brown,gray,regular,tailored,baggy,sport,0.35,0.92,0.7,0.63,average
O00657,tank top,cargo pants,sandals,blue,brown,green,regular,regular,slim,sport,0.65,0.94,0.75,0.77,good
O00658,graphic tee,cargo pants,heels,gray,green,red,baggy,tailored,oversized,streetwear,0.33,0.4,0.46,0.39,bad
O00659,turtleneck,chinos,boots,green,brown,white,tailored,tailored,slim,minimal,0.58,0.53,0.82,0.64,average
O00660,black hoodie,skirt,heels,green,navy,black,regular,regular,oversized,streetwear,0.41,0.83,0.8,0.65,average
O00661,black hoodie,track pants,sneakers,navy,black,brown,oversized,tailored,regular,casual,0.87,0.43,0.62,0.66,average
O00662,black hoodie,chinos,sneakers,black,black,brown,regular,oversized,slim,business,0.33,0.52,0.4,0.41,bad
O00663,white tee,cargo pants,boots,white,blue,gray,oversized,regular,oversized,business,0.77,0.64,0.64,0.69,average
O00664,sweater,trousers,oxfords,red,gray,blue,oversized,baggy,tailored,sport,0.56,0.75,0.62,0.64,average
O00665,polo,jeans,oxfords,green,black,black,oversized,slim,regular,business,0.81,0.56,0.82,0.74,good
O00666,turtleneck,jeans,sandals,blue,red,blue,baggy,tailored,tailored,streetwear,0.86,0.41,0.84,0.72,average
O00667,sweater,trousers,sandals,brown,white,white,oversized,slim,regular,minimal,0.74,0.84,0.64,0.74,good
O00668,denim jacket,track pants,sandals,brown,brown,white,regular,tailored,regular,streetwear,0.82,0.49,0.95,0.76,good
O00669,flannel,chinos,oxfords,beige,white,gray,tailored,tailored,oversized,business,0.91,0.79,0.7,0.81,good
O00670,tank top,skirt,loafers,white,brown,white,oversized,regular,slim,casual,0.33,0.58,0.47,0.45,bad
O00671,black hoodie,chinos,oxfords,blue,brown,green,slim,oversized,oversized,streetwear,0.65,0.6,0.5,0.59,average
O00672,linen shirt,trousers,heels,blue,black,navy,tailored,regular,baggy,sport,0.83,0.83,0.71,0.79,good
O00673,black hoodie,cargo pants,oxfords,gray,navy,gray,oversized,oversized,baggy,minimal,0.81,0.52,0.4,0.6,average
O00674,tank top,trousers,oxfords,beige,black,gray,tailored,tailored,slim,casual,0.73,0.51,0.48,0.59,average
O00675,polo,trousers,sandals,brown,gray,white,baggy,slim,tailored,minimal,0.46,0.89,0.53,0.61,average
O00676,tank top,track pants,loafers,black,navy,red,tailored,oversized,oversized,streetwear,0.5,0.85,0.43,0.58,average
O00677,white tee,trousers,heels,beige,red,black,oversized,slim,tailored,sport,0.38,0.73,0.45,0.51,bad
O00678,black hoodie,cargo pants,sneakers,red,brown,blue,slim,baggy,regular,sport,0.69,0.7,0.88,0.75,good
O00679,black hoodie,trousers,sandals,gray,gray,red,oversized,baggy,baggy,minimal,0.65,0.44,0.68,0.6,average
O00680,tank top,shorts,sandals,red,black,white,tailored,baggy,tailored,minimal,0.74,0.62,0.47,0.62,average
O00681,black hoodie,jeans,boots,navy,green,gray,oversized,tailored,baggy,business,0.5,0.74,0.76,0.65,average
O00682,denim jacket,cargo pants,heels,black,beige,green,slim,slim,baggy,business,0.87,0.82,0.94,0.88,good
O00683,white tee,chinos,sneakers,white,brown,gray,tailored,baggy,baggy,casual,0.82,0.69,0.74,0.76,good
O00684,denim jacket,trousers,sneakers,black,beige,red,slim,baggy,oversized,casual,0.48,0.9,0.66,0.66,average
O00685,black hoodie,trousers,sneakers,brown,navy,blue,slim,regular,baggy,minimal,0.6,0.92,0.43,0.65,average
O00686,turtleneck,chinos,loafers,white,brown,brown,tailored,regular,regular,casual,0.81,0.8,0.83,0.81,good
O00687,sweater,jeans,sandals,red,navy,white,slim,regular,oversized,business,0.5,0.87,0.42,0.59,average
O00688,turtleneck,jeans,sneakers,red,red,blue,regular,baggy,baggy,casual,0.67,0.49,0.89,0.68,average
O00689,navy blazer,shorts,boots,green,beige,gray,tailored,tailored,slim,minimal,0.92,0.57,0.49,0.69,average
O00690,graphic tee,shorts,sneakers,beige,black,gray,regular,slim,baggy,business,0.33,0.94,0.86,0.67,average
O00691,graphic tee,trousers,sneakers,navy,beige,navy,baggy,oversized,slim,sport,0.9,0.72,0.43,0.71,average
O00692,black hoodie,skirt,oxfords,red,beige,green,oversized,regular,baggy,streetwear,0.33,0.72,0.55,0.51,bad
O00693,denim jacket,cargo pants,sandals,navy,red,green,slim,tailored,regular,streetwear,0.81,0.83,0.61,0.76,good
O00694,polo,track pants,heels,navy,white,gray,slim,oversized,slim,streetwear,0.4,0.61,0.84,0.59,average
O00695,graphic tee,track pants,sneakers,brown,green,blue,tailored,tailored,tailored,business,0.77,0.6,0.98,0.78,good
O00696,linen shirt,skirt,oxfords,white,green,navy,oversized,regular,baggy,business,0.43,0.85,0.66,0.62,average
O00697,sweater,cargo pants,loafers,black,red,black,tailored,baggy,slim,casual,0.34,0.56,0.74,0.53,bad
O00698,graphic tee,cargo pants,boots,beige,brown,blue,oversized,oversized,baggy,business,0.75,0.54,0.65,0.66,average
O00699,linen shirt,chinos,boots,red,gray,blue,regular,tailored,baggy,minimal,0.71,0.78,0.53,0.68,average
O00700,white tee,skirt,boots,red,black,black,oversized,tailored,regular,streetwear,0.68,0.67,0.42,0.6,average
O00701,denim jacket,shorts,sandals,black,gray,beige,slim,tailored,oversized,sport,0.88,0.41,0.42,0.6,average
O00702,graphic tee,shorts,sandals,green,red,black,oversized,baggy,oversized,business,0.37,0.46,0.8,0.53,bad
O00703,turtleneck,track pants,sandals,blue,gray,black,slim,tailored,regular,business,0.67,0.69,0.59,0.65,average
O00704,black hoodie,track pants,oxfords,navy,navy,green,slim,baggy,baggy,business,0.71,0.43,0.8,0.65,average
O00705,linen shirt,cargo pants,oxfords,beige,red,brown,slim,oversized,baggy,minimal,0.7,0.54,0.58,0.62,average
O00706,linen shirt,chinos,oxfords,green,black,beige,slim,oversized,oversized,minimal,0.44,0.61,0.65,0.55,bad
O00707,navy blazer,track pants,heels,red,red,beige,oversized,oversized,baggy,business,0.34,0.89,0.51,0.56,average
O00708,navy blazer,trousers,heels,white,brown,green,slim,oversized,baggy,minimal,0.53,0.9,0.59,0.66,average
O00709,polo,track pants,oxfords,blue,navy,green,slim,tailored,regular,streetwear,0.56,0.74,0.79,0.68,average
O00710,polo,cargo pants,sandals,beige,black,gray,oversized,oversized,slim,minimal,0.78,0.56,0.8,0.72,average
O00711,polo,shorts,heels,black,navy,beige,baggy,oversized,slim,minimal,0.49,0.86,0.5,0.6,average
O00712,tank top,trousers,sandals,navy,beige,blue,regular,tailored,oversized,minimal,0.47,0.82,0.69,0.64,average
O00713,flannel,skirt,heels,beige,white,black,oversized,oversized,slim,sport,0.53,0.82,0.69,0.66,average
O00714,graphic tee,trousers,heels,gray,navy,black,tailored,baggy,slim,streetwear,0.68,0.62,0.59,0.64,average
O00715,denim jacket,trousers,sandals,white,green,brown,tailored,oversized,slim,casual,0.84,0.88,0.46,0.74,good
O00716,tank top,cargo pants,sneakers,green,brown,navy,slim,oversized,oversized,minimal,0.39,0.78,0.83,0.64,average
O00717,navy blazer,track pants,sneakers,green,red,beige,baggy,baggy,oversized,minimal,0.75,0.7,0.9,0.78,good
O00718,black hoodie,chinos,boots,gray,gray,green,slim,slim,tailored,minimal,0.45,0.46,0.77,0.55,bad
O00719,linen shirt,chinos,heels,black,white,black,baggy,oversized,baggy,streetwear,0.33,0.42,0.67,0.46,bad
O00720,linen shirt,trousers,sneakers,white,white,green,slim,oversized,baggy,streetwear,0.42,0.57,0.56,0.51,bad
O00721,tank top,jeans,loafers,red,blue,navy,baggy,slim,baggy,minimal,0.78,0.67,0.8,0.75,good
O00722,denim jacket,track pants,heels,blue,gray,black,regular,slim,regular,streetwear,0.58,0.6,0.5,0.56,average
O00723,tank top,skirt,sandals,green,gray,white,regular,slim,regular,minimal,0.69,0.63,0.75,0.69,average
O00724,sweater,shorts,sandals,blue,red,blue,slim,regular,baggy,minimal,0.63,0.51,0.51,0.56,average
O00725,graphic tee,skirt,loafers,black,brown,black,regular,regular,oversized,sport,0.3,0.58,0.93,0.57,average
O00726,denim jacket,chinos,sneakers,blue,brown,green,baggy,tailored,baggy,sport,0.57,0.46,0.78,0.6,average
O00727,denim jacket,trousers,sandals,navy,black,black,tailored,regular,regular,streetwear,0.85,0.91,0.43,0.74,good
O00728,flannel,cargo pants,oxfords,blue,green,blue,slim,regular,oversized,minimal,0.68,0.51,0.6,0.6,average
O00729,white tee,chinos,oxfords,blue,gray,brown,tailored,slim,tailored,sport,0.74,0.63,0.66,0.68,average
O00730,sweater,cargo pants,heels,navy,blue,red,oversized,regular,baggy,streetwear,0.86,0.42,0.7,0.68,average
O00731,denim jacket,jeans,loafers,blue,red,beige,oversized,baggy,tailored,sport,0.92,0.46,0.92,0.78,good
O00732,sweater,skirt,sneakers,red,brown,beige,baggy,tailored,regular,sport,0.44,0.78,0.54,0.57,average
O00733,linen shirt,track pants,oxfords,navy,green,blue,oversized,regular,oversized,streetwear,0.41,0.89,0.52,0.59,average
O00734,navy blazer,skirt,heels,brown,navy,green,slim,oversized,tailored,minimal,0.93,0.56,0.88,0.8,good
O00735,graphic tee,cargo pants,heels,green,beige,gray,tailored,tailored,slim,streetwear,0.36,0.57,0.55,0.48,bad
O00736,turtleneck,jeans,heels,green,red,green,oversized,regular,regular,casual,0.55,0.7,0.68,0.63,average
O00737,tank top,track pants,sandals,green,brown,red,regular,oversized,slim,business,0.83,0.91,0.41,0.73,good
O00738,flannel,cargo pants,boots,green,brown,black,slim,regular,oversized,business,0.71,0.48,0.7,0.64,average
O00739,linen shirt,track pants,sneakers,brown,green,white,regular,oversized,slim,minimal,0.9,0.58,0.44,0.67,average
O00740,denim jacket,trousers,heels,brown,navy,red,slim,regular,slim,minimal,0.51,0.59,0.71,0.59,average
O00741,white tee,track pants,sandals,beige,brown,red,regular,oversized,baggy,minimal,0.82,0.53,0.63,0.68,average
O00742,tank top,chinos,boots,green,white,white,slim,regular,slim,minimal,0.8,0.5,0.57,0.64,average
O00743,graphic tee,skirt,boots,red,black,navy,regular,oversized,slim,business,0.77,0.45,0.73,0.66,average
O00744,navy blazer,skirt,loafers,brown,gray,black,baggy,regular,tailored,streetwear,0.7,0.91,0.55,0.72,average
O00745,flannel,track pants,oxfords,gray,red,white,regular,oversized,baggy,minimal,0.9,0.49,0.63,0.7,average
O00746,black hoodie,trousers,loafers,brown,beige,navy,regular,slim,oversized,streetwear,0.66,0.5,0.5,0.56,average
O00747,tank top,chinos,sneakers,blue,beige,brown,oversized,regular,oversized,minimal,0.58,0.9,0.73,0.72,average
O00748,denim jacket,cargo pants,oxfords,red,navy,navy,slim,tailored,baggy,sport,0.76,0.52,0.91,0.73,good
O00749,tank top,cargo pants,sandals,brown,red,blue,tailored,slim,baggy,streetwear,0.84,0.68,0.46,0.68,average
O00750,sweater,skirt,boots,beige,beige,blue,tailored,oversized,regular,sport,0.83,0.83,0.94,0.86,good
O00751,linen shirt,trousers,loafers,gray,navy,gray,baggy,regular,baggy,streetwear,0.77,0.52,0.8,0.7,average
O00752,tank top,trousers,heels,blue,blue,red,tailored,baggy,slim,minimal,0.35,0.78,0.45,0.51,bad
O00753,black hoodie,jeans,sneakers,brown,blue,green,oversized,baggy,regular,minimal,0.38,0.42,0.84,0.53,bad
O00754,graphic tee,track pants,boots,navy,red,red,baggy,slim,baggy,casual,0.71,0.8,0.59,0.7,average
O00755,polo,cargo pants,loafers,gray,green,beige,tailored,baggy,baggy,casual,0.61,0.83,0.8,0.73,good
O00756,polo,cargo pants,sneakers,blue,beige,brown,oversized,baggy,oversized,business,0.84,0.74,0.89,0.83,good
O00757,sweater,trousers,heels,brown,red,white,tailored,oversized,baggy,minimal,0.31,0.55,0.92,0.57,average
O00758,tank top,chinos,boots,navy,red,white,oversized,baggy,baggy,minimal,0.88,0.88,0.82,0.86,good
O00759,flannel,chinos,sneakers,navy,red,brown,oversized,tailored,regular,streetwear,0.47,0.68,0.76,0.62,average
O00760,linen shirt,track pants,boots,black,blue,black,regular,regular,oversized,business,0.46,0.91,0.75,0.68,average
O00761,white tee,skirt,heels,black,gray,navy,tailored,oversized,oversized,casual,0.69,0.72,0.4,0.61,average
O00762,black hoodie,chinos,heels,beige,navy,navy,tailored,regular,regular,streetwear,0.34,0.57,0.61,0.49,bad
O00763,sweater,skirt,heels,brown,blue,white,oversized,regular,slim,business,0.49,0.78,0.51,0.58,average
O00764,white tee,track pants,sneakers,navy,brown,brown,tailored,slim,slim,casual,0.36,0.62,0.85,0.58,average
O00765,sweater,skirt,oxfords,brown,brown,green,slim,oversized,tailored,streetwear,0.53,0.53,0.71,0.58,average
O00766,navy blazer,shorts,sneakers,green,beige,navy,tailored,slim,regular,streetwear,0.48,0.81,0.42,0.56,average
O00767,white tee,shorts,boots,green,black,green,oversized,tailored,baggy,minimal,0.71,0.72,0.9,0.77,good
O00768,sweater,cargo pants,sandals,brown,red,blue,oversized,oversized,regular,business,0.81,0.93,0.84,0.86,good
O00769,navy blazer,jeans,sandals,blue,beige,white,regular,oversized,tailored,streetwear,0.31,0.9,0.81,0.64,average
O00770,black hoodie,skirt,boots,beige,red,gray,tailored,tailored,oversized,business,0.61,0.71,0.83,0.71,average
O00771,flannel,skirt,sneakers,brown,navy,white,oversized,baggy,oversized,streetwear,0.53,0.45,0.53,0.51,bad
O00772,tank top,shorts,loafers,beige,red,brown,tailored,regular,baggy,sport,0.54,0.83,0.75,0.69,average
O00773,polo,skirt,sneakers,black,gray,brown,oversized,baggy,slim,business,0.72,0.42,0.66,0.61,average
O00774,denim jacket,skirt,loafers,navy,navy,white,slim,tailored,regular,business,0.43,0.47,0.61,0.5,bad
O00775,navy blazer,trousers,heels,navy,green,black,regular,slim,slim,casual,0.89,0.88,0.58,0.79,good
O00776,white tee,jeans,oxfords,brown,red,black,tailored,oversized,baggy,casual,0.51,0.62,0.8,0.63,average
O00777,sweater,trousers,boots,brown,brown,blue,tailored,regular,slim,sport,0.63,0.83,0.9,0.77,good
O00778,tank top,skirt,oxfords,white,white,green,regular,tailored,baggy,sport,0.7,0.41,0.8,0.64,average
O00779,turtleneck,track pants,loafers,brown,brown,navy,oversized,oversized,oversized,business,0.75,0.44,0.59,0.61,average
O00780,black hoodie,trousers,loafers,white,black,beige,regular,baggy,oversized,sport,0.55,0.49,0.72,0.58,average
O00781,navy blazer,trousers,boots,white,blue,black,oversized,tailored,baggy,sport,0.49,0.64,0.47,0.53,bad
O00782,polo,shorts,heels,green,green,brown,baggy,baggy,baggy,minimal,0.59,0.52,0.89,0.66,average
O00783,sweater,jeans,sandals,blue,navy,white,tailored,regular,baggy,business,0.87,0.61,0.62,0.72,average
O00784,tank top,shorts,loafers,gray,blue,navy,tailored,oversized,regular,sport,0.79,0.76,0.48,0.69,average
O00785,flannel,track pants,heels,brown,red,brown,tailored,oversized,baggy,sport,0.34,0.89,0.4,0.52,bad
O00786,flannel,trousers,sneakers,white,gray,brown,oversized,regular,regular,streetwear,0.36,0.81,0.75,0.61,average
O00787,polo,track pants,sandals,green,black,green,oversized,regular,regular,business,0.78,0.93,0.75,0.82,good
O00788,flannel,skirt,loafers,beige,black,navy,oversized,slim,slim,sport,0.61,0.64,0.79,0.67,average
O00789,graphic tee,chinos,sneakers,beige,beige,beige,oversized,baggy,slim,minimal,0.43,0.99,0.49,0.62,average
O00790,linen shirt,shorts,oxfords,green,gray,white,regular,oversized,oversized,business,0.87,0.54,0.74,0.73,good
O00791,denim jacket,trousers,oxfords,red,red,black,tailored,tailored,baggy,streetwear,0.52,0.69,0.76,0.64,average
O00792,denim jacket,cargo pants,sneakers,white,blue,beige,tailored,oversized,oversized,business,0.46,0.58,0.7,0.57,average
O00793,polo,trousers,sneakers,gray,black,green,baggy,regular,baggy,minimal,0.61,0.7,0.6,0.63,average
O00794,graphic tee,trousers,sandals,blue,beige,gray,oversized,oversized,regular,business,0.51,0.83,0.78,0.69,average
O00795,polo,shorts,sneakers,red,green,red,slim,baggy,baggy,casual,0.93,0.85,0.44,0.76,good
O00796,navy blazer,shorts,sandals,gray,gray,white,oversized,oversized,oversized,casual,0.49,0.86,0.55,0.62,average
O00797,denim jacket,cargo pants,loafers,green,blue,green,tailored,baggy,tailored,streetwear,0.47,0.51,0.5,0.49,bad
O00798,sweater,cargo pants,oxfords,black,brown,red,regular,baggy,regular,business,0.35,0.65,0.67,0.54,bad
O00799,white tee,jeans,sneakers,gray,beige,gray,slim,tailored,baggy,streetwear,0.81,0.6,0.87,0.77,good
O00800,turtleneck,jeans,oxfords,red,blue,white,regular,tailored,regular,streetwear,0.78,0.56,0.56,0.65,average
O00801,flannel,cargo pants,sandals,gray,green,gray,baggy,oversized,tailored,casual,0.64,0.46,0.65,0.59,average
O00802,sweater,trousers,oxfords,green,black,beige,slim,oversized,oversized,sport,0.36,0.64,0.73,0.55,bad
O00803,black hoodie,skirt,heels,blue,brown,navy,oversized,regular,slim,minimal,0.31,0.95,0.6,0.59,average
O00804,sweater,chinos,oxfords,brown,navy,white,tailored,baggy,oversized,streetwear,0.66,0.57,0.53,0.59,average
O00805,navy blazer,skirt,sneakers,white,blue,blue,tailored,oversized,oversized,sport,0.31,0.53,0.45,0.42,bad
O00806,tank top,skirt,loafers,navy,beige,brown,slim,slim,oversized,casual,0.86,0.68,0.4,0.67,average
O00807,polo,trousers,sandals,red,gray,blue,slim,tailored,tailored,minimal,0.89,0.63,0.89,0.81,good
O00808,linen shirt,chinos,sandals,navy,blue,black,slim,oversized,regular,business,0.51,0.94,0.43,0.61,average
O00809,turtleneck,cargo pants,loafers,gray,red,gray,oversized,baggy,oversized,sport,0.39,0.52,0.87,0.57,average
O00810,flannel,cargo pants,sandals,green,black,blue,oversized,oversized,slim,casual,0.7,0.89,0.62,0.73,good
O00811,denim jacket,chinos,loafers,beige,gray,navy,regular,baggy,regular,casual,0.77,0.88,0.49,0.72,average
O00812,polo,shorts,sandals,beige,red,blue,oversized,regular,slim,streetwear,0.34,0.68,0.91,0.61,average
O00813,tank top,shorts,heels,red,beige,white,slim,tailored,tailored,minimal,0.73,0.76,0.79,0.76,good
O00814,black hoodie,chinos,loafers,white,brown,gray,slim,oversized,tailored,minimal,0.94,0.4,0.72,0.71,average
O00815,graphic tee,jeans,loafers,beige,blue,blue,baggy,tailored,baggy,sport,0.72,0.65,0.48,0.63,average
O00816,navy blazer,trousers,heels,beige,black,brown,tailored,oversized,tailored,business,0.78,0.9,0.46,0.72,average
O00817,turtleneck,track pants,heels,blue,navy,navy,tailored,oversized,baggy,sport,0.77,0.41,0.54,0.59,average
O00818,flannel,cargo pants,oxfords,brown,gray,white,regular,slim,tailored,sport,0.36,0.94,0.7,0.64,average
O00819,sweater,skirt,boots,green,blue,white,oversized,slim,regular,business,0.91,0.47,0.46,0.64,average
O00820,denim jacket,trousers,sneakers,brown,red,black,oversized,baggy,tailored,minimal,0.37,0.69,0.59,0.53,bad
O00821,denim jacket,shorts,heels,blue,black,black,oversized,baggy,baggy,business,0.66,0.58,0.43,0.57,average
O00822,black hoodie,jeans,loafers,green,red,black,baggy,regular,tailored,streetwear,0.83,0.84,0.86,0.84,good
O00823,navy blazer,track pants,sandals,red,red,blue,tailored,slim,tailored,business,0.92,0.89,0.44,0.77,good
O00824,turtleneck,track pants,boots,gray,green,green,oversized,tailored,oversized,business,0.9,0.88,0.86,0.88,good
O00825,white tee,trousers,boots,white,green,brown,tailored,baggy,oversized,streetwear,0.88,0.68,0.94,0.84,good
O00826,polo,skirt,oxfords,brown,beige,brown,oversized,tailored,regular,minimal,0.75,0.75,0.86,0.78,good
O00827,tank top,jeans,sneakers,gray,black,brown,oversized,baggy,slim,sport,0.7,0.6,0.87,0.72,average
O00828,black hoodie,shorts,sandals,red,white,brown,oversized,regular,regular,casual,0.45,0.89,0.65,0.64,average
O00829,flannel,shorts,boots,green,black,red,oversized,baggy,baggy,business,0.42,0.74,0.42,0.52,bad
O00830,denim jacket,track pants,sneakers,gray,black,blue,oversized,baggy,baggy,casual,0.91,0.51,0.5,0.67,average
O00831,sweater,track pants,loafers,brown,brown,beige,baggy,tailored,oversized,casual,0.87,0.65,0.75,0.77,good
O00832,denim jacket,jeans,sneakers,gray,blue,black,slim,tailored,baggy,minimal,0.89,0.56,0.51,0.68,average
O00833,graphic tee,cargo pants,heels,beige,black,navy,tailored,slim,tailored,casual,0.91,0.66,0.61,0.75,good
O00834,white tee,chinos,boots,white,black,red,regular,tailored,tailored,minimal,0.46,0.86,0.81,0.69,average
O00835,white tee,skirt,heels,blue,green,blue,tailored,oversized,tailored,streetwear,0.92,0.8,0.89,0.88,good
O00836,linen shirt,shorts,oxfords,beige,red,green,regular,slim,baggy,business,0.89,0.6,0.89,0.8,good
O00837,graphic tee,shorts,sandals,red,brown,white,oversized,slim,baggy,streetwear,0.38,0.93,0.73,0.65,average
O00838,black hoodie,trousers,boots,green,red,green,baggy,oversized,slim,streetwear,0.44,0.71,0.52,0.55,bad
O00839,black hoodie,shorts,sneakers,white,black,beige,oversized,tailored,baggy,minimal,0.79,0.59,0.87,0.75,good
O00840,navy blazer,track pants,boots,white,blue,gray,slim,tailored,tailored,business,0.87,0.65,0.47,0.68,average
O00841,turtleneck,shorts,sandals,brown,white,blue,oversized,regular,slim,casual,0.44,0.74,0.61,0.58,average
O00842,denim jacket,chinos,loafers,blue,gray,navy,slim,slim,tailored,minimal,0.47,0.55,0.78,0.59,average
O00843,denim jacket,skirt,oxfords,green,navy,black,slim,slim,regular,casual,0.7,0.58,0.62,0.64,average
O00844,black hoodie,cargo pants,oxfords,blue,navy,navy,tailored,tailored,tailored,sport,0.36,0.92,0.87,0.68,average
O00845,navy blazer,shorts,sandals,navy,blue,gray,tailored,slim,slim,streetwear,0.52,0.92,0.71,0.7,average
O00846,sweater,skirt,loafers,black,white,blue,tailored,tailored,slim,streetwear,0.81,0.86,0.53,0.74,good
O00847,turtleneck,track pants,boots,brown,red,black,baggy,regular,slim,minimal,0.34,0.91,0.44,0.54,bad
O00848,turtleneck,shorts,sandals,white,black,red,tailored,tailored,tailored,business,0.84,0.53,0.67,0.7,average
O00849,turtleneck,skirt,loafers,black,red,red,oversized,baggy,tailored,minimal,0.76,0.59,0.63,0.67,average
O00850,turtleneck,track pants,heels,navy,blue,navy,slim,baggy,tailored,minimal,0.41,0.56,0.4,0.45,bad
O00851,flannel,trousers,heels,white,red,beige,oversized,oversized,slim,casual,0.7,0.81,0.93,0.8,good
O00852,tank top,trousers,sandals,blue,red,blue,regular,oversized,oversized,sport,0.76,0.92,0.95,0.86,good
O00853,sweater,cargo pants,heels,navy,beige,black,regular,baggy,oversized,sport,0.4,0.48,0.4,0.42,bad
O00854,tank top,chinos,sandals,brown,navy,white,baggy,slim,baggy,minimal,0.36,0.48,0.7,0.5,bad
O00855,graphic tee,track pants,heels,white,red,navy,slim,regular,regular,business,0.55,0.51,0.94,0.66,average
O00856,white tee,trousers,loafers,green,brown,black,tailored,baggy,baggy,sport,0.84,0.69,0.87,0.8,good
O00857,denim jacket,trousers,sneakers,blue,navy,navy,oversized,tailored,slim,minimal,0.93,0.72,0.41,0.71,average
O00858,polo,cargo pants,boots,green,green,black,baggy,slim,baggy,casual,0.63,0.75,0.72,0.69,average
O00859,denim jacket,skirt,heels,blue,black,white,tailored,baggy,oversized,streetwear,0.84,0.63,0.62,0.71,average
O00860,denim jacket,cargo pants,oxfords,gray,gray,green,tailored,regular,baggy,minimal,0.76,0.8,0.45,0.68,average
O00861,linen shirt,track pants,heels,green,gray,navy,slim,oversized,tailored,streetwear,0.76,0.94,0.51,0.74,good
O00862,denim jacket,skirt,loafers,brown,blue,blue,slim,oversized,oversized,minimal,0.73,0.62,0.42,0.6,average
O00863,graphic tee,chinos,sandals,blue,green,beige,tailored,regular,regular,business,0.49,0.43,0.61,0.51,bad
O00864,polo,trousers,oxfords,beige,blue,beige,oversized,tailored,baggy,business,0.84,0.55,0.92,0.78,good
O00865,linen shirt,track pants,oxfords,beige,gray,green,slim,tailored,baggy,business,0.36,0.94,0.75,0.65,average
O00866,sweater,jeans,sandals,beige,blue,white,tailored,oversized,oversized,sport,0.89,0.55,0.77,0.75,good
O00867,flannel,jeans,loafers,gray,black,white,baggy,tailored,tailored,streetwear,0.49,0.81,0.77,0.67,average
O00868,linen shirt,trousers,sneakers,red,black,black,oversized,slim,tailored,casual,0.74,0.8,0.79,0.77,good
O00869,black hoodie,cargo pants,loafers,green,white,brown,baggy,slim,regular,casual,0.56,0.48,0.49,0.52,bad
O00870,turtleneck,cargo pants,sneakers,brown,blue,white,tailored,regular,slim,sport,0.35,0.91,0.65,0.61,average
O00871,turtleneck,chinos,sandals,beige,red,white,slim,oversized,tailored,sport,0.65,0.7,0.57,0.64,average
O00872,black hoodie,cargo pants,oxfords,black,gray,brown,baggy,tailored,tailored,streetwear,0.3,0.83,0.94,0.65,average
O00873,graphic tee,trousers,oxfords,navy,black,brown,baggy,slim,baggy,streetwear,0.5,0.46,0.72,0.55,bad
O00874,sweater,chinos,sandals,beige,white,brown,tailored,slim,tailored,sport,0.38,0.43,0.94,0.56,average
O00875,white tee,track pants,oxfords,black,beige,green,regular,oversized,oversized,minimal,0.43,0.94,0.52,0.61,average
O00876,black hoodie,trousers,heels,white,white,navy,tailored,regular,baggy,sport,0.9,0.69,0.95,0.85,good
O00877,turtleneck,chinos,heels,white,green,brown,regular,regular,slim,streetwear,0.6,0.77,0.6,0.65,average
O00878,sweater,jeans,boots,beige,blue,white,regular,baggy,slim,sport,0.61,0.85,0.78,0.73,good
O00879,linen shirt,shorts,boots,red,blue,navy,oversized,baggy,baggy,minimal,0.73,0.48,0.72,0.65,average
O00880,denim jacket,shorts,sneakers,red,navy,brown,regular,regular,tailored,streetwear,0.37,0.8,0.84,0.64,average
O00881,tank top,trousers,heels,blue,green,gray,slim,oversized,baggy,streetwear,0.6,0.82,0.45,0.62,average
O00882,linen shirt,cargo pants,heels,beige,brown,red,tailored,baggy,oversized,business,0.4,0.88,0.76,0.65,average
O00883,sweater,shorts,oxfords,white,gray,beige,slim,oversized,regular,business,0.64,0.88,0.78,0.75,good
O00884,polo,shorts,loafers,white,green,blue,regular,regular,oversized,minimal,0.47,0.94,0.41,0.59,average
O00885,turtleneck,chinos,oxfords,red,green,blue,baggy,regular,tailored,casual,0.9,0.44,0.52,0.65,average
O00886,sweater,shorts,boots,beige,white,beige,tailored,oversized,tailored,business,0.62,0.62,0.66,0.63,average
O00887,black hoodie,chinos,sandals,brown,beige,navy,regular,regular,baggy,business,0.6,0.52,0.69,0.6,average
O00888,white tee,trousers,loafers,white,brown,black,slim,slim,slim,casual,0.89,0.53,0.69,0.72,average
O00889,denim jacket,shorts,sneakers,blue,navy,black,regular,tailored,regular,minimal,0.78,0.8,0.67,0.75,good
O00890,sweater,cargo pants,loafers,blue,brown,blue,baggy,slim,regular,streetwear,0.79,0.49,0.92,0.74,good
O00891,polo,jeans,boots,gray,black,brown,oversized,slim,tailored,business,0.54,0.61,0.73,0.62,average
O00892,flannel,chinos,sandals,black,brown,navy,regular,oversized,tailored,sport,0.9,0.79,0.75,0.82,good
O00893,tank top,trousers,sandals,brown,black,navy,regular,baggy,baggy,sport,0.33,0.42,0.84,0.51,bad
O00894,polo,track pants,boots,green,beige,black,slim,tailored,slim,casual,0.82,0.94,0.59,0.79,good
O00895,white tee,chinos,boots,black,green,blue,regular,slim,oversized,sport,0.55,0.43,0.82,0.59,average
O00896,tank top,trousers,oxfords,white,navy,white,tailored,regular,regular,casual,0.45,0.7,0.75,0.61,average
O00897,navy blazer,skirt,sandals,beige,beige,beige,slim,oversized,oversized,business,0.52,0.9,0.54,0.64,average
O00898,turtleneck,trousers,sneakers,blue,blue,beige,slim,baggy,oversized,business,0.61,0.58,0.77,0.65,average
O00899,graphic tee,shorts,sneakers,gray,black,blue,slim,baggy,oversized,streetwear,0.67,0.53,0.71,0.64,average
O00900,linen shirt,trousers,heels,green,white,blue,regular,tailored,slim,sport,0.52,0.55,0.89,0.64,average
O00901,polo,shorts,sandals,red,white,beige,regular,regular,baggy,sport,0.31,0.57,0.94,0.58,average
O00902,denim jacket,trousers,boots,navy,black,gray,slim,oversized,slim,casual,0.76,0.78,0.75,0.76,good
O00903,white tee,chinos,heels,red,blue,blue,oversized,tailored,regular,streetwear,0.94,0.72,0.42,0.72,average
O00904,white tee,shorts,sneakers,brown,white,navy,baggy,regular,regular,sport,0.94,0.95,0.66,0.86,good
O00905,flannel,jeans,oxfords,beige,beige,blue,tailored,oversized,baggy,sport,0.94,0.93,0.77,0.89,good
O00906,turtleneck,track pants,loafers,brown,black,beige,tailored,slim,regular,sport,0.55,0.67,0.89,0.69,average
O00907,turtleneck,skirt,boots,blue,brown,white,tailored,oversized,regular,minimal,0.92,0.72,0.5,0.73,good
O00908,polo,skirt,boots,gray,gray,blue,baggy,oversized,slim,minimal,0.39,0.64,0.42,0.47,bad
O00909,flannel,cargo pants,sneakers,blue,gray,green,slim,tailored,slim,business,0.88,0.65,0.79,0.78,good
O00910,white tee,jeans,heels,red,navy,black,baggy,slim,tailored,business,0.41,0.64,0.54,0.52,bad
O00911,navy blazer,track pants,loafers,brown,green,brown,oversized,regular,slim,minimal,0.78,0.45,0.57,0.62,average
O00912,flannel,trousers,boots,red,gray,navy,slim,oversized,baggy,casual,0.74,0.5,0.82,0.69,average
O00913,navy blazer,chinos,loafers,red,black,red,oversized,baggy,slim,minimal,0.8,0.4,0.88,0.7,average
O00914,sweater,cargo pants,boots,red,blue,blue,oversized,tailored,regular,streetwear,0.81,0.85,0.7,0.79,good
O00915,sweater,track pants,sandals,red,navy,red,oversized,baggy,regular,minimal,0.62,0.52,0.88,0.67,average
O00916,graphic tee,shorts,boots,black,blue,blue,slim,oversized,regular,casual,0.92,0.6,0.78,0.78,good
O00917,turtleneck,chinos,sandals,gray,blue,beige,tailored,oversized,slim,sport,0.4,0.66,0.51,0.51,bad
O00918,black hoodie,shorts,sneakers,white,navy,brown,regular,slim,tailored,minimal,0.42,0.68,0.79,0.61,average
O00919,polo,cargo pants,heels,navy,green,white,tailored,oversized,baggy,business,0.67,0.82,0.63,0.7,average
O00920,white tee,skirt,heels,gray,red,red,oversized,oversized,tailored,casual,0.65,0.93,0.4,0.66,average
O00921,turtleneck,chinos,heels,red,beige,brown,regular,regular,baggy,sport,0.92,0.47,0.73,0.73,good
O00922,tank top,chinos,boots,black,green,blue,baggy,slim,tailored,streetwear,0.4,0.61,0.66,0.54,bad
O00923,black hoodie,track pants,loafers,green,white,red,slim,tailored,tailored,minimal,0.55,0.53,0.78,0.61,average
O00924,tank top,chinos,loafers,green,white,white,slim,oversized,tailored,minimal,0.94,0.8,0.54,0.78,good
O00925,flannel,shorts,heels,black,beige,red,tailored,oversized,tailored,sport,0.81,0.46,0.7,0.67,average
O00926,turtleneck,trousers,boots,black,navy,gray,baggy,slim,oversized,casual,0.58,0.84,0.81,0.73,good
O00927,polo,chinos,boots,black,beige,green,baggy,slim,tailored,sport,0.78,0.46,0.44,0.58,average
O00928,turtleneck,cargo pants,heels,gray,red,navy,slim,oversized,slim,casual,0.43,0.82,0.77,0.65,average
O00929,navy blazer,chinos,loafers,red,beige,brown,tailored,slim,slim,minimal,0.75,0.88,0.54,0.73,good
O00930,graphic tee,skirt,heels,gray,red,brown,oversized,regular,slim,business,0.32,0.51,0.86,0.54,bad
O00931,navy blazer,shorts,sneakers,black,brown,brown,oversized,slim,oversized,business,0.39,0.6,0.91,0.61,average
O00932,white tee,skirt,sneakers,white,blue,red,slim,tailored,regular,sport,0.7,0.53,0.95,0.72,average
O00933,linen shirt,track pants,loafers,navy,brown,gray,regular,regular,tailored,casual,0.46,0.79,0.91,0.69,average
O00934,polo,skirt,boots,green,red,brown,tailored,slim,regular,streetwear,0.65,0.52,0.4,0.54,bad
O00935,linen shirt,chinos,oxfords,gray,black,beige,regular,tailored,slim,streetwear,0.91,0.46,0.46,0.64,average
O00936,graphic tee,cargo pants,sandals,beige,navy,green,slim,regular,tailored,streetwear,0.33,0.72,0.79,0.58,average
O00937,denim jacket,chinos,oxfords,brown,black,white,baggy,baggy,oversized,business,0.93,0.51,0.5,0.68,average
O00938,black hoodie,cargo pants,heels,black,gray,brown,tailored,oversized,tailored,casual,0.82,0.72,0.92,0.82,good
O00939,black hoodie,track pants,sandals,black,blue,black,oversized,baggy,slim,minimal,0.6,0.42,0.53,0.53,bad
O00940,tank top,chinos,boots,beige,gray,white,tailored,regular,tailored,casual,0.74,0.6,0.7,0.69,average
O00941,turtleneck,jeans,heels,navy,blue,green,regular,regular,baggy,business,0.32,0.82,0.92,0.65,average
O00942,navy blazer,jeans,sneakers,beige,green,blue,tailored,regular,regular,minimal,0.51,0.58,0.5,0.53,bad
O00943,polo,shorts,heels,brown,red,white,oversized,tailored,slim,minimal,0.83,0.65,0.9,0.8,good
O00944,linen shirt,shorts,oxfords,blue,green,beige,baggy,oversized,tailored,business,0.46,0.68,0.6,0.57,average
O00945,linen shirt,cargo pants,oxfords,green,gray,brown,baggy,oversized,slim,sport,0.38,0.85,0.88,0.67,average
O00946,navy blazer,jeans,sneakers,blue,red,beige,oversized,slim,oversized,streetwear,0.47,0.65,0.57,0.55,bad
O00947,sweater,chinos,loafers,brown,green,beige,tailored,baggy,tailored,sport,0.66,0.48,0.48,0.55,bad
O00948,graphic tee,cargo pants,heels,navy,navy,gray,tailored,regular,tailored,minimal,0.68,0.77,0.59,0.68,average
O00949,flannel,cargo pants,sandals,navy,green,brown,regular,slim,tailored,sport,0.5,0.61,0.47,0.52,bad
O00950,sweater,track pants,sneakers,beige,black,green,oversized,baggy,oversized,streetwear,0.34,0.46,0.87,0.54,bad
O00951,denim jacket,shorts,sandals,navy,white,brown,regular,baggy,tailored,streetwear,0.57,0.72,0.68,0.65,average
O00952,turtleneck,trousers,sandals,beige,red,gray,baggy,regular,tailored,minimal,0.88,0.85,0.85,0.86,good
O00953,linen shirt,cargo pants,sneakers,white,beige,navy,oversized,baggy,baggy,business,0.41,0.56,0.92,0.61,average
O00954,sweater,chinos,oxfords,black,black,beige,regular,slim,oversized,business,0.54,0.58,0.63,0.58,average
O00955,tank top,trousers,heels,gray,blue,white,slim,slim,slim,streetwear,0.43,0.95,0.88,0.72,average
O00956,polo,cargo pants,heels,black,beige,navy,slim,slim,oversized,streetwear,0.52,0.76,0.8,0.68,average
O00957,navy blazer,chinos,heels,gray,white,blue,regular,regular,slim,sport,0.4,0.47,0.72,0.52,bad
O00958,denim jacket,trousers,sandals,navy,beige,red,tailored,slim,oversized,business,0.61,0.52,0.76,0.63,average
O00959,flannel,trousers,sneakers,green,blue,brown,regular,slim,baggy,business,0.72,0.51,0.7,0.65,average
O00960,black hoodie,jeans,boots,red,black,white,slim,tailored,oversized,minimal,0.69,0.7,0.56,0.65,average
O00961,polo,trousers,loafers,beige,green,red,baggy,regular,regular,sport,0.82,0.92,0.86,0.86,good
O00962,linen shirt,jeans,boots,green,gray,red,tailored,baggy,oversized,casual,0.86,0.94,0.72,0.84,good
O00963,sweater,chinos,heels,blue,black,white,baggy,baggy,regular,streetwear,0.54,0.67,0.66,0.61,average
O00964,white tee,cargo pants,sneakers,brown,red,red,baggy,oversized,regular,casual,0.91,0.5,0.63,0.7,average
O00965,graphic tee,track pants,sneakers,blue,green,red,regular,oversized,regular,casual,0.57,0.62,0.95,0.7,average
O00966,navy blazer,shorts,sandals,black,beige,white,tailored,slim,regular,sport,0.91,0.52,0.65,0.72,average
O00967,denim jacket,cargo pants,oxfords,green,blue,black,tailored,regular,oversized,streetwear,0.35,0.45,0.58,0.45,bad
O00968,graphic tee,shorts,sandals,white,brown,beige,tailored,tailored,oversized,streetwear,0.52,0.71,0.59,0.6,average
O00969,navy blazer,cargo pants,heels,black,red,black,oversized,tailored,baggy,minimal,0.58,0.75,0.55,0.62,average
O00970,linen shirt,chinos,loafers,black,black,green,slim,slim,baggy,casual,0.67,0.45,0.61,0.59,average
O00971,flannel,track pants,sneakers,navy,white,white,slim,tailored,oversized,streetwear,0.37,0.81,0.81,0.63,average
O00972,linen shirt,chinos,loafers,brown,green,navy,slim,tailored,tailored,casual,0.68,0.78,0.94,0.79,good
O00973,white tee,jeans,sandals,blue,green,white,regular,slim,regular,streetwear,0.31,0.57,0.41,0.42,bad
O00974,sweater,skirt,sneakers,blue,brown,gray,baggy,slim,tailored,streetwear,0.35,0.64,0.61,0.51,bad
O00975,denim jacket,trousers,sandals,brown,gray,beige,baggy,regular,oversized,minimal,0.78,0.47,0.64,0.65,average
O00976,denim jacket,shorts,loafers,white,green,green,slim,oversized,baggy,streetwear,0.88,0.83,0.6,0.78,good
O00977,tank top,track pants,boots,green,green,gray,regular,slim,slim,sport,0.72,0.54,0.76,0.68,average
O00978,turtleneck,cargo pants,sandals,navy,beige,brown,oversized,regular,regular,streetwear,0.51,0.48,0.72,0.56,average
O00979,turtleneck,track pants,sneakers,gray,beige,red,slim,slim,slim,streetwear,0.81,0.57,0.49,0.64,average
O00980,graphic tee,track pants,oxfords,navy,gray,navy,oversized,baggy,baggy,sport,0.42,0.77,0.56,0.57,average
O00981,black hoodie,trousers,heels,beige,green,brown,slim,slim,regular,sport,0.64,0.95,0.84,0.79,good
O00982,turtleneck,jeans,heels,red,navy,white,regular,regular,tailored,business,0.39,0.52,0.64,0.5,bad
O00983,sweater,track pants,heels,navy,black,gray,tailored,regular,oversized,streetwear,0.87,0.44,0.57,0.65,average
O00984,flannel,jeans,heels,red,navy,green,regular,regular,tailored,streetwear,0.72,0.41,0.87,0.67,average
O00985,navy blazer,jeans,loafers,navy,blue,green,tailored,tailored,regular,business,0.32,0.69,0.7,0.54,bad
O00986,linen shirt,trousers,sandals,blue,black,black,baggy,oversized,slim,minimal,0.86,0.6,0.58,0.7,average
O00987,turtleneck,chinos,sandals,navy,black,red,oversized,tailored,tailored,casual,0.42,0.44,0.68,0.5,bad
O00988,tank top,trousers,sneakers,gray,gray,black,baggy,tailored,regular,streetwear,0.71,0.85,0.67,0.74,good
O00989,denim jacket,track pants,oxfords,beige,navy,green,tailored,baggy,regular,streetwear,0.72,0.71,0.86,0.76,good
O00990,graphic tee,track pants,sandals,beige,green,gray,tailored,oversized,oversized,casual,0.93,0.68,0.7,0.79,good
O00991,graphic tee,skirt,loafers,green,white,black,tailored,tailored,tailored,casual,0.62,0.72,0.87,0.72,average
O00992,white tee,trousers,sandals,white,black,red,regular,slim,tailored,casual,0.67,0.5,0.64,0.61,average
O00993,linen shirt,trousers,oxfords,white,white,blue,baggy,tailored,tailored,casual,0.66,0.95,0.6,0.73,good
O00994,white tee,chinos,heels,green,green,gray,slim,tailored,tailored,casual,0.5,0.44,0.63,0.52,bad
O00995,denim jacket,trousers,sandals,black,white,green,oversized,tailored,tailored,minimal,0.95,0.48,0.88,0.79,good
O00996,denim jacket,track pants,oxfords,brown,beige,navy,baggy,slim,baggy,sport,0.72,0.63,0.51,0.63,average
O00997,white tee,jeans,boots,black,brown,red,baggy,regular,regular,minimal,0.77,0.74,0.93,0.81,good
O00998,turtleneck,skirt,loafers,green,brown,blue,slim,baggy,baggy,casual,0.43,0.81,0.43,0.54,bad
O00999,navy blazer,jeans,heels,brown,gray,beige,regular,oversized,oversized,sport,0.36,0.45,0.42,0.41,bad
O01000,flannel,trousers,loafers,brown,blue,navy,slim,oversized,regular,business,0.52,0.7,0.71,0.63,average
O01001,navy blazer,chinos,heels,green,white,green,tailored,baggy,tailored,minimal,0.48,0.9,0.54,0.62,average
O01002,linen shirt,cargo pants,sneakers,green,brown,blue,regular,oversized,slim,minimal,0.77,0.83,0.68,0.76,good
O01003,sweater,skirt,sneakers,green,navy,brown,regular,slim,baggy,minimal,0.33,0.47,0.9,0.54,bad
O01004,black hoodie,chinos,loafers,beige,gray,white,baggy,oversized,oversized,minimal,0.7,0.88,0.63,0.73,good
O01005,black hoodie,chinos,oxfords,red,brown,gray,tailored,oversized,oversized,business,0.33,0.94,0.74,0.64,average
O01006,denim jacket,trousers,sneakers,green,green,brown,baggy,baggy,oversized,minimal,0.73,0.88,0.93,0.84,good
O01007,flannel,trousers,oxfords,blue,brown,green,regular,baggy,tailored,business,0.84,0.72,0.57,0.72,average
O01008,polo,shorts,heels,black,green,red,slim,oversized,tailored,casual,0.82,0.67,0.82,0.78,good
O01009,navy blazer,trousers,heels,green,white,beige,baggy,oversized,regular,business,0.37,0.64,0.82,0.59,average
O01010,black hoodie,shorts,loafers,black,black,navy,oversized,regular,baggy,streetwear,0.47,0.88,0.63,0.64,average
O01011,graphic tee,cargo pants,boots,gray,black,navy,tailored,tailored,tailored,sport,0.78,0.5,0.98,0.76,good
O01012,navy blazer,jeans,boots,green,black,green,oversized,baggy,baggy,business,0.46,0.42,0.76,0.54,bad
O01013,linen shirt,skirt,loafers,navy,navy,blue,slim,slim,baggy,casual,0.5,0.89,0.56,0.64,average
O01014,linen shirt,chinos,boots,green,navy,brown,tailored,tailored,tailored,sport,0.5,0.65,0.76,0.62,average
O01015,turtleneck,chinos,heels,white,navy,white,regular,regular,oversized,business,0.66,0.84,0.55,0.68,average
O01016,polo,skirt,oxfords,white,brown,black,baggy,slim,regular,streetwear,0.7,0.74,0.78,0.74,good
O01017,black hoodie,track pants,boots,brown,gray,beige,tailored,regular,slim,minimal,0.88,0.7,0.92,0.84,good
O01018,sweater,track pants,heels,navy,red,navy,baggy,tailored,regular,minimal,0.75,0.73,0.47,0.66,average
O01019,tank top,trousers,sneakers,beige,black,beige,oversized,slim,tailored,minimal,0.69,0.66,0.65,0.67,average
O01020,black hoodie,jeans,sandals,red,gray,green,slim,tailored,slim,streetwear,0.57,0.83,0.78,0.71,average
O01021,turtleneck,skirt,loafers,navy,red,navy,slim,oversized,slim,minimal,0.35,0.68,0.86,0.6,average
O01022,graphic tee,cargo pants,heels,beige,gray,beige,tailored,tailored,slim,minimal,0.67,0.72,0.71,0.7,average
O01023,sweater,cargo pants,loafers,red,red,black,tailored,slim,baggy,business,0.86,0.95,0.9,0.9,good
O01024,white tee,chinos,loafers,gray,black,beige,regular,slim,oversized,minimal,0.62,0.73,0.57,0.64,average
O01025,black hoodie,shorts,sandals,navy,white,gray,tailored,oversized,tailored,casual,0.53,0.49,0.59,0.54,bad
O01026,linen shirt,chinos,sneakers,beige,beige,beige,oversized,slim,regular,streetwear,0.75,0.58,0.42,0.6,average
O01027,turtleneck,trousers,sandals,white,gray,beige,tailored,regular,tailored,business,0.82,0.68,0.79,0.77,good
O01028,navy blazer,trousers,sneakers,gray,navy,navy,tailored,tailored,baggy,minimal,0.71,0.91,0.73,0.78,good
O01029,flannel,chinos,sneakers,black,red,white,baggy,tailored,oversized,sport,0.51,0.64,0.4,0.52,bad
O01030,flannel,jeans,sandals,navy,green,red,baggy,slim,baggy,sport,0.36,0.74,0.83,0.61,average
O01031,turtleneck,track pants,sandals,beige,beige,navy,tailored,tailored,slim,casual,0.79,0.92,0.46,0.73,good
O01032,turtleneck,skirt,loafers,green,red,gray,slim,tailored,oversized,minimal,0.8,0.94,0.44,0.73,good
O01033,denim jacket,shorts,loafers,white,blue,green,oversized,slim,oversized,casual,0.45,0.62,0.49,0.51,bad
O01034,sweater,trousers,loafers,blue,green,green,baggy,slim,regular,minimal,0.72,0.89,0.56,0.72,average
O01035,sweater,trousers,oxfords,red,red,gray,slim,regular,baggy,streetwear,0.61,0.71,0.91,0.73,good
O01036,polo,jeans,sandals,red,beige,blue,tailored,regular,oversized,casual,0.54,0.56,0.49,0.53,bad
O01037,black hoodie,cargo pants,sandals,beige,navy,green,regular,baggy,baggy,business,0.62,0.66,0.43,0.57,average
O01038,turtleneck,skirt,boots,green,black,green,slim,regular,oversized,minimal,0.44,0.77,0.41,0.53,bad
O01039,navy blazer,trousers,oxfords,black,blue,blue,regular,tailored,baggy,business,0.61,0.84,0.78,0.73,good
O01040,graphic tee,cargo pants,sandals,white,navy,white,tailored,slim,regular,sport,0.75,0.79,0.46,0.68,average
O01041,polo,trousers,oxfords,white,gray,white,baggy,slim,tailored,streetwear,0.76,0.67,0.65,0.7,average
O01042,flannel,shorts,sneakers,navy,gray,brown,baggy,regular,slim,minimal,0.77,0.52,0.84,0.72,average
O01043,white tee,shorts,heels,beige,black,black,tailored,regular,slim,casual,0.55,0.78,0.59,0.63,average
O01044,polo,trousers,oxfords,green,blue,gray,baggy,slim,tailored,business,0.7,0.82,0.49,0.67,average
O01045,turtleneck,skirt,oxfords,beige,blue,red,tailored,tailored,oversized,minimal,0.69,0.74,0.7,0.71,average
O01046,sweater,shorts,sneakers,navy,blue,navy,tailored,regular,baggy,sport,0.39,0.56,0.83,0.57,average
O01047,graphic tee,track pants,loafers,gray,navy,white,slim,baggy,slim,streetwear,0.52,0.87,0.66,0.67,average
O01048,graphic tee,track pants,heels,red,green,gray,oversized,regular,oversized,casual,0.78,0.7,0.87,0.78,good
O01049,tank top,skirt,sandals,gray,brown,green,oversized,oversized,tailored,casual,0.5,0.65,0.41,0.52,bad
O01050,flannel,shorts,sneakers,black,brown,gray,regular,tailored,regular,business,0.53,0.8,0.88,0.72,average
O01051,white tee,track pants,heels,beige,gray,beige,regular,oversized,tailored,business,0.34,0.76,0.92,0.64,average
O01052,graphic tee,cargo pants,boots,white,gray,red,slim,baggy,oversized,streetwear,0.36,0.67,0.41,0.47,bad
O01053,navy blazer,track pants,loafers,white,blue,navy,baggy,baggy,baggy,business,0.8,0.53,0.71,0.69,average
O01054,navy blazer,skirt,oxfords,brown,black,navy,regular,regular,oversized,streetwear,0.63,0.82,0.6,0.68,average
O01055,tank top,shorts,boots,green,blue,black,slim,baggy,oversized,casual,0.79,0.52,0.49,0.62,average
O01056,flannel,track pants,boots,black,blue,green,slim,baggy,slim,streetwear,0.72,0.92,0.69,0.77,good
O01057,flannel,trousers,sneakers,gray,beige,red,regular,slim,baggy,business,0.77,0.85,0.85,0.82,good
O01058,tank top,shorts,heels,white,beige,red,oversized,oversized,oversized,minimal,0.76,0.49,0.94,0.73,good
O01059,tank top,jeans,heels,black,red,navy,slim,oversized,slim,casual,0.69,0.83,0.92,0.8,good
O01060,white tee,track pants,oxfords,red,gray,blue,baggy,slim,baggy,minimal,0.58,0.65,0.5,0.58,average
O01061,denim jacket,chinos,oxfords,brown,gray,navy,slim,regular,slim,business,0.91,0.49,0.56,0.68,average
O01062,linen shirt,track pants,sandals,gray,gray,black,tailored,tailored,regular,business,0.8,0.48,0.79,0.7,average
O01063,sweater,skirt,sandals,white,navy,green,oversized,tailored,regular,sport,0.43,0.85,0.54,0.59,average
O01064,turtleneck,jeans,sneakers,white,brown,blue,slim,slim,baggy,sport,0.9,0.47,0.52,0.66,average
O01065,graphic tee,skirt,sneakers,red,red,black,oversized,tailored,tailored,streetwear,0.73,0.68,0.59,0.67,average
O01066,black hoodie,shorts,heels,red,brown,red,slim,oversized,baggy,casual,0.81,0.93,0.87,0.86,good
O01067,denim jacket,cargo pants,heels,navy,gray,black,regular,oversized,slim,business,0.75,0.45,0.64,0.63,average
O01068,black hoodie,cargo pants,boots,red,beige,white,tailored,regular,tailored,casual,0.92,0.66,0.9,0.84,good
O01069,flannel,shorts,heels,white,black,white,oversized,slim,tailored,streetwear,0.66,0.55,0.68,0.63,average
O01070,sweater,skirt,heels,white,navy,green,regular,slim,baggy,business,0.45,0.48,0.57,0.49,bad
O01071,polo,cargo pants,heels,navy,red,white,baggy,oversized,oversized,sport,0.6,0.83,0.78,0.72,average
O01072,black hoodie,track pants,sneakers,white,black,beige,oversized,baggy,baggy,streetwear,0.71,0.75,0.81,0.75,good
O01073,tank top,cargo pants,boots,blue,navy,black,regular,regular,baggy,casual,0.82,0.75,0.8,0.79,good
O01074,graphic tee,trousers,sneakers,black,beige,brown,oversized,tailored,oversized,casual,0.66,0.43,0.79,0.63,average
O01075,turtleneck,shorts,oxfords,blue,green,blue,baggy,baggy,baggy,streetwear,0.47,0.69,0.94,0.68,average
O01076,black hoodie,chinos,sandals,white,brown,white,baggy,regular,slim,business,0.42,0.4,0.81,0.53,bad
O01077,black hoodie,chinos,sandals,gray,red,white,tailored,regular,regular,business,0.5,0.72,0.44,0.55,bad
O01078,linen shirt,chinos,heels,beige,black,blue,oversized,regular,slim,minimal,0.79,0.6,0.57,0.67,average
O01079,denim jacket,trousers,sandals,blue,brown,blue,tailored,baggy,slim,casual,0.69,0.87,0.74,0.76,good
O01080,black hoodie,shorts,heels,gray,beige,green,slim,oversized,slim,casual,0.94,0.83,0.41,0.75,good
O01081,white tee,shorts,boots,red,navy,green,tailored,oversized,baggy,streetwear,0.45,0.8,0.43,0.55,bad
O01082,graphic tee,shorts,boots,green,green,red,slim,baggy,tailored,sport,0.81,0.84,0.47,0.72,average
O01083,sweater,skirt,heels,brown,navy,blue,tailored,tailored,oversized,sport,0.76,0.48,0.55,0.61,average
O01084,black hoodie,cargo pants,boots,beige,blue,black,oversized,tailored,slim,streetwear,0.33,0.49,0.71,0.49,bad
O01085,navy blazer,skirt,heels,gray,beige,green,tailored,slim,regular,casual,0.32,0.88,0.63,0.58,average
O01086,white tee,chinos,boots,gray,black,brown,oversized,tailored,oversized,streetwear,0.7,0.67,0.41,0.6,average
O01087,white tee,chinos,sandals,green,green,gray,tailored,tailored,slim,minimal,0.81,0.43,0.62,0.64,average
O01088,sweater,jeans,sandals,brown,black,navy,baggy,regular,tailored,casual,0.46,0.56,0.57,0.52,bad
O01089,linen shirt,chinos,heels,blue,red,white,slim,tailored,tailored,sport,0.31,0.65,0.87,0.58,average
O01090,navy blazer,jeans,heels,green,navy,navy,tailored,slim,slim,minimal,0.57,0.91,0.73,0.72,average
O01091,black hoodie,jeans,heels,brown,white,blue,baggy,tailored,tailored,business,0.94,0.8,0.68,0.82,good
O01092,polo,trousers,sandals,navy,blue,brown,oversized,baggy,tailored,streetwear,0.72,0.59,0.69,0.67,average
O01093,sweater,cargo pants,loafers,brown,red,red,baggy,oversized,slim,business,0.35,0.89,0.76,0.64,average
O01094,linen shirt,skirt,loafers,brown,navy,red,slim,slim,tailored,sport,0.84,0.52,0.8,0.73,good
O01095,turtleneck,trousers,boots,beige,gray,blue,regular,slim,baggy,minimal,0.4,0.77,0.48,0.54,bad
O01096,graphic tee,skirt,heels,white,blue,white,regular,regular,baggy,sport,0.71,0.64,0.55,0.64,average
O01097,graphic tee,skirt,sneakers,beige,brown,beige,regular,tailored,baggy,minimal,0.43,0.53,0.8,0.57,average
O01098,denim jacket,cargo pants,heels,brown,brown,brown,slim,tailored,regular,casual,0.63,0.82,0.71,0.71,average
O01099,white tee,skirt,oxfords,green,green,red,slim,slim,oversized,business,0.56,0.68,0.63,0.62,average
O01100,flannel,cargo pants,heels,beige,brown,navy,slim,oversized,slim,business,0.45,0.58,0.81,0.6,average
O01101,polo,track pants,oxfords,white,black,white,regular,baggy,slim,streetwear,0.39,0.71,0.45,0.5,bad
O01102,turtleneck,cargo pants,oxfords,gray,gray,red,oversized,slim,oversized,casual,0.52,0.86,0.48,0.61,average
O01103,graphic tee,track pants,oxfords,red,white,blue,tailored,oversized,oversized,business,0.86,0.5,0.56,0.66,average
O01104,black hoodie,trousers,heels,navy,navy,blue,oversized,slim,regular,streetwear,0.57,0.78,0.79,0.7,average
O01105,turtleneck,cargo pants,sneakers,navy,gray,beige,baggy,tailored,tailored,minimal,0.45,0.69,0.64,0.58,average
O01106,white tee,skirt,oxfords,navy,black,black,baggy,slim,tailored,casual,0.43,0.72,0.87,0.65,average
O01107,sweater,jeans,oxfords,beige,black,blue,tailored,tailored,oversized,minimal,0.56,0.57,0.69,0.6,average
O01108,black hoodie,jeans,sneakers,white,beige,blue,baggy,tailored,tailored,minimal,0.51,0.79,0.47,0.58,average
O01109,sweater,chinos,loafers,red,beige,brown,regular,tailored,regular,sport,0.45,0.69,0.91,0.66,average
O01110,linen shirt,chinos,heels,brown,brown,navy,tailored,tailored,tailored,casual,0.56,0.79,0.87,0.72,average
O01111,black hoodie,jeans,loafers,gray,beige,white,regular,oversized,oversized,minimal,0.79,0.83,0.74,0.79,good
O01112,navy blazer,cargo pants,heels,blue,white,black,baggy,oversized,regular,casual,0.65,0.83,0.74,0.73,good
O01113,denim jacket,trousers,oxfords,blue,brown,navy,tailored,tailored,slim,sport,0.64,0.9,0.91,0.8,good
O01114,graphic tee,trousers,boots,black,navy,red,regular,oversized,slim,minimal,0.8,0.71,0.66,0.73,good
O01115,denim jacket,skirt,sneakers,brown,red,beige,tailored,baggy,baggy,streetwear,0.43,0.88,0.61,0.62,average
O01116,polo,chinos,oxfords,red,white,red,tailored,slim,regular,sport,0.58,0.93,0.55,0.68,average
O01117,sweater,track pants,loafers,brown,navy,red,oversized,slim,slim,minimal,0.94,0.8,0.44,0.75,good
O01118,tank top,track pants,heels,beige,red,red,regular,oversized,oversized,streetwear,0.72,0.53,0.73,0.67,average
O01119,denim jacket,track pants,heels,beige,navy,beige,oversized,tailored,slim,sport,0.79,0.54,0.66,0.68,average
O01120,flannel,jeans,heels,gray,navy,gray,baggy,regular,tailored,sport,0.82,0.69,0.58,0.71,average
O01121,white tee,shorts,sneakers,gray,beige,blue,tailored,regular,regular,business,0.5,0.89,0.76,0.7,average
O01122,turtleneck,track pants,sandals,gray,brown,beige,baggy,baggy,baggy,minimal,0.54,0.59,0.71,0.61,average
O01123,sweater,skirt,oxfords,black,black,green,oversized,oversized,tailored,minimal,0.89,0.72,0.94,0.85,good
O01124,white tee,jeans,sandals,blue,beige,red,baggy,oversized,tailored,minimal,0.8,0.66,0.52,0.67,average
O01125,denim jacket,jeans,sneakers,blue,white,green,slim,tailored,oversized,minimal,0.59,0.61,0.55,0.58,average
O01126,denim jacket,chinos,sandals,black,brown,green,tailored,tailored,slim,streetwear,0.56,0.67,0.9,0.7,average
O01127,navy blazer,cargo pants,loafers,brown,brown,brown,baggy,regular,oversized,sport,0.7,0.46,0.53,0.58,average
O01128,graphic tee,cargo pants,loafers,green,black,beige,baggy,slim,baggy,minimal,0.36,0.67,0.94,0.63,average
O01129,white tee,chinos,heels,navy,gray,blue,baggy,regular,regular,streetwear,0.39,0.42,0.64,0.47,bad
O01130,linen shirt,chinos,heels,blue,white,navy,regular,slim,slim,casual,0.76,0.88,0.46,0.71,average
O01131,denim jacket,skirt,sneakers,blue,red,green,slim,oversized,slim,minimal,0.44,0.52,0.59,0.51,bad
O01132,graphic tee,cargo pants,loafers,gray,green,white,slim,oversized,oversized,streetwear,0.87,0.83,0.81,0.84,good
O01133,linen shirt,shorts,heels,brown,brown,beige,slim,tailored,regular,casual,0.67,0.88,0.73,0.75,good
O01134,tank top,skirt,sneakers,green,black,beige,baggy,regular,tailored,streetwear,0.8,0.64,0.63,0.7,average
O01135,flannel,shorts,loafers,gray,navy,beige,oversized,oversized,slim,casual,0.8,0.44,0.81,0.7,average
O01136,flannel,shorts,oxfords,gray,blue,brown,slim,tailored,oversized,business,0.69,0.6,0.65,0.65,average
O01137,black hoodie,jeans,boots,green,red,white,regular,slim,oversized,sport,0.37,0.68,0.72,0.57,average
O01138,tank top,trousers,oxfords,red,gray,white,baggy,slim,oversized,casual,0.84,0.4,0.48,0.6,average
O01139,black hoodie,jeans,loafers,black,brown,red,regular,regular,baggy,sport,0.61,0.46,0.93,0.66,average
O01140,linen shirt,skirt,oxfords,gray,gray,blue,baggy,oversized,slim,business,0.38,0.47,0.59,0.47,bad
O01141,linen shirt,jeans,heels,blue,black,red,baggy,slim,slim,streetwear,0.63,0.58,0.72,0.64,average
O01142,flannel,cargo pants,sandals,green,brown,blue,tailored,slim,baggy,business,0.39,0.44,0.68,0.49,bad
O01143,graphic tee,jeans,oxfords,brown,navy,white,baggy,baggy,tailored,minimal,0.39,0.89,0.54,0.59,average
O01144,sweater,chinos,boots,blue,gray,red,oversized,regular,oversized,sport,0.4,0.82,0.88,0.67,average
O01145,tank top,shorts,boots,red,white,navy,regular,oversized,regular,sport,0.41,0.78,0.66,0.6,average
O01146,graphic tee,skirt,sandals,green,green,brown,regular,oversized,slim,casual,0.33,0.76,0.94,0.64,average
O01147,tank top,trousers,boots,gray,blue,black,oversized,oversized,regular,streetwear,0.71,0.65,0.59,0.66,average
O01148,polo,track pants,boots,red,black,brown,slim,tailored,baggy,minimal,0.45,0.4,0.79,0.54,bad
O01149,turtleneck,jeans,sandals,navy,brown,beige,oversized,regular,regular,streetwear,0.47,0.81,0.85,0.69,average
O01150,navy blazer,chinos,sandals,white,black,navy,slim,slim,tailored,streetwear,0.92,0.56,0.52,0.69,average
O01151,denim jacket,track pants,boots,red,brown,brown,baggy,slim,oversized,business,0.4,0.58,0.79,0.57,average
O01152,sweater,jeans,sandals,brown,black,black,regular,slim,regular,streetwear,0.93,0.88,0.58,0.81,good
O01153,denim jacket,skirt,oxfords,navy,red,gray,slim,regular,tailored,sport,0.67,0.6,0.6,0.63,average
O01154,sweater,skirt,sneakers,black,brown,red,tailored,tailored,tailored,casual,0.73,0.47,0.75,0.66,average
O01155,navy blazer,trousers,sandals,white,gray,black,regular,baggy,tailored,streetwear,0.5,0.45,0.72,0.55,bad
O01156,white tee,shorts,sandals,beige,green,beige,tailored,regular,tailored,business,0.7,0.54,0.5,0.59,average
O01157,polo,track pants,oxfords,beige,green,green,slim,tailored,baggy,sport,0.5,0.53,0.48,0.5,bad
O01158,polo,cargo pants,sandals,green,green,black,slim,tailored,regular,minimal,0.6,0.46,0.81,0.62,average
O01159,sweater,shorts,boots,white,gray,navy,baggy,slim,oversized,streetwear,0.57,0.95,0.54,0.67,average
O01160,denim jacket,track pants,boots,green,white,white,baggy,baggy,slim,casual,0.63,0.82,0.69,0.7,average
O01161,linen shirt,chinos,sandals,gray,white,blue,oversized,regular,regular,casual,0.37,0.73,0.52,0.52,bad
O01162,navy blazer,track pants,sandals,black,blue,black,baggy,tailored,regular,minimal,0.71,0.43,0.59,0.59,average
O01163,navy blazer,shorts,loafers,navy,red,blue,oversized,baggy,slim,casual,0.47,0.64,0.81,0.62,average
O01164,tank top,trousers,sandals,white,blue,white,baggy,oversized,oversized,minimal,0.6,0.65,0.91,0.71,average
O01165,black hoodie,trousers,sandals,green,red,red,regular,slim,baggy,sport,0.56,0.91,0.47,0.64,average
O01166,white tee,trousers,sneakers,green,white,navy,baggy,tailored,oversized,casual,0.72,0.76,0.47,0.66,average
O01167,white tee,jeans,boots,black,beige,navy,tailored,baggy,regular,business,0.36,0.61,0.45,0.46,bad
O01168,black hoodie,track pants,sneakers,red,green,gray,slim,regular,regular,business,0.81,0.67,0.78,0.76,good
O01169,sweater,shorts,loafers,black,blue,red,oversized,slim,oversized,sport,0.63,0.91,0.65,0.72,average
O01170,flannel,track pants,heels,white,brown,black,baggy,baggy,tailored,business,0.54,0.81,0.87,0.72,average
O01171,flannel,chinos,heels,white,red,blue,oversized,regular,regular,casual,0.5,0.52,0.42,0.48,bad
O01172,white tee,cargo pants,sandals,blue,red,red,tailored,oversized,regular,minimal,0.94,0.84,0.86,0.89,good
O01173,linen shirt,track pants,loafers,white,blue,gray,oversized,oversized,regular,business,0.79,0.8,0.65,0.75,good
O01174,linen shirt,shorts,sneakers,green,brown,green,baggy,tailored,slim,casual,0.78,0.82,0.74,0.78,good
O01175,denim jacket,track pants,sneakers,gray,gray,red,baggy,tailored,regular,streetwear,0.75,0.88,0.52,0.72,average
O01176,polo,jeans,heels,beige,red,beige,regular,slim,baggy,streetwear,0.44,0.62,0.4,0.48,bad
O01177,sweater,shorts,heels,green,beige,brown,baggy,oversized,regular,casual,0.84,0.86,0.43,0.72,average
O01178,navy blazer,track pants,boots,green,navy,brown,baggy,oversized,slim,casual,0.69,0.8,0.68,0.72,average
O01179,polo,track pants,boots,beige,brown,red,regular,tailored,regular,business,0.9,0.63,0.43,0.68,average
O01180,white tee,chinos,sneakers,red,beige,brown,oversized,oversized,oversized,streetwear,0.49,0.86,0.46,0.59,average
O01181,sweater,trousers,boots,gray,black,beige,tailored,regular,regular,streetwear,0.85,0.65,0.54,0.7,average
O01182,navy blazer,chinos,boots,beige,white,beige,tailored,baggy,regular,streetwear,0.84,0.6,0.5,0.67,average
O01183,black hoodie,track pants,oxfords,green,gray,white,regular,baggy,slim,casual,0.68,0.92,0.68,0.75,good
O01184,flannel,jeans,sandals,red,gray,black,regular,regular,baggy,casual,0.84,0.53,0.54,0.66,average
O01185,denim jacket,skirt,loafers,blue,navy,beige,regular,baggy,tailored,sport,0.7,0.49,0.82,0.67,average
O01186,sweater,cargo pants,heels,blue,black,black,baggy,regular,regular,minimal,0.31,0.64,0.92,0.59,average
O01187,white tee,cargo pants,loafers,gray,green,white,tailored,tailored,baggy,sport,0.81,0.88,0.92,0.86,good
O01188,navy blazer,track pants,oxfords,navy,black,red,oversized,tailored,regular,casual,0.71,0.52,0.51,0.59,average
O01189,linen shirt,jeans,sneakers,beige,white,blue,oversized,baggy,oversized,streetwear,0.46,0.83,0.88,0.7,average
O01190,navy blazer,track pants,sandals,beige,gray,blue,regular,regular,regular,streetwear,0.35,0.41,0.54,0.42,bad
O01191,polo,cargo pants,sneakers,green,green,green,regular,tailored,baggy,casual,0.67,0.53,0.54,0.59,average
O01192,polo,track pants,loafers,white,black,gray,baggy,oversized,tailored,minimal,0.76,0.44,0.79,0.67,average
O01193,linen shirt,trousers,loafers,blue,beige,green,regular,baggy,tailored,sport,0.75,0.56,0.53,0.63,average
O01194,white tee,chinos,loafers,brown,gray,red,oversized,regular,regular,casual,0.79,0.7,0.81,0.77,good
O01195,denim jacket,jeans,oxfords,black,brown,navy,oversized,baggy,oversized,business,0.56,0.54,0.78,0.62,average
O01196,white tee,jeans,sneakers,red,white,red,slim,slim,slim,minimal,0.65,0.74,0.85,0.74,good
O01197,tank top,chinos,heels,navy,blue,blue,oversized,slim,oversized,casual,0.92,0.41,0.88,0.76,good
O01198,flannel,skirt,sandals,white,gray,green,regular,regular,baggy,sport,0.7,0.91,0.74,0.77,good
O01199,graphic tee,cargo pants,oxfords,navy,brown,navy,baggy,regular,oversized,streetwear,0.69,0.87,0.9,0.81,good
O01200,graphic tee,track pants,oxfords,red,navy,brown,regular,regular,tailored,minimal,0.4,0.94,0.85,0.7,average
O01201,linen shirt,trousers,sandals,navy,black,brown,slim,oversized,baggy,streetwear,0.48,0.62,0.89,0.65,average
O01202,graphic tee,trousers,loafers,white,beige,navy,oversized,regular,slim,minimal,0.71,0.83,0.68,0.74,good
O01203,navy blazer,shorts,loafers,red,gray,beige,oversized,oversized,regular,casual,0.82,0.8,0.76,0.8,good
O01204,navy blazer,jeans,boots,black,beige,brown,regular,regular,regular,minimal,0.73,0.92,0.73,0.79,good
O01205,turtleneck,shorts,boots,black,gray,green,tailored,slim,baggy,minimal,0.38,0.54,0.47,0.46,bad
O01206,graphic tee,cargo pants,loafers,brown,gray,gray,baggy,oversized,regular,casual,0.5,0.81,0.88,0.71,average
O01207,linen shirt,trousers,loafers,beige,brown,white,tailored,regular,tailored,casual,0.72,0.83,0.87,0.8,good
O01208,flannel,skirt,boots,gray,beige,white,tailored,oversized,oversized,sport,0.82,0.42,0.9,0.72,average
O01209,white tee,skirt,sneakers,blue,blue,green,slim,baggy,baggy,sport,0.36,0.77,0.89,0.64,average
O01210,denim jacket,jeans,oxfords,black,red,brown,slim,baggy,oversized,sport,0.58,0.88,0.65,0.69,average
O01211,sweater,trousers,loafers,blue,black,black,regular,tailored,slim,business,0.3,0.54,0.54,0.44,bad
O01212,flannel,cargo pants,heels,green,blue,gray,baggy,oversized,oversized,business,0.67,0.48,0.71,0.62,average
O01213,denim jacket,track pants,loafers,navy,beige,gray,oversized,baggy,tailored,business,0.79,0.54,0.6,0.66,average
O01214,navy blazer,shorts,sandals,black,navy,black,slim,baggy,tailored,streetwear,0.56,0.65,0.88,0.68,average
O01215,linen shirt,cargo pants,sandals,white,black,green,regular,oversized,baggy,sport,0.94,0.57,0.46,0.68,average
O01216,flannel,jeans,oxfords,white,red,white,oversized,tailored,baggy,business,0.5,0.5,0.91,0.62,average
O01217,navy blazer,trousers,heels,beige,blue,black,tailored,tailored,slim,casual,0.33,0.89,0.79,0.64,average
O01218,linen shirt,skirt,loafers,beige,beige,green,baggy,slim,tailored,streetwear,0.61,0.74,0.42,0.59,average
O01219,white tee,chinos,oxfords,gray,brown,blue,baggy,baggy,regular,sport,0.69,0.54,0.71,0.65,average
O01220,graphic tee,chinos,sneakers,blue,red,navy,regular,slim,regular,sport,0.77,0.65,0.74,0.73,good
O01221,turtleneck,skirt,heels,navy,gray,black,slim,regular,slim,minimal,0.83,0.78,0.76,0.79,good
O01222,navy blazer,cargo pants,sandals,brown,navy,beige,regular,baggy,regular,streetwear,0.4,0.69,0.48,0.51,bad
O01223,sweater,chinos,boots,gray,red,navy,tailored,oversized,slim,streetwear,0.59,0.47,0.54,0.54,bad
O01224,polo,shorts,oxfords,white,brown,navy,tailored,slim,baggy,business,0.48,0.58,0.8,0.61,average
O01225,black hoodie,chinos,oxfords,navy,white,green,tailored,slim,baggy,casual,0.78,0.76,0.4,0.66,average
O01226,black hoodie,shorts,oxfords,green,black,beige,tailored,regular,slim,streetwear,0.35,0.42,0.79,0.5,bad
O01227,polo,chinos,oxfords,beige,beige,beige,oversized,tailored,slim,business,0.8,0.61,0.93,0.78,good
O01228,tank top,skirt,oxfords,blue,brown,blue,slim,slim,oversized,minimal,0.31,0.72,0.79,0.58,average
O01229,linen shirt,jeans,sneakers,red,beige,gray,oversized,oversized,baggy,streetwear,0.86,0.43,0.4,0.59,average
O01230,graphic tee,chinos,sneakers,green,green,blue,tailored,regular,baggy,streetwear,0.57,0.66,0.88,0.69,average
O01231,turtleneck,track pants,oxfords,brown,black,red,tailored,baggy,regular,minimal,0.56,0.68,0.72,0.64,average
O01232,flannel,chinos,sneakers,beige,gray,blue,tailored,baggy,slim,streetwear,0.49,0.86,0.52,0.61,average
O01233,linen shirt,trousers,boots,beige,beige,green,regular,tailored,slim,sport,0.59,0.93,0.92,0.79,good
O01234,polo,shorts,oxfords,green,black,black,tailored,tailored,tailored,streetwear,0.36,0.46,0.95,0.57,average
O01235,polo,cargo pants,oxfords,blue,white,blue,tailored,slim,baggy,streetwear,0.57,0.95,0.46,0.65,average
O01236,black hoodie,jeans,heels,beige,navy,green,baggy,oversized,slim,sport,0.62,0.92,0.64,0.72,average
O01237,denim jacket,jeans,heels,brown,green,green,oversized,tailored,oversized,sport,0.71,0.86,0.41,0.67,average
O01238,denim jacket,jeans,oxfords,gray,white,navy,tailored,baggy,tailored,casual,0.38,0.52,0.74,0.53,bad
O01239,graphic tee,track pants,sandals,green,green,red,slim,regular,baggy,sport,0.87,0.58,0.51,0.68,average
O01240,turtleneck,track pants,sandals,white,black,green,oversized,oversized,baggy,sport,0.64,0.66,0.73,0.67,average
O01241,graphic tee,chinos,sandals,black,green,blue,slim,baggy,oversized,business,0.46,0.66,0.52,0.54,bad
O01242,flannel,track pants,heels,brown,gray,white,tailored,oversized,slim,minimal,0.42,0.9,0.72,0.65,average
O01243,black hoodie,trousers,oxfords,black,white,beige,oversized,tailored,tailored,sport,0.31,0.58,0.42,0.42,bad
O01244,graphic tee,track pants,oxfords,gray,red,brown,baggy,oversized,oversized,streetwear,0.93,0.57,0.73,0.76,good
O01245,polo,skirt,oxfords,blue,red,gray,baggy,tailored,tailored,casual,0.87,0.88,0.67,0.81,good
O01246,denim jacket,cargo pants,loafers,blue,beige,brown,tailored,baggy,oversized,business,0.56,0.49,0.43,0.5,bad
O01247,denim jacket,cargo pants,sandals,blue,blue,brown,slim,regular,regular,sport,0.77,0.69,0.88,0.78,good
O01248,white tee,skirt,heels,gray,navy,gray,baggy,slim,oversized,casual,0.62,0.66,0.5,0.6,average
O01249,polo,track pants,sandals,black,black,black,oversized,oversized,slim,minimal,0.45,0.74,0.43,0.53,bad
O01250,turtleneck,cargo pants,sandals,navy,blue,beige,oversized,oversized,baggy,streetwear,0.54,0.5,0.89,0.63,average
O01251,flannel,chinos,heels,blue,blue,beige,slim,tailored,oversized,casual,0.91,0.61,0.4,0.67,average
O01252,denim jacket,jeans,boots,white,navy,navy,tailored,oversized,regular,minimal,0.4,0.59,0.91,0.61,average
O01253,denim jacket,track pants,sandals,red,brown,green,regular,baggy,baggy,business,0.82,0.62,0.87,0.78,good
O01254,denim jacket,trousers,oxfords,beige,white,white,oversized,oversized,tailored,minimal,0.71,0.63,0.86,0.73,good
O01255,denim jacket,track pants,boots,red,blue,beige,regular,slim,tailored,streetwear,0.4,0.83,0.42,0.54,bad
O01256,turtleneck,cargo pants,sneakers,green,brown,brown,tailored,baggy,slim,business,0.8,0.46,0.74,0.68,average
O01257,flannel,trousers,oxfords,blue,brown,navy,baggy,regular,oversized,sport,0.47,0.59,0.46,0.5,bad
O01258,sweater,jeans,oxfords,red,gray,white,oversized,baggy,regular,minimal,0.52,0.83,0.84,0.71,average
O01259,sweater,cargo pants,loafers,beige,blue,white,tailored,baggy,oversized,casual,0.86,0.84,0.53,0.76,good
O01260,flannel,trousers,boots,green,black,white,baggy,slim,tailored,streetwear,0.82,0.59,0.62,0.69,average
O01261,black hoodie,track pants,boots,blue,red,gray,regular,oversized,tailored,sport,0.34,0.56,0.9,0.57,average
O01262,tank top,trousers,sneakers,white,brown,green,oversized,oversized,tailored,casual,0.89,0.72,0.77,0.8,good
O01263,sweater,jeans,heels,red,black,gray,tailored,tailored,regular,minimal,0.41,0.85,0.48,0.56,average
O01264,polo,track pants,heels,blue,blue,red,oversized,tailored,baggy,sport,0.73,0.92,0.47,0.71,average
O01265,sweater,trousers,sandals,green,beige,black,tailored,slim,oversized,minimal,0.38,0.7,0.48,0.51,bad
O01266,polo,cargo pants,sneakers,green,beige,red,tailored,tailored,slim,minimal,0.36,0.5,0.92,0.57,average
O01267,navy blazer,track pants,heels,beige,brown,navy,slim,tailored,slim,business,0.53,0.77,0.84,0.7,average
O01268,sweater,cargo pants,loafers,black,black,blue,oversized,baggy,oversized,business,0.92,0.89,0.55,0.8,good
O01269,tank top,trousers,heels,blue,white,blue,baggy,baggy,baggy,business,0.52,0.49,0.93,0.63,average
O01270,denim jacket,jeans,boots,brown,black,gray,regular,regular,regular,streetwear,0.7,0.85,0.72,0.75,good
O01271,black hoodie,chinos,loafers,green,navy,green,regular,oversized,slim,casual,0.93,0.78,0.48,0.75,good
O01272,polo,shorts,sandals,navy,blue,red,regular,regular,baggy,casual,0.45,0.49,0.79,0.56,average
O01273,flannel,trousers,oxfords,black,green,beige,baggy,slim,oversized,minimal,0.6,0.65,0.9,0.71,average
O01274,turtleneck,shorts,sandals,red,green,green,tailored,slim,baggy,streetwear,0.93,0.56,0.57,0.71,average
O01275,navy blazer,track pants,boots,black,blue,navy,oversized,slim,baggy,business,0.72,0.88,0.49,0.7,average
O01276,navy blazer,jeans,heels,green,blue,beige,slim,tailored,baggy,streetwear,0.94,0.73,0.41,0.72,average
O01277,polo,trousers,loafers,brown,green,beige,regular,tailored,baggy,casual,0.86,0.59,0.43,0.65,average
O01278,navy blazer,track pants,heels,gray,black,green,tailored,oversized,slim,business,0.67,0.84,0.66,0.72,average
O01279,flannel,track pants,loafers,brown,white,black,tailored,baggy,baggy,streetwear,0.53,0.7,0.63,0.61,average
O01280,graphic tee,chinos,loafers,brown,brown,navy,baggy,slim,oversized,minimal,0.38,0.66,0.45,0.49,bad
O01281,graphic tee,cargo pants,sneakers,navy,red,navy,slim,tailored,slim,casual,0.33,0.83,0.67,0.58,average
O01282,tank top,jeans,sneakers,brown,black,red,oversized,oversized,oversized,casual,0.81,0.79,0.95,0.85,good
O01283,navy blazer,chinos,sandals,white,green,black,oversized,regular,oversized,business,0.5,0.92,0.49,0.62,average
O01284,graphic tee,jeans,heels,black,blue,white,oversized,baggy,regular,casual,0.94,0.46,0.77,0.74,good
O01285,navy blazer,chinos,loafers,gray,beige,navy,oversized,regular,baggy,streetwear,0.51,0.93,0.76,0.71,average
O01286,flannel,chinos,loafers,navy,beige,blue,tailored,oversized,slim,business,0.9,0.54,0.52,0.68,average
O01287,tank top,skirt,oxfords,black,green,brown,slim,regular,regular,casual,0.86,0.92,0.84,0.87,good
O01288,polo,skirt,heels,brown,red,gray,slim,baggy,baggy,business,0.91,0.64,0.44,0.69,average
O01289,sweater,chinos,sandals,blue,brown,red,tailored,regular,regular,casual,0.33,0.89,0.92,0.68,average
O01290,tank top,cargo pants,oxfords,red,red,green,baggy,baggy,regular,casual,0.88,0.91,0.74,0.85,good
O01291,black hoodie,jeans,oxfords,blue,red,green,baggy,baggy,oversized,business,0.33,0.63,0.87,0.58,average
O01292,black hoodie,cargo pants,sneakers,white,brown,brown,regular,oversized,tailored,business,0.93,0.8,0.9,0.88,good
O01293,graphic tee,jeans,sandals,beige,white,black,regular,tailored,oversized,minimal,0.56,0.47,0.56,0.53,bad
O01294,tank top,jeans,sandals,navy,black,navy,tailored,tailored,baggy,casual,0.9,0.67,0.74,0.78,good
O01295,white tee,skirt,oxfords,white,brown,gray,slim,tailored,baggy,streetwear,0.5,0.66,0.52,0.55,bad
O01296,sweater,chinos,sandals,blue,navy,blue,regular,slim,baggy,minimal,0.94,0.49,0.78,0.76,good
O01297,turtleneck,cargo pants,sneakers,black,beige,black,oversized,oversized,oversized,streetwear,0.68,0.91,0.46,0.68,average
O01298,denim jacket,chinos,sandals,white,blue,brown,regular,oversized,baggy,business,0.83,0.79,0.54,0.73,good
O01299,black hoodie,jeans,boots,green,navy,gray,tailored,slim,tailored,casual,0.55,0.78,0.56,0.62,average
O01300,tank top,trousers,sandals,gray,white,gray,slim,tailored,slim,casual,0.68,0.63,0.8,0.7,average
O01301,black hoodie,chinos,sandals,gray,black,green,regular,baggy,tailored,streetwear,0.35,0.61,0.9,0.59,average
O01302,turtleneck,shorts,heels,red,black,red,tailored,regular,regular,minimal,0.9,0.57,0.88,0.8,good
O01303,navy blazer,chinos,sneakers,navy,white,gray,slim,regular,regular,streetwear,0.65,0.91,0.9,0.8,good
O01304,denim jacket,track pants,loafers,green,gray,red,oversized,regular,regular,minimal,0.81,0.81,0.64,0.76,good
O01305,polo,track pants,loafers,blue,brown,green,oversized,regular,regular,business,0.78,0.56,0.64,0.67,average
O01306,graphic tee,trousers,sneakers,green,gray,beige,regular,regular,oversized,streetwear,0.6,0.43,0.65,0.56,average
O01307,white tee,skirt,boots,beige,red,red,baggy,oversized,regular,minimal,0.33,0.63,0.79,0.56,average
O01308,tank top,shorts,sandals,navy,black,green,regular,baggy,oversized,business,0.56,0.63,0.62,0.6,average
O01309,polo,track pants,heels,navy,gray,white,regular,regular,oversized,minimal,0.57,0.9,0.85,0.75,good
O01310,flannel,track pants,sandals,brown,blue,red,oversized,oversized,tailored,business,0.86,0.86,0.47,0.74,good
O01311,denim jacket,trousers,boots,black,brown,blue,oversized,regular,slim,sport,0.95,0.79,0.82,0.86,good
O01312,flannel,jeans,heels,blue,gray,green,oversized,slim,slim,sport,0.6,0.62,0.65,0.62,average
O01313,turtleneck,chinos,sandals,black,brown,gray,oversized,oversized,oversized,sport,0.72,0.85,0.68,0.75,good
O01314,sweater,cargo pants,heels,blue,black,white,oversized,regular,regular,streetwear,0.92,0.75,0.48,0.74,good
O01315,flannel,shorts,sneakers,red,red,gray,tailored,baggy,baggy,casual,0.6,0.89,0.41,0.63,average
O01316,turtleneck,chinos,sneakers,blue,gray,red,oversized,oversized,slim,business,0.9,0.75,0.79,0.82,good
O01317,graphic tee,skirt,sandals,black,green,blue,baggy,baggy,tailored,minimal,0.85,0.87,0.74,0.82,good
O01318,polo,track pants,sandals,gray,blue,blue,baggy,oversized,regular,sport,0.89,0.83,0.84,0.86,good
O01319,linen shirt,chinos,oxfords,red,green,gray,tailored,regular,oversized,business,0.4,0.57,0.57,0.5,bad
O01320,navy blazer,jeans,boots,red,navy,gray,regular,tailored,oversized,casual,0.79,0.51,0.91,0.74,good
O01321,black hoodie,jeans,loafers,beige,black,brown,oversized,slim,tailored,minimal,0.87,0.58,0.88,0.79,good
O01322,flannel,cargo pants,sneakers,navy,brown,black,oversized,regular,slim,sport,0.53,0.72,0.48,0.57,average
O01323,denim jacket,chinos,heels,black,brown,gray,slim,oversized,oversized,streetwear,0.57,0.63,0.65,0.61,average
O01324,sweater,jeans,heels,navy,brown,gray,oversized,regular,oversized,business,0.91,0.62,0.89,0.82,good
O01325,white tee,skirt,oxfords,black,blue,blue,regular,tailored,tailored,minimal,0.72,0.89,0.84,0.81,good
O01326,navy blazer,jeans,sandals,black,navy,green,regular,tailored,regular,business,0.67,0.46,0.4,0.53,bad
O01327,sweater,skirt,loafers,navy,beige,white,regular,slim,baggy,business,0.73,0.89,0.54,0.72,average
O01328,denim jacket,shorts,heels,beige,white,white,oversized,tailored,tailored,sport,0.6,0.56,0.46,0.55,bad
O01329,linen shirt,chinos,sandals,gray,navy,red,baggy,oversized,tailored,casual,0.41,0.44,0.69,0.5,bad
O01330,graphic tee,track pants,loafers,white,blue,blue,baggy,tailored,regular,business,0.71,0.63,0.63,0.66,average
O01331,linen shirt,shorts,sandals,green,brown,red,regular,baggy,tailored,sport,0.56,0.59,0.58,0.57,average
O01332,flannel,shorts,heels,navy,black,gray,slim,slim,tailored,business,0.41,0.91,0.53,0.6,average
O01333,flannel,track pants,loafers,green,red,red,tailored,regular,slim,sport,0.39,0.88,0.56,0.59,average
O01334,graphic tee,skirt,heels,gray,navy,red,slim,baggy,baggy,minimal,0.74,0.5,0.56,0.61,average
O01335,tank top,cargo pants,sandals,white,navy,green,regular,slim,baggy,minimal,0.8,0.42,0.88,0.71,average
O01336,linen shirt,shorts,sandals,blue,black,black,oversized,slim,oversized,casual,0.61,0.43,0.77,0.6,average
O01337,navy blazer,trousers,boots,gray,gray,white,slim,slim,slim,casual,0.64,0.68,0.47,0.6,average
O01338,flannel,skirt,boots,navy,beige,brown,slim,slim,baggy,business,0.94,0.85,0.94,0.91,good
O01339,tank top,track pants,oxfords,beige,red,gray,oversized,tailored,regular,casual,0.33,0.78,0.47,0.51,bad
O01340,denim jacket,chinos,sneakers,beige,gray,red,slim,tailored,baggy,business,0.58,0.53,0.5,0.54,bad
O01341,polo,track pants,sandals,red,navy,red,oversized,tailored,slim,streetwear,0.44,0.47,0.77,0.55,bad
O01342,polo,chinos,oxfords,beige,gray,beige,tailored,tailored,slim,casual,0.9,0.49,0.77,0.74,good
O01343,tank top,track pants,heels,red,black,black,tailored,tailored,tailored,casual,0.85,0.91,0.56,0.78,good
O01344,tank top,track pants,sandals,green,gray,beige,oversized,baggy,baggy,streetwear,0.63,0.68,0.45,0.59,average
O01345,flannel,jeans,sandals,gray,black,white,baggy,oversized,tailored,business,0.55,0.8,0.57,0.63,average
O01346,turtleneck,skirt,heels,brown,white,red,baggy,tailored,baggy,minimal,0.49,0.62,0.65,0.58,average
O01347,white tee,trousers,loafers,navy,white,navy,tailored,oversized,tailored,business,0.54,0.41,0.82,0.58,average
O01348,linen shirt,track pants,sneakers,white,gray,black,oversized,oversized,tailored,business,0.85,0.62,0.63,0.72,average
O01349,tank top,shorts,loafers,green,navy,gray,oversized,tailored,regular,casual,0.71,0.41,0.89,0.67,average
O01350,tank top,skirt,sneakers,navy,blue,blue,baggy,oversized,baggy,sport,0.32,0.78,0.51,0.52,bad
O01351,turtleneck,skirt,sandals,beige,black,green,oversized,baggy,baggy,business,0.61,0.42,0.68,0.57,average
O01352,denim jacket,skirt,heels,gray,white,beige,tailored,baggy,slim,business,0.49,0.94,0.72,0.69,average
O01353,linen shirt,track pants,heels,white,black,navy,baggy,oversized,regular,sport,0.61,0.73,0.59,0.64,average
O01354,linen shirt,skirt,heels,brown,blue,red,slim,slim,slim,sport,0.59,0.74,0.47,0.6,average
O01355,sweater,shorts,oxfords,red,brown,green,slim,slim,baggy,streetwear,0.39,0.56,0.85,0.58,average
O01356,white tee,track pants,heels,gray,blue,black,baggy,regular,oversized,minimal,0.76,0.44,0.73,0.66,average
O01357,linen shirt,cargo pants,heels,navy,green,white,tailored,regular,oversized,minimal,0.43,0.47,0.52,0.47,bad
O01358,sweater,skirt,oxfords,red,gray,red,regular,tailored,baggy,sport,0.83,0.74,0.68,0.76,good
O01359,white tee,track pants,sandals,blue,brown,green,tailored,tailored,tailored,casual,0.45,0.79,0.92,0.69,average
O01360,linen shirt,track pants,sandals,blue,beige,brown,regular,regular,oversized,streetwear,0.67,0.6,0.62,0.63,average
O01361,tank top,skirt,boots,black,green,black,oversized,regular,tailored,business,0.75,0.48,0.64,0.64,average
O01362,linen shirt,jeans,boots,white,red,white,slim,regular,slim,minimal,0.57,0.4,0.45,0.48,bad
O01363,flannel,trousers,oxfords,blue,green,navy,slim,regular,slim,sport,0.38,0.54,0.52,0.47,bad
O01364,black hoodie,chinos,loafers,navy,brown,red,regular,tailored,tailored,business,0.9,0.9,0.41,0.75,good
O01365,black hoodie,jeans,loafers,blue,black,beige,baggy,tailored,regular,business,0.71,0.69,0.68,0.7,average
O01366,sweater,jeans,boots,blue,red,white,tailored,slim,slim,sport,0.3,0.44,0.56,0.42,bad
O01367,tank top,chinos,loafers,red,white,beige,baggy,slim,slim,streetwear,0.34,0.53,0.83,0.54,bad
O01368,polo,jeans,sneakers,beige,blue,gray,tailored,slim,oversized,streetwear,0.33,0.46,0.91,0.54,bad
O01369,flannel,track pants,oxfords,brown,white,brown,baggy,tailored,regular,casual,0.6,0.61,0.47,0.56,average
O01370,linen shirt,cargo pants,sneakers,navy,white,brown,regular,tailored,tailored,casual,0.72,0.47,0.91,0.7,average
O01371,flannel,track pants,sneakers,brown,brown,white,tailored,tailored,regular,business,0.73,0.79,0.49,0.68,average
O01372,black hoodie,track pants,heels,brown,green,beige,slim,slim,slim,sport,0.93,0.59,0.78,0.78,good
O01373,linen shirt,cargo pants,oxfords,gray,brown,green,regular,baggy,tailored,streetwear,0.48,0.94,0.94,0.76,good
O01374,tank top,shorts,oxfords,blue,green,black,regular,baggy,baggy,minimal,0.41,0.66,0.81,0.6,average
O01375,navy blazer,trousers,sneakers,red,gray,navy,oversized,baggy,tailored,minimal,0.84,0.42,0.65,0.66,average
O01376,black hoodie,skirt,loafers,red,brown,navy,slim,oversized,baggy,sport,0.57,0.91,0.89,0.77,good
O01377,white tee,track pants,oxfords,green,white,black,regular,regular,slim,minimal,0.91,0.83,0.83,0.86,good
O01378,sweater,track pants,sneakers,navy,brown,red,oversized,slim,oversized,casual,0.36,0.89,0.5,0.56,average
O01379,graphic tee,trousers,heels,navy,gray,red,baggy,baggy,baggy,sport,0.38,0.9,0.97,0.71,average
O01380,navy blazer,shorts,oxfords,blue,green,white,regular,slim,oversized,minimal,0.44,0.75,0.43,0.53,bad
O01381,turtleneck,track pants,sandals,gray,blue,black,oversized,oversized,oversized,sport,0.55,0.75,0.8,0.69,average
O01382,black hoodie,chinos,heels,beige,green,navy,regular,regular,baggy,streetwear,0.59,0.76,0.78,0.7,average
O01383,black hoodie,cargo pants,sneakers,green,green,black,baggy,oversized,tailored,streetwear,0.79,0.87,0.85,0.83,good
O01384,flannel,shorts,sneakers,black,white,green,slim,tailored,slim,streetwear,0.91,0.45,0.76,0.73,good
O01385,navy blazer,chinos,loafers,red,brown,navy,baggy,regular,regular,casual,0.49,0.81,0.76,0.67,average
O01386,white tee,shorts,heels,red,green,brown,oversized,baggy,oversized,minimal,0.61,0.68,0.46,0.59,average
O01387,denim jacket,chinos,sandals,red,white,white,slim,slim,slim,sport,0.46,0.45,0.75,0.54,bad
O01388,flannel,trousers,sandals,green,beige,blue,slim,slim,slim,casual,0.66,0.84,0.95,0.8,good
O01389,white tee,track pants,sandals,green,beige,white,baggy,slim,regular,minimal,0.45,0.49,0.46,0.47,bad
O01390,tank top,trousers,loafers,beige,brown,navy,regular,tailored,slim,streetwear,0.94,0.54,0.71,0.75,good
O01391,graphic tee,jeans,sandals,navy,brown,white,oversized,baggy,slim,streetwear,0.81,0.82,0.81,0.81,good
O01392,white tee,track pants,loafers,blue,blue,green,oversized,baggy,tailored,casual,0.33,0.42,0.51,0.41,bad
O01393,turtleneck,track pants,oxfords,white,white,green,baggy,regular,baggy,streetwear,0.34,0.64,0.65,0.52,bad
O01394,white tee,shorts,sandals,black,black,green,oversized,regular,regular,casual,0.76,0.69,0.52,0.67,average
O01395,turtleneck,skirt,oxfords,red,white,navy,tailored,slim,regular,business,0.77,0.41,0.8,0.67,average
O01396,turtleneck,chinos,oxfords,brown,green,gray,regular,slim,regular,sport,0.88,0.88,0.52,0.77,good
O01397,black hoodie,skirt,boots,red,red,blue,tailored,tailored,tailored,minimal,0.38,0.81,0.75,0.62,average
O01398,sweater,cargo pants,oxfords,gray,blue,navy,slim,slim,slim,casual,0.71,0.43,0.59,0.59,average
O01399,graphic tee,shorts,sneakers,gray,white,beige,tailored,tailored,regular,casual,0.93,0.83,0.54,0.78,good
O01400,turtleneck,track pants,boots,beige,beige,beige,slim,regular,regular,business,0.33,0.84,0.59,0.56,average
O01401,tank top,jeans,sneakers,red,red,black,baggy,baggy,regular,business,0.6,0.67,0.68,0.65,average
O01402,white tee,shorts,heels,black,beige,gray,regular,slim,tailored,minimal,0.93,0.74,0.48,0.74,good
O01403,flannel,jeans,loafers,red,white,blue,regular,tailored,slim,business,0.9,0.86,0.91,0.89,good
O01404,linen shirt,cargo pants,sandals,gray,red,blue,tailored,baggy,regular,minimal,0.91,0.64,0.62,0.74,good
O01405,black hoodie,shorts,heels,gray,beige,red,oversized,baggy,tailored,streetwear,0.56,0.82,0.47,0.61,average
O01406,black hoodie,trousers,heels,beige,red,white,slim,regular,oversized,streetwear,0.43,0.57,0.61,0.53,bad
O01407,tank top,track pants,loafers,beige,beige,green,oversized,oversized,oversized,sport,0.84,0.79,0.46,0.71,average
O01408,white tee,cargo pants,sneakers,gray,blue,green,baggy,regular,tailored,streetwear,0.36,0.57,0.54,0.48,bad
O01409,navy blazer,shorts,loafers,blue,white,green,regular,oversized,oversized,sport,0.67,0.72,0.94,0.77,good
O01410,black hoodie,cargo pants,heels,red,brown,gray,slim,oversized,tailored,casual,0.72,0.45,0.77,0.65,average
O01411,polo,jeans,loafers,red,red,green,regular,oversized,tailored,business,0.51,0.77,0.88,0.7,average
O01412,linen shirt,chinos,heels,blue,red,blue,tailored,regular,oversized,business,0.87,0.52,0.61,0.69,average
O01413,flannel,shorts,boots,brown,blue,red,baggy,baggy,tailored,minimal,0.64,0.75,0.74,0.7,average
O01414,black hoodie,trousers,oxfords,brown,navy,brown,oversized,baggy,regular,minimal,0.62,0.91,0.8,0.76,good
O01415,white tee,trousers,boots,black,white,brown,tailored,oversized,oversized,business,0.3,0.41,0.77,0.47,bad
O01416,turtleneck,track pants,oxfords,white,black,white,regular,regular,regular,business,0.46,0.67,0.89,0.65,average
O01417,graphic tee,cargo pants,sneakers,gray,navy,black,regular,tailored,tailored,business,0.61,0.55,0.5,0.56,average
O01418,navy blazer,skirt,sneakers,beige,blue,gray,tailored,tailored,tailored,casual,0.6,0.79,1.0,0.78,good
O01419,sweater,shorts,oxfords,brown,brown,blue,tailored,oversized,baggy,minimal,0.31,0.57,0.53,0.45,bad
O01420,black hoodie,shorts,sandals,gray,black,red,oversized,baggy,oversized,minimal,0.32,0.44,0.57,0.43,bad
O01421,denim jacket,chinos,sandals,red,brown,brown,slim,baggy,baggy,sport,0.56,0.82,0.48,0.61,average
O01422,navy blazer,track pants,sneakers,beige,gray,blue,slim,slim,oversized,business,0.91,0.81,0.6,0.79,good
O01423,navy blazer,skirt,sneakers,red,brown,white,slim,tailored,tailored,business,0.5,0.68,0.63,0.59,average
O01424,linen shirt,shorts,loafers,white,blue,navy,slim,oversized,regular,sport,0.87,0.63,0.91,0.81,good
O01425,linen shirt,jeans,sneakers,green,black,green,oversized,regular,oversized,casual,0.52,0.9,0.89,0.75,good
O01426,navy blazer,shorts,sneakers,green,white,black,baggy,slim,tailored,business,0.51,0.44,0.49,0.48,bad
O01427,black hoodie,chinos,heels,green,red,gray,oversized,slim,regular,streetwear,0.68,0.81,0.56,0.68,average
O01428,tank top,trousers,oxfords,green,black,gray,baggy,baggy,oversized,casual,0.68,0.74,0.7,0.7,average
O01429,graphic tee,shorts,sandals,blue,brown,black,tailored,regular,regular,streetwear,0.65,0.79,0.72,0.71,average
O01430,sweater,trousers,sandals,navy,white,black,baggy,baggy,baggy,sport,0.56,0.6,0.69,0.61,average
O01431,black hoodie,trousers,oxfords,red,blue,navy,regular,tailored,regular,sport,0.46,0.93,0.93,0.74,good
O01432,graphic tee,track pants,sandals,navy,blue,beige,oversized,tailored,oversized,business,0.79,0.71,0.57,0.7,average
O01433,graphic tee,chinos,loafers,navy,green,green,oversized,oversized,slim,business,0.37,0.85,0.55,0.57,average
O01434,sweater,chinos,loafers,brown,green,brown,regular,oversized,baggy,business,0.84,0.64,0.68,0.73,good
O01435,graphic tee,jeans,oxfords,gray,white,brown,oversized,slim,regular,casual,0.84,0.72,0.45,0.69,average
O01436,denim jacket,track pants,loafers,blue,beige,blue,slim,baggy,baggy,sport,0.81,0.7,0.78,0.77,good
O01437,denim jacket,skirt,boots,gray,navy,green,oversized,regular,slim,casual,0.51,0.69,0.56,0.58,average
O01438,turtleneck,jeans,loafers,beige,navy,navy,oversized,oversized,regular,business,0.37,0.87,0.57,0.58,average
O01439,graphic tee,chinos,sandals,green,gray,gray,tailored,baggy,slim,streetwear,0.64,0.49,0.76,0.63,average
O01440,navy blazer,shorts,oxfords,red,red,black,regular,tailored,slim,minimal,0.39,0.62,0.9,0.61,average
O01441,turtleneck,jeans,sneakers,green,gray,black,baggy,baggy,oversized,minimal,0.75,0.94,0.83,0.83,good
O01442,linen shirt,track pants,sandals,navy,red,brown,slim,oversized,slim,business,0.66,0.76,0.75,0.72,average
O01443,sweater,trousers,heels,navy,green,beige,baggy,regular,slim,streetwear,0.61,0.66,0.43,0.57,average
O01444,denim jacket,cargo pants,sandals,beige,red,black,oversized,slim,slim,sport,0.55,0.44,0.59,0.53,bad
O01445,tank top,track pants,heels,blue,white,blue,regular,regular,oversized,minimal,0.8,0.41,0.54,0.61,average
O01446,black hoodie,skirt,oxfords,navy,beige,green,baggy,oversized,baggy,casual,0.82,0.63,0.92,0.79,good
O01447,turtleneck,shorts,sneakers,brown,navy,blue,baggy,slim,slim,streetwear,0.32,0.77,0.87,0.62,average
O01448,graphic tee,cargo pants,oxfords,beige,brown,beige,tailored,oversized,regular,sport,0.56,0.53,0.73,0.6,average
O01449,turtleneck,chinos,sneakers,beige,green,green,slim,tailored,regular,business,0.45,0.59,0.93,0.64,average
O01450,flannel,trousers,oxfords,white,red,brown,baggy,baggy,tailored,minimal,0.65,0.91,0.92,0.81,good
O01451,flannel,trousers,heels,white,white,green,baggy,baggy,baggy,casual,0.45,0.56,0.6,0.53,bad
O01452,navy blazer,skirt,sneakers,black,red,red,slim,tailored,baggy,sport,0.85,0.57,0.69,0.72,average
O01453,sweater,skirt,sandals,brown,blue,beige,tailored,oversized,slim,minimal,0.71,0.66,0.48,0.63,average
O01454,linen shirt,cargo pants,boots,brown,navy,black,oversized,oversized,baggy,minimal,0.32,0.66,0.44,0.46,bad
O01455,navy blazer,jeans,oxfords,brown,gray,navy,baggy,oversized,baggy,business,0.5,0.76,0.6,0.61,average
O01456,polo,shorts,boots,white,gray,beige,regular,tailored,slim,sport,0.86,0.94,0.81,0.87,good
O01457,linen shirt,skirt,sandals,green,blue,black,oversized,oversized,regular,business,0.58,0.75,0.59,0.63,average
O01458,tank top,track pants,sandals,red,green,gray,tailored,tailored,regular,sport,0.45,0.91,0.93,0.73,good
O01459,navy blazer,jeans,heels,green,navy,green,baggy,oversized,baggy,business,0.42,0.44,0.67,0.5,bad
O01460,black hoodie,cargo pants,sneakers,navy,black,navy,regular,oversized,baggy,streetwear,0.8,0.54,0.66,0.68,average
O01461,navy blazer,chinos,sneakers,brown,white,blue,tailored,slim,regular,casual,0.46,0.92,0.78,0.69,average
O01462,flannel,shorts,heels,black,navy,blue,slim,regular,tailored,streetwear,0.35,0.51,0.75,0.52,bad
O01463,white tee,track pants,oxfords,brown,beige,white,baggy,regular,tailored,business,0.79,0.7,0.42,0.65,average
O01464,polo,track pants,heels,beige,green,gray,regular,slim,regular,casual,0.58,0.68,0.48,0.58,average
O01465,flannel,shorts,heels,green,green,gray,baggy,regular,tailored,business,0.65,0.63,0.86,0.71,average
O01466,denim jacket,shorts,loafers,blue,beige,navy,tailored,oversized,slim,sport,0.62,0.91,0.83,0.77,good
O01467,black hoodie,jeans,sneakers,green,navy,black,oversized,oversized,regular,business,0.43,0.79,0.86,0.67,average
O01468,turtleneck,jeans,oxfords,black,green,black,slim,slim,baggy,streetwear,0.55,0.81,0.7,0.67,average
O01469,flannel,jeans,loafers,brown,white,red,tailored,regular,tailored,sport,0.93,0.84,0.85,0.88,good
O01470,linen shirt,trousers,sandals,blue,navy,white,baggy,tailored,oversized,streetwear,0.71,0.81,0.56,0.69,average
O01471,navy blazer,jeans,sneakers,red,red,white,tailored,regular,oversized,streetwear,0.91,0.53,0.49,0.67,average
O01472,white tee,skirt,boots,brown,green,blue,regular,oversized,baggy,sport,0.55,0.46,0.6,0.54,bad
O01473,denim jacket,trousers,sneakers,white,beige,beige,slim,baggy,oversized,casual,0.71,0.47,0.41,0.55,bad
O01474,turtleneck,track pants,boots,navy,beige,red,baggy,oversized,tailored,casual,0.81,0.57,0.48,0.64,average
O01475,linen shirt,skirt,sneakers,green,gray,blue,regular,regular,oversized,casual,0.9,0.62,0.69,0.75,good
O01476,polo,chinos,sneakers,blue,blue,white,tailored,oversized,oversized,business,0.34,0.55,0.79,0.54,bad
O01477,linen shirt,trousers,sandals,white,brown,gray,oversized,oversized,baggy,minimal,0.39,0.77,0.67,0.59,average
O01478,tank top,shorts,boots,red,gray,gray,oversized,baggy,oversized,minimal,0.63,0.62,0.7,0.65,average
O01479,graphic tee,shorts,loafers,white,blue,navy,baggy,slim,slim,business,0.31,0.74,0.6,0.53,bad
O01480,linen shirt,cargo pants,sneakers,beige,black,navy,regular,tailored,slim,sport,0.88,0.85,0.43,0.74,good
O01481,denim jacket,cargo pants,loafers,white,white,red,regular,baggy,baggy,sport,0.39,0.8,0.76,0.62,average
O01482,white tee,trousers,sneakers,red,white,red,baggy,regular,tailored,casual,0.84,0.65,0.79,0.77,good
O01483,black hoodie,track pants,loafers,white,green,beige,oversized,slim,tailored,minimal,0.45,0.77,0.71,0.62,average
O01484,tank top,trousers,sneakers,green,black,green,baggy,slim,baggy,casual,0.45,0.48,0.89,0.59,average
O01485,flannel,cargo pants,sandals,blue,navy,black,regular,baggy,oversized,streetwear,0.54,0.74,0.82,0.68,average
O01486,black hoodie,trousers,sneakers,navy,gray,red,oversized,slim,baggy,casual,0.73,0.47,0.79,0.67,average
O01487,linen shirt,skirt,oxfords,black,beige,beige,regular,tailored,tailored,streetwear,0.47,0.85,0.47,0.58,average
O01488,black hoodie,chinos,loafers,gray,brown,black,tailored,slim,baggy,business,0.47,0.49,0.5,0.48,bad
O01489,graphic tee,cargo pants,loafers,beige,navy,navy,oversized,regular,slim,casual,0.74,0.48,0.82,0.69,average
O01490,navy blazer,cargo pants,oxfords,navy,blue,brown,baggy,tailored,baggy,minimal,0.92,0.83,0.51,0.77,good
O01491,white tee,chinos,sneakers,beige,blue,brown,slim,oversized,oversized,minimal,0.51,0.93,0.75,0.71,average
O01492,turtleneck,skirt,loafers,green,black,black,tailored,baggy,tailored,streetwear,0.64,0.61,0.47,0.58,average
O01493,black hoodie,shorts,heels,red,white,navy,tailored,regular,baggy,minimal,0.92,0.45,0.76,0.73,good
O01494,sweater,jeans,loafers,black,brown,gray,regular,regular,slim,minimal,0.75,0.42,0.58,0.6,average
O01495,black hoodie,shorts,oxfords,black,brown,navy,tailored,tailored,baggy,business,0.66,0.43,0.44,0.53,bad
O01496,graphic tee,cargo pants,sandals,black,green,beige,oversized,oversized,regular,streetwear,0.56,0.57,0.91,0.67,average
O01497,white tee,cargo pants,boots,navy,red,green,oversized,tailored,tailored,casual,0.34,0.68,0.44,0.47,bad
O01498,white tee,cargo pants,heels,white,navy,beige,oversized,tailored,regular,streetwear,0.62,0.65,0.82,0.69,average
O01499,sweater,skirt,heels,navy,gray,navy,regular,tailored,tailored,streetwear,0.9,0.69,0.56,0.74,good
O01500,linen shirt,chinos,heels,green,beige,navy,slim,tailored,regular,casual,0.94,0.47,0.65,0.71,average
O01501,graphic tee,trousers,loafers,beige,beige,green,oversized,oversized,tailored,minimal,0.92,0.82,0.68,0.82,good
O01502,polo,chinos,oxfords,green,white,brown,slim,regular,regular,streetwear,0.73,0.76,0.57,0.69,average
O01503,turtleneck,skirt,boots,green,beige,red,slim,slim,tailored,casual,0.75,0.54,0.44,0.59,average
O01504,polo,chinos,heels,red,brown,white,slim,oversized,baggy,streetwear,0.65,0.55,0.74,0.65,average
O01505,black hoodie,cargo pants,sandals,brown,white,gray,baggy,baggy,baggy,business,0.31,0.42,1.0,0.55,bad
O01506,flannel,shorts,sneakers,brown,brown,navy,baggy,tailored,regular,sport,0.35,0.62,0.65,0.52,bad
O01507,polo,trousers,sneakers,blue,red,blue,oversized,oversized,slim,streetwear,0.69,0.61,0.91,0.73,good
O01508,denim jacket,shorts,sneakers,blue,brown,red,tailored,oversized,regular,business,0.35,0.43,0.61,0.45,bad
O01509,turtleneck,shorts,sandals,green,green,black,oversized,tailored,slim,streetwear,0.85,0.82,0.48,0.73,good
O01510,turtleneck,skirt,oxfords,blue,red,red,regular,regular,regular,sport,0.36,0.81,0.74,0.61,average
O01511,tank top,trousers,sandals,blue,red,beige,oversized,slim,oversized,streetwear,0.36,0.66,0.52,0.5,bad
O01512,linen shirt,cargo pants,loafers,beige,brown,gray,slim,baggy,regular,casual,0.57,0.59,0.67,0.61,average
O01513,turtleneck,cargo pants,heels,green,black,white,baggy,tailored,regular,minimal,0.62,0.58,0.67,0.62,average
O01514,white tee,skirt,sandals,brown,red,white,regular,regular,oversized,sport,0.93,0.48,0.62,0.7,average
O01515,polo,trousers,sandals,beige,beige,blue,slim,tailored,tailored,streetwear,0.82,0.92,0.74,0.83,good
O01516,polo,skirt,loafers,gray,black,white,regular,regular,baggy,streetwear,0.4,0.57,0.7,0.54,bad
O01517,sweater,shorts,oxfords,blue,gray,white,oversized,baggy,oversized,sport,0.7,0.45,0.77,0.65,average
O01518,black hoodie,trousers,heels,blue,beige,gray,tailored,baggy,regular,casual,0.71,0.55,0.71,0.66,average
O01519,polo,jeans,sneakers,navy,red,gray,slim,regular,baggy,sport,0.59,0.5,0.59,0.56,average
O01520,turtleneck,shorts,boots,red,beige,blue,slim,oversized,tailored,casual,0.4,0.43,0.75,0.51,bad
O01521,tank top,jeans,boots,white,red,blue,regular,regular,oversized,casual,0.59,0.52,0.62,0.58,average
O01522,turtleneck,jeans,sneakers,brown,green,beige,slim,tailored,regular,minimal,0.85,0.72,0.94,0.84,good
O01523,black hoodie,jeans,heels,beige,black,gray,oversized,regular,baggy,casual,0.75,0.7,0.51,0.66,average
O01524,turtleneck,shorts,heels,red,white,beige,regular,tailored,baggy,sport,0.75,0.76,0.73,0.75,good
O01525,flannel,cargo pants,oxfords,brown,white,white,regular,tailored,slim,business,0.73,0.66,0.59,0.67,average
O01526,denim jacket,track pants,sneakers,beige,beige,green,regular,slim,baggy,minimal,0.33,0.7,0.53,0.5,bad
O01527,denim jacket,chinos,boots,navy,red,white,tailored,slim,slim,business,0.35,0.6,0.49,0.47,bad
O01528,flannel,skirt,boots,green,blue,blue,oversized,slim,slim,casual,0.46,0.7,0.88,0.66,average
O01529,linen shirt,chinos,loafers,red,brown,gray,baggy,oversized,tailored,business,0.51,0.95,0.66,0.69,average
O01530,sweater,shorts,sandals,white,blue,gray,oversized,regular,oversized,streetwear,0.57,0.53,0.57,0.56,average
O01531,polo,trousers,sneakers,green,white,brown,oversized,oversized,oversized,casual,0.44,0.75,0.85,0.66,average
O01532,navy blazer,track pants,boots,white,black,green,slim,baggy,baggy,sport,0.43,0.67,0.81,0.62,average
O01533,linen shirt,shorts,boots,red,brown,brown,tailored,tailored,baggy,minimal,0.35,0.85,0.46,0.53,bad
O01534,linen shirt,jeans,loafers,brown,white,red,slim,tailored,oversized,streetwear,0.74,0.41,0.65,0.61,average
O01535,flannel,chinos,sneakers,green,green,blue,baggy,baggy,slim,sport,0.52,0.94,0.68,0.69,average
O01536,black hoodie,track pants,sneakers,gray,gray,black,slim,regular,regular,streetwear,0.84,0.58,0.62,0.7,average
O01537,navy blazer,chinos,sneakers,beige,green,beige,tailored,tailored,regular,streetwear,0.77,0.83,0.82,0.8,good
O01538,linen shirt,skirt,sneakers,blue,white,brown,regular,slim,oversized,minimal,0.51,0.5,0.8,0.59,average
O01539,flannel,jeans,sneakers,beige,navy,gray,tailored,baggy,oversized,minimal,0.47,0.79,0.47,0.57,average
O01540,linen shirt,cargo pants,heels,red,navy,beige,oversized,slim,oversized,casual,0.81,0.8,0.94,0.85,good
O01541,flannel,track pants,boots,brown,gray,white,slim,baggy,oversized,sport,0.46,0.59,0.58,0.53,bad
O01542,turtleneck,track pants,sneakers,red,green,red,regular,baggy,baggy,casual,0.62,0.49,0.48,0.54,bad
O01543,white tee,shorts,boots,red,gray,green,regular,baggy,baggy,minimal,0.62,0.59,0.88,0.69,average
O01544,tank top,shorts,loafers,black,gray,black,oversized,baggy,regular,minimal,0.89,0.59,0.49,0.68,average
O01545,denim jacket,track pants,heels,green,brown,blue,regular,tailored,tailored,streetwear,0.48,0.85,0.78,0.68,average
O01546,navy blazer,chinos,sneakers,white,blue,black,oversized,slim,oversized,casual,0.91,0.83,0.57,0.78,good
O01547,black hoodie,track pants,sneakers,beige,beige,white,tailored,tailored,slim,minimal,0.44,0.84,0.52,0.58,average
O01548,navy blazer,trousers,oxfords,blue,blue,beige,tailored,slim,oversized,sport,0.45,0.91,0.7,0.66,average
O01549,denim jacket,track pants,sandals,black,beige,white,slim,baggy,baggy,business,0.87,0.56,0.79,0.75,good
O01550,denim jacket,jeans,loafers,navy,green,beige,oversized,tailored,slim,sport,0.48,0.87,0.69,0.66,average
O01551,black hoodie,track pants,oxfords,navy,black,gray,oversized,slim,oversized,streetwear,0.44,0.58,0.73,0.57,average
O01552,graphic tee,trousers,heels,red,black,gray,slim,tailored,baggy,streetwear,0.54,0.59,0.86,0.65,average
O01553,graphic tee,chinos,boots,gray,black,black,tailored,regular,slim,casual,0.58,0.48,0.86,0.63,average
O01554,black hoodie,track pants,heels,blue,beige,blue,tailored,slim,slim,streetwear,0.67,0.6,0.43,0.58,average
O01555,tank top,track pants,loafers,gray,green,blue,regular,baggy,slim,casual,0.92,0.67,0.59,0.75,good
O01556,linen shirt,skirt,sandals,black,green,green,baggy,slim,tailored,casual,0.6,0.77,0.51,0.62,average
O01557,graphic tee,shorts,heels,navy,green,black,regular,oversized,tailored,minimal,0.39,0.44,0.49,0.44,bad
O01558,denim jacket,skirt,sneakers,blue,navy,navy,slim,slim,slim,sport,0.62,0.6,0.89,0.7,average
O01559,white tee,shorts,sandals,blue,brown,beige,slim,baggy,regular,casual,0.86,0.76,0.64,0.76,good
O01560,polo,chinos,sandals,green,navy,red,slim,baggy,oversized,business,0.93,0.73,0.55,0.76,good
O01561,denim jacket,cargo pants,heels,brown,brown,white,tailored,oversized,slim,business,0.63,0.52,0.83,0.66,average
O01562,black hoodie,jeans,sneakers,blue,white,green,regular,tailored,baggy,minimal,0.47,0.93,0.8,0.71,average
O01563,polo,chinos,oxfords,navy,red,black,oversized,oversized,oversized,casual,0.64,0.94,0.47,0.68,average
O01564,graphic tee,skirt,sandals,red,black,white,tailored,regular,oversized,minimal,0.76,0.58,0.77,0.71,average
O01565,tank top,chinos,sandals,gray,green,green,slim,slim,oversized,business,0.43,0.69,0.91,0.65,average
O01566,linen shirt,skirt,oxfords,beige,gray,green,oversized,baggy,tailored,sport,0.61,0.55,0.58,0.58,average
O01567,denim jacket,trousers,loafers,brown,white,green,oversized,baggy,oversized,business,0.36,0.79,0.8,0.62,average
O01568,graphic tee,cargo pants,sneakers,blue,red,black,regular,tailored,slim,business,0.56,0.45,0.43,0.49,bad
O01569,black hoodie,trousers,loafers,black,gray,blue,tailored,baggy,slim,casual,0.34,0.81,0.83,0.63,average
O01570,turtleneck,skirt,heels,beige,navy,red,regular,tailored,oversized,streetwear,0.76,0.61,0.61,0.67,average
O01571,denim jacket,skirt,heels,green,red,red,baggy,regular,tailored,business,0.51,0.92,0.76,0.71,average
O01572,graphic tee,chinos,heels,white,red,green,regular,baggy,baggy,sport,0.68,0.64,0.41,0.59,average
O01573,polo,jeans,oxfords,red,green,black,slim,oversized,slim,business,0.49,0.52,0.92,0.63,average
O01574,polo,chinos,heels,green,beige,brown,baggy,oversized,oversized,business,0.45,0.43,0.55,0.47,bad
O01575,tank top,chinos,loafers,red,white,red,oversized,tailored,baggy,sport,0.85,0.58,0.74,0.74,good
O01576,polo,shorts,heels,green,beige,gray,baggy,regular,regular,casual,0.53,0.6,0.9,0.66,average
O01577,flannel,shorts,oxfords,white,red,green,oversized,tailored,baggy,streetwear,0.73,0.77,0.43,0.65,average
O01578,linen shirt,jeans,boots,red,red,gray,baggy,slim,oversized,minimal,0.87,0.58,0.42,0.65,average
O01579,navy blazer,shorts,heels,blue,navy,brown,slim,oversized,baggy,minimal,0.95,0.9,0.63,0.84,good
O01580,black hoodie,cargo pants,loafers,brown,blue,black,regular,regular,slim,business,0.65,0.47,0.6,0.58,average
O01581,denim jacket,chinos,oxfords,brown,navy,red,tailored,slim,oversized,sport,0.6,0.59,0.87,0.68,average
O01582,navy blazer,cargo pants,sneakers,navy,green,brown,tailored,oversized,regular,streetwear,0.43,0.53,0.68,0.54,bad
O01583,white tee,chinos,boots,green,red,gray,slim,oversized,baggy,streetwear,0.52,0.74,0.5,0.58,average
O01584,navy blazer,cargo pants,sandals,black,gray,beige,regular,slim,regular,business,0.54,0.56,0.85,0.64,average
O01585,black hoodie,trousers,loafers,blue,black,brown,oversized,baggy,baggy,casual,0.85,0.88,0.92,0.88,good
O01586,polo,chinos,oxfords,gray,blue,blue,slim,baggy,tailored,sport,0.79,0.8,0.78,0.79,good
O01587,polo,jeans,sandals,black,brown,blue,regular,regular,oversized,sport,0.83,0.6,0.94,0.79,good
O01588,polo,trousers,heels,green,navy,red,slim,regular,baggy,sport,0.48,0.79,0.83,0.68,average
O01589,flannel,chinos,oxfords,red,brown,white,oversized,slim,slim,sport,0.48,0.51,0.6,0.52,bad
O01590,black hoodie,chinos,sandals,gray,brown,navy,tailored,slim,slim,streetwear,0.3,0.48,0.47,0.41,bad
O01591,denim jacket,trousers,loafers,beige,red,green,oversized,regular,baggy,minimal,0.48,0.54,0.91,0.63,average
O01592,navy blazer,jeans,sneakers,black,brown,navy,regular,tailored,baggy,casual,0.37,0.42,0.89,0.54,bad
O01593,graphic tee,track pants,heels,green,red,gray,slim,baggy,regular,sport,0.52,0.62,0.41,0.52,bad
O01594,linen shirt,skirt,heels,red,red,gray,tailored,tailored,slim,minimal,0.59,0.79,0.93,0.75,good
O01595,black hoodie,chinos,loafers,white,white,blue,regular,tailored,regular,minimal,0.32,0.41,0.81,0.49,bad
O01596,sweater,trousers,boots,green,gray,white,baggy,oversized,slim,streetwear,0.74,0.49,0.76,0.67,average
O01597,flannel,jeans,oxfords,navy,beige,navy,slim,tailored,regular,streetwear,0.69,0.87,0.51,0.69,average
O01598,black hoodie,skirt,sneakers,green,red,white,slim,baggy,tailored,streetwear,0.33,0.84,0.76,0.61,average
O01599,polo,trousers,oxfords,red,green,gray,regular,tailored,tailored,minimal,0.79,0.91,0.85,0.84,good
O01600,turtleneck,track pants,heels,brown,navy,blue,baggy,regular,baggy,casual,0.42,0.88,0.85,0.69,average
O01601,linen shirt,track pants,heels,brown,navy,white,oversized,baggy,baggy,casual,0.82,0.48,0.57,0.64,average
O01602,black hoodie,track pants,heels,red,gray,gray,baggy,oversized,baggy,business,0.37,0.45,0.75,0.51,bad
O01603,flannel,chinos,sandals,red,black,green,tailored,oversized,baggy,streetwear,0.73,0.91,0.43,0.69,average
O01604,denim jacket,track pants,loafers,brown,navy,navy,baggy,tailored,regular,casual,0.54,0.57,0.68,0.59,average
O01605,sweater,skirt,oxfords,black,navy,gray,baggy,regular,baggy,minimal,0.63,0.43,0.91,0.65,average
O01606,polo,trousers,loafers,blue,blue,navy,baggy,baggy,regular,minimal,0.45,0.57,0.64,0.54,bad
O01607,flannel,jeans,oxfords,white,green,red,regular,baggy,tailored,sport,0.39,0.81,0.45,0.53,bad
O01608,linen shirt,trousers,oxfords,red,beige,green,tailored,tailored,tailored,business,0.35,0.88,0.74,0.63,average
O01609,flannel,skirt,oxfords,black,black,red,baggy,tailored,baggy,business,0.45,0.62,0.64,0.56,average
O01610,graphic tee,jeans,sandals,brown,green,brown,oversized,slim,slim,casual,0.92,0.79,0.59,0.78,good
O01611,polo,shorts,heels,white,beige,brown,oversized,tailored,tailored,business,0.72,0.85,0.84,0.79,good
O01612,sweater,track pants,sneakers,beige,red,red,tailored,slim,regular,casual,0.33,0.45,0.47,0.41,bad
O01613,polo,skirt,sneakers,beige,navy,gray,slim,tailored,oversized,sport,0.5,0.42,0.69,0.53,bad
O01614,linen shirt,track pants,oxfords,navy,black,white,tailored,oversized,tailored,minimal,0.57,0.74,0.43,0.58,average
O01615,tank top,shorts,oxfords,green,brown,beige,oversized,slim,regular,casual,0.75,0.83,0.9,0.82,good
O01616,sweater,track pants,sandals,white,white,blue,regular,tailored,baggy,casual,0.32,0.91,0.69,0.61,average
O01617,linen shirt,track pants,boots,blue,blue,gray,oversized,slim,slim,sport,0.36,0.91,0.68,0.62,average
O01618,polo,skirt,loafers,blue,beige,white,tailored,regular,regular,minimal,0.55,0.75,0.5,0.59,average
O01619,linen shirt,cargo pants,heels,white,navy,green,tailored,regular,slim,sport,0.51,0.44,0.64,0.53,bad
O01620,navy blazer,skirt,boots,green,navy,gray,slim,tailored,regular,casual,0.43,0.7,0.95,0.67,average
O01621,denim jacket,jeans,sandals,brown,green,white,tailored,regular,regular,minimal,0.76,0.47,0.77,0.68,average
O01622,flannel,trousers,oxfords,green,black,green,baggy,tailored,tailored,business,0.92,0.48,0.55,0.68,average
O01623,polo,track pants,sneakers,red,green,white,slim,regular,baggy,casual,0.33,0.6,0.92,0.59,average
O01624,polo,chinos,sandals,gray,navy,white,oversized,oversized,baggy,sport,0.9,0.74,0.77,0.81,good
O01625,tank top,trousers,heels,green,blue,white,baggy,oversized,baggy,streetwear,0.37,0.9,0.41,0.54,bad
O01626,turtleneck,cargo pants,sneakers,green,red,navy,baggy,slim,baggy,business,0.56,0.87,0.93,0.76,good
O01627,graphic tee,trousers,sandals,navy,beige,white,slim,baggy,regular,minimal,0.85,0.84,0.79,0.83,good
O01628,navy blazer,track pants,sandals,blue,beige,navy,oversized,regular,regular,streetwear,0.79,0.75,0.41,0.66,average
O01629,linen shirt,track pants,boots,beige,white,brown,baggy,slim,regular,casual,0.66,0.73,0.84,0.73,good
O01630,white tee,trousers,loafers,gray,brown,green,slim,slim,oversized,streetwear,0.65,0.48,0.61,0.59,average
O01631,black hoodie,trousers,sandals,beige,brown,white,baggy,baggy,regular,minimal,0.83,0.51,0.79,0.72,average
O01632,linen shirt,skirt,loafers,blue,green,red,baggy,oversized,regular,business,0.38,0.72,0.93,0.65,average
O01633,turtleneck,jeans,loafers,black,blue,blue,oversized,regular,slim,sport,0.33,0.49,0.56,0.45,bad
O01634,turtleneck,shorts,boots,navy,beige,white,slim,baggy,tailored,business,0.88,0.71,0.76,0.79,good
O01635,tank top,skirt,heels,brown,gray,brown,tailored,tailored,oversized,business,0.51,0.59,0.8,0.62,average
O01636,flannel,chinos,boots,red,brown,red,baggy,oversized,oversized,streetwear,0.38,0.58,0.83,0.57,average
O01637,denim jacket,track pants,oxfords,white,blue,black,baggy,baggy,regular,business,0.86,0.44,0.74,0.7,average
O01638,polo,shorts,heels,beige,red,brown,slim,tailored,baggy,streetwear,0.35,0.73,0.78,0.59,average
O01639,white tee,chinos,loafers,blue,red,black,regular,regular,oversized,streetwear,0.46,0.6,0.49,0.51,bad
O01640,linen shirt,jeans,sneakers,beige,red,white,tailored,tailored,regular,sport,0.67,0.57,0.53,0.6,average
O01641,navy blazer,shorts,sandals,red,beige,gray,tailored,slim,baggy,casual,0.55,0.57,0.92,0.67,average
O01642,flannel,skirt,sandals,white,navy,white,regular,slim,baggy,minimal,0.41,0.41,0.71,0.5,bad
O01643,black hoodie,shorts,sneakers,green,brown,navy,slim,oversized,slim,streetwear,0.55,0.86,0.67,0.68,average
O01644,white tee,track pants,heels,blue,beige,beige,oversized,oversized,tailored,casual,0.7,0.48,0.75,0.65,average
O01645,black hoodie,jeans,sneakers,navy,white,red,baggy,baggy,oversized,casual,0.52,0.79,0.6,0.62,average
O01646,white tee,shorts,boots,red,brown,brown,regular,slim,slim,sport,0.79,0.57,0.72,0.7,average
O01647,black hoodie,chinos,oxfords,brown,green,red,baggy,regular,regular,business,0.42,0.94,0.43,0.58,average
O01648,linen shirt,trousers,sneakers,red,green,beige,regular,slim,slim,minimal,0.63,0.49,0.43,0.53,bad
O01649,linen shirt,trousers,sandals,gray,black,red,baggy,regular,regular,business,0.79,0.51,0.9,0.74,good
O01650,denim jacket,skirt,loafers,white,blue,brown,slim,oversized,tailored,sport,0.7,0.57,0.88,0.71,average
O01651,sweater,jeans,heels,white,gray,gray,regular,slim,tailored,streetwear,0.36,0.64,0.46,0.47,bad
O01652,tank top,track pants,sandals,beige,black,green,regular,regular,slim,streetwear,0.76,0.62,0.68,0.69,average
O01653,black hoodie,track pants,boots,navy,navy,gray,oversized,oversized,slim,minimal,0.35,0.72,0.54,0.52,bad
O01654,sweater,jeans,boots,gray,blue,black,oversized,regular,baggy,business,0.42,0.63,0.75,0.58,average
O01655,tank top,track pants,boots,blue,blue,gray,regular,regular,tailored,minimal,0.59,0.42,0.4,0.48,bad
O01656,graphic tee,trousers,heels,navy,navy,blue,oversized,baggy,regular,sport,0.34,0.56,0.65,0.5,bad
O01657,linen shirt,shorts,sandals,brown,black,blue,slim,baggy,baggy,minimal,0.5,0.76,0.93,0.71,average
O01658,graphic tee,chinos,boots,blue,blue,brown,baggy,tailored,tailored,minimal,0.41,0.43,0.69,0.5,bad
O01659,polo,skirt,oxfords,green,beige,beige,oversized,tailored,slim,streetwear,0.41,0.47,0.82,0.55,bad
O01660,flannel,cargo pants,sneakers,red,red,green,baggy,oversized,oversized,streetwear,0.74,0.47,0.57,0.61,average
O01661,graphic tee,chinos,heels,red,blue,white,regular,slim,oversized,business,0.42,0.66,0.77,0.6,average
O01662,tank top,cargo pants,heels,gray,black,green,slim,oversized,oversized,minimal,0.73,0.67,0.63,0.68,average
O01663,sweater,chinos,sneakers,blue,beige,brown,tailored,slim,tailored,streetwear,0.7,0.41,0.8,0.64,average
O01664,turtleneck,jeans,boots,green,green,white,tailored,baggy,slim,casual,0.37,0.93,0.69,0.63,average
O01665,navy blazer,skirt,loafers,green,brown,white,baggy,slim,oversized,minimal,0.56,0.64,0.44,0.55,bad
O01666,navy blazer,track pants,oxfords,black,blue,green,baggy,slim,slim,business,0.31,0.5,0.93,0.55,bad
O01667,sweater,skirt,loafers,blue,gray,green,tailored,baggy,baggy,sport,0.8,0.54,0.63,0.67,average
O01668,flannel,chinos,loafers,brown,beige,black,oversized,slim,tailored,casual,0.69,0.59,0.77,0.68,average
O01669,tank top,cargo pants,heels,red,green,white,regular,tailored,slim,minimal,0.41,0.77,0.46,0.53,bad
O01670,flannel,track pants,boots,black,green,navy,slim,baggy,regular,casual,0.75,0.75,0.64,0.72,average
O01671,sweater,cargo pants,heels,white,beige,navy,baggy,tailored,slim,business,0.31,0.47,0.77,0.5,bad
O01672,polo,shorts,sneakers,black,black,gray,regular,oversized,oversized,sport,0.68,0.6,0.54,0.61,average
O01673,turtleneck,cargo pants,oxfords,black,blue,white,oversized,tailored,tailored,sport,0.34,0.41,0.65,0.45,bad
O01674,graphic tee,cargo pants,heels,green,green,red,regular,regular,tailored,streetwear,0.82,0.78,0.71,0.78,good
O01675,flannel,track pants,heels,white,navy,navy,baggy,tailored,baggy,streetwear,0.36,0.68,0.77,0.58,average
O01676,flannel,jeans,sneakers,red,blue,red,baggy,tailored,baggy,minimal,0.91,0.48,0.72,0.72,average
O01677,turtleneck,chinos,loafers,gray,green,red,regular,regular,tailored,casual,0.56,0.77,0.45,0.59,average
O01678,sweater,skirt,loafers,navy,white,red,slim,slim,slim,sport,0.68,0.75,0.63,0.69,average
O01679,graphic tee,jeans,boots,black,gray,brown,slim,baggy,tailored,business,0.92,0.85,0.63,0.81,good
O01680,sweater,chinos,sandals,black,navy,black,oversized,tailored,tailored,casual,0.71,0.93,0.94,0.84,good
O01681,sweater,cargo pants,boots,white,brown,beige,slim,baggy,tailored,sport,0.44,0.93,0.74,0.68,average
O01682,navy blazer,skirt,sandals,red,green,beige,slim,tailored,oversized,business,0.89,0.93,0.9,0.91,good
O01683,black hoodie,shorts,oxfords,gray,gray,navy,baggy,tailored,oversized,casual,0.48,0.69,0.9,0.67,average
O01684,white tee,jeans,oxfords,brown,red,brown,regular,regular,tailored,casual,0.59,0.92,0.71,0.72,average
O01685,tank top,cargo pants,heels,navy,beige,white,tailored,oversized,tailored,minimal,0.44,0.65,0.78,0.6,average
O01686,navy blazer,skirt,boots,red,navy,black,regular,oversized,baggy,sport,0.32,0.92,0.55,0.57,average
O01687,turtleneck,track pants,boots,white,red,beige,baggy,regular,oversized,business,0.88,0.46,0.57,0.66,average
O01688,flannel,cargo pants,boots,red,white,brown,regular,baggy,baggy,sport,0.47,0.65,0.48,0.53,bad
O01689,flannel,trousers,sneakers,white,green,brown,baggy,slim,oversized,business,0.7,0.71,0.43,0.62,average
O01690,graphic tee,jeans,heels,brown,navy,red,tailored,baggy,regular,casual,0.37,0.53,0.55,0.47,bad
O01691,linen shirt,track pants,oxfords,black,green,navy,slim,regular,oversized,casual,0.59,0.47,0.63,0.57,average
O01692,polo,trousers,oxfords,green,black,navy,regular,regular,regular,casual,0.69,0.4,0.62,0.58,average
O01693,denim jacket,cargo pants,heels,white,blue,beige,regular,oversized,baggy,minimal,0.65,0.56,0.94,0.71,average
O01694,denim jacket,trousers,loafers,gray,beige,red,slim,baggy,slim,casual,0.78,0.68,0.79,0.75,good
O01695,tank top,skirt,sneakers,black,red,beige,tailored,regular,baggy,minimal,0.51,0.8,0.7,0.65,average
O01696,navy blazer,chinos,heels,white,red,white,baggy,baggy,regular,minimal,0.76,0.5,0.41,0.58,average
O01697,denim jacket,chinos,boots,black,navy,red,slim,oversized,slim,sport,0.84,0.94,0.76,0.85,good
O01698,turtleneck,cargo pants,oxfords,black,red,blue,tailored,tailored,slim,business,0.41,0.79,0.53,0.56,average
O01699,flannel,shorts,oxfords,white,red,brown,oversized,tailored,regular,minimal,0.42,0.59,0.95,0.63,average
O01700,white tee,shorts,boots,white,white,blue,tailored,slim,baggy,business,0.52,0.76,0.9,0.71,average
O01701,white tee,shorts,boots,green,navy,white,baggy,baggy,tailored,sport,0.42,0.86,0.61,0.61,average
O01702,black hoodie,skirt,oxfords,green,beige,beige,oversized,oversized,baggy,streetwear,0.94,0.49,0.85,0.78,good
O01703,graphic tee,skirt,boots,beige,blue,beige,baggy,slim,regular,minimal,0.63,0.57,0.65,0.62,average
O01704,polo,skirt,oxfords,red,black,beige,slim,regular,tailored,business,0.82,0.59,0.8,0.74,good
O01705,graphic tee,jeans,sneakers,brown,red,red,tailored,baggy,baggy,casual,0.46,0.57,0.65,0.55,bad
O01706,polo,skirt,loafers,green,black,red,slim,slim,tailored,casual,0.91,0.55,0.66,0.73,good
O01707,sweater,chinos,oxfords,navy,beige,black,slim,regular,slim,sport,0.89,0.52,0.81,0.76,good
O01708,turtleneck,skirt,boots,red,gray,navy,baggy,baggy,slim,casual,0.55,0.76,0.49,0.59,average
O01709,polo,jeans,boots,green,red,green,regular,oversized,slim,casual,0.41,0.79,0.89,0.67,average
O01710,flannel,cargo pants,loafers,gray,navy,navy,regular,tailored,baggy,business,0.4,0.76,0.95,0.67,average
O01711,tank top,skirt,loafers,blue,gray,blue,tailored,regular,oversized,minimal,0.49,0.46,0.78,0.57,average
O01712,white tee,shorts,oxfords,green,beige,red,slim,tailored,regular,streetwear,0.62,0.5,0.89,0.67,average
O01713,sweater,cargo pants,sandals,navy,white,beige,regular,tailored,tailored,business,0.51,0.47,0.43,0.47,bad
O01714,black hoodie,cargo pants,sandals,beige,blue,brown,regular,regular,tailored,business,0.58,0.94,0.44,0.65,average
O01715,turtleneck,trousers,heels,blue,blue,white,regular,oversized,slim,casual,0.44,0.77,0.44,0.54,bad
O01716,flannel,shorts,boots,green,black,red,tailored,tailored,regular,casual,0.41,0.43,0.74,0.52,bad
O01717,tank top,skirt,heels,green,green,blue,regular,oversized,baggy,streetwear,0.92,0.82,0.67,0.81,good
O01718,turtleneck,jeans,boots,beige,navy,beige,slim,slim,regular,minimal,0.8,0.81,0.53,0.72,average
O01719,linen shirt,track pants,heels,navy,black,red,baggy,oversized,tailored,business,0.34,0.48,0.41,0.4,bad
O01720,flannel,chinos,boots,white,red,green,baggy,tailored,regular,casual,0.62,0.63,0.65,0.63,average
O01721,flannel,chinos,boots,black,beige,brown,tailored,regular,tailored,streetwear,0.73,0.94,0.83,0.82,good
O01722,denim jacket,jeans,heels,blue,gray,green,slim,baggy,oversized,minimal,0.4,0.86,0.89,0.69,average
O01723,turtleneck,jeans,sandals,green,beige,black,baggy,regular,oversized,business,0.41,0.69,0.46,0.51,bad
O01724,linen shirt,cargo pants,oxfords,red,brown,green,oversized,baggy,regular,sport,0.38,0.58,0.72,0.54,bad
O01725,sweater,cargo pants,oxfords,white,beige,white,oversized,oversized,oversized,sport,0.56,0.61,0.87,0.67,average
O01726,black hoodie,shorts,boots,blue,gray,brown,slim,tailored,slim,streetwear,0.34,0.92,0.95,0.7,average
O01727,sweater,cargo pants,loafers,green,beige,white,baggy,regular,baggy,streetwear,0.32,0.59,0.72,0.52,bad
O01728,denim jacket,cargo pants,sneakers,beige,white,beige,slim,oversized,oversized,casual,0.48,0.59,0.5,0.52,bad
O01729,linen shirt,track pants,oxfords,black,green,black,slim,regular,regular,sport,0.93,0.73,0.65,0.79,good
O01730,linen shirt,track pants,boots,navy,red,navy,oversized,baggy,oversized,casual,0.84,0.57,0.42,0.63,average
O01731,polo,trousers,loafers,beige,green,navy,tailored,slim,oversized,minimal,0.74,0.85,0.54,0.71,average
O01732,polo,jeans,heels,blue,red,black,regular,oversized,baggy,business,0.41,0.9,0.79,0.67,average
O01733,graphic tee,trousers,heels,gray,blue,navy,tailored,regular,tailored,sport,0.62,0.46,0.48,0.53,bad
O01734,navy blazer,track pants,heels,brown,navy,red,regular,regular,slim,sport,0.57,0.45,0.82,0.61,average
O01735,black hoodie,skirt,boots,green,navy,green,oversized,regular,slim,business,0.48,0.59,0.72,0.58,average
O01736,white tee,cargo pants,loafers,navy,blue,black,regular,oversized,tailored,business,0.65,0.58,0.78,0.67,average
O01737,tank top,track pants,oxfords,black,green,black,regular,slim,baggy,sport,0.44,0.92,0.43,0.58,average
O01738,denim jacket,jeans,boots,black,black,gray,tailored,baggy,oversized,minimal,0.64,0.83,0.8,0.74,good
O01739,linen shirt,skirt,loafers,green,green,red,oversized,tailored,baggy,sport,0.67,0.68,0.73,0.69,average
O01740,graphic tee,trousers,boots,brown,white,beige,oversized,regular,oversized,minimal,0.55,0.85,0.92,0.75,good
O01741,sweater,cargo pants,loafers,beige,blue,black,tailored,tailored,baggy,casual,0.54,0.77,0.88,0.71,average
O01742,graphic tee,track pants,sneakers,white,white,brown,regular,slim,slim,sport,0.33,0.88,0.47,0.54,bad
O01743,black hoodie,trousers,sneakers,navy,red,navy,slim,oversized,regular,streetwear,0.74,0.56,0.41,0.59,average
O01744,graphic tee,shorts,boots,blue,white,beige,regular,baggy,slim,casual,0.57,0.4,0.5,0.5,bad
O01745,sweater,skirt,boots,navy,black,brown,regular,oversized,oversized,minimal,0.36,0.7,0.81,0.6,average
O01746,navy blazer,shorts,heels,green,navy,red,tailored,tailored,baggy,business,0.84,0.82,0.53,0.74,good
O01747,linen shirt,jeans,sandals,red,green,red,tailored,slim,tailored,sport,0.65,0.48,0.76,0.63,average
O01748,tank top,cargo pants,sneakers,blue,brown,brown,regular,baggy,baggy,sport,0.5,0.66,0.76,0.63,average
O01749,linen shirt,chinos,sandals,beige,blue,green,regular,baggy,oversized,minimal,0.69,0.62,0.52,0.62,average
O01750,white tee,skirt,loafers,red,gray,navy,baggy,oversized,baggy,business,0.56,0.94,0.57,0.68,average
O01751,polo,chinos,heels,red,black,green,baggy,oversized,tailored,sport,0.75,0.55,0.77,0.7,average
O01752,tank top,jeans,heels,beige,brown,gray,oversized,baggy,baggy,sport,0.59,0.85,0.87,0.75,good
O01753,white tee,skirt,boots,beige,black,black,slim,oversized,tailored,sport,0.78,0.65,0.74,0.73,good
O01754,navy blazer,jeans,boots,gray,green,gray,baggy,oversized,baggy,minimal,0.58,0.57,0.6,0.58,average
O01755,polo,shorts,sneakers,beige,brown,blue,regular,oversized,baggy,business,0.69,0.81,0.73,0.74,good
O01756,turtleneck,chinos,sneakers,beige,beige,blue,slim,regular,slim,business,0.64,0.84,0.59,0.69,average
O01757,white tee,skirt,boots,green,red,green,regular,tailored,regular,streetwear,0.61,0.76,0.41,0.59,average
O01758,white tee,track pants,sandals,white,brown,gray,slim,regular,slim,minimal,0.5,0.92,0.49,0.62,average
O01759,navy blazer,track pants,sneakers,green,beige,beige,tailored,regular,regular,streetwear,0.75,0.83,0.93,0.83,good
O01760,flannel,jeans,heels,brown,black,blue,baggy,regular,oversized,sport,0.9,0.95,0.79,0.88,good
O01761,navy blazer,cargo pants,heels,beige,white,green,baggy,slim,slim,minimal,0.71,0.86,0.47,0.68,average
O01762,navy blazer,chinos,loafers,black,navy,navy,tailored,regular,tailored,minimal,0.43,0.57,0.95,0.63,average
O01763,turtleneck,shorts,oxfords,green,beige,brown,regular,oversized,slim,business,0.95,0.94,0.95,0.95,good
O01764,white tee,skirt,sandals,gray,brown,beige,oversized,regular,oversized,streetwear,0.42,0.57,0.64,0.53,bad
O01765,navy blazer,trousers,heels,brown,white,blue,slim,regular,slim,casual,0.56,0.51,0.53,0.54,bad
O01766,polo,trousers,boots,gray,red,black,regular,baggy,regular,business,0.57,0.81,0.72,0.69,average
O01767,black hoodie,track pants,oxfords,white,blue,blue,tailored,regular,regular,business,0.44,0.51,0.49,0.48,bad
O01768,denim jacket,trousers,oxfords,green,gray,white,regular,oversized,slim,minimal,0.38,0.61,0.93,0.61,average
O01769,polo,shorts,loafers,gray,red,blue,baggy,slim,slim,streetwear,0.72,0.73,0.84,0.76,good
O01770,navy blazer,shorts,heels,black,red,white,oversized,regular,oversized,business,0.59,0.93,0.43,0.64,average
O01771,turtleneck,skirt,sneakers,gray,red,red,baggy,tailored,tailored,casual,0.77,0.87,0.55,0.73,good
O01772,white tee,jeans,sandals,red,white,blue,slim,regular,tailored,business,0.88,0.92,0.41,0.75,good
O01773,turtleneck,trousers,sneakers,green,white,red,tailored,oversized,tailored,sport,0.34,0.81,0.67,0.58,average
O01774,white tee,track pants,loafers,gray,green,green,regular,tailored,slim,casual,0.64,0.83,0.53,0.66,average
O01775,navy blazer,shorts,boots,white,blue,brown,baggy,oversized,slim,minimal,0.73,0.7,0.67,0.7,average
O01776,denim jacket,track pants,sneakers,white,green,brown,slim,oversized,baggy,streetwear,0.69,0.51,0.75,0.65,average
O01777,navy blazer,track pants,sandals,gray,brown,white,baggy,slim,baggy,casual,0.85,0.72,0.79,0.79,good
O01778,navy blazer,skirt,heels,green,white,navy,baggy,oversized,tailored,casual,0.7,0.41,0.52,0.56,average
O01779,graphic tee,shorts,boots,green,green,gray,baggy,regular,oversized,business,0.36,0.46,0.86,0.54,bad
O01780,polo,skirt,loafers,brown,red,green,oversized,slim,oversized,sport,0.41,0.87,0.49,0.57,average
O01781,linen shirt,chinos,sneakers,brown,navy,gray,baggy,regular,tailored,minimal,0.49,0.68,0.59,0.58,average
O01782,flannel,track pants,sneakers,beige,brown,black,regular,baggy,slim,minimal,0.32,0.73,0.61,0.53,bad
O01783,turtleneck,track pants,boots,brown,brown,black,tailored,baggy,baggy,sport,0.41,0.93,0.6,0.62,average
O01784,flannel,cargo pants,sneakers,navy,blue,white,slim,tailored,tailored,minimal,0.69,0.81,0.42,0.64,average
O01785,denim jacket,track pants,oxfords,black,green,white,regular,oversized,oversized,sport,0.66,0.45,0.75,0.62,average
O01786,turtleneck,shorts,heels,blue,green,navy,tailored,oversized,baggy,business,0.83,0.5,0.92,0.76,good
O01787,black hoodie,skirt,sneakers,black,white,black,slim,slim,oversized,streetwear,0.92,0.69,0.75,0.8,good
O01788,linen shirt,shorts,sandals,white,navy,red,tailored,oversized,tailored,business,0.65,0.47,0.5,0.55,bad
O01789,graphic tee,shorts,boots,beige,red,brown,tailored,regular,regular,minimal,0.69,0.85,0.82,0.78,good
O01790,denim jacket,skirt,loafers,brown,red,red,regular,regular,tailored,business,0.46,0.69,0.66,0.59,average
O01791,tank top,track pants,sneakers,navy,gray,navy,regular,regular,regular,business,0.88,0.8,0.45,0.73,good
O01792,polo,chinos,boots,blue,gray,gray,oversized,regular,baggy,business,0.38,0.51,0.56,0.47,bad
O01793,tank top,cargo pants,heels,green,navy,navy,regular,baggy,slim,minimal,0.64,0.77,0.62,0.67,average
O01794,tank top,cargo pants,boots,black,black,navy,oversized,regular,oversized,business,0.85,0.84,0.8,0.83,good
O01795,navy blazer,track pants,sneakers,navy,white,beige,baggy,baggy,slim,minimal,0.56,0.92,0.61,0.68,average
O01796,white tee,shorts,sandals,black,white,white,slim,oversized,slim,minimal,0.71,0.58,0.8,0.7,average
O01797,linen shirt,cargo pants,oxfords,black,gray,navy,slim,slim,tailored,business,0.69,0.78,0.82,0.76,good
O01798,flannel,chinos,heels,green,beige,blue,slim,slim,baggy,sport,0.35,0.74,0.65,0.56,average
O01799,navy blazer,chinos,loafers,green,beige,green,baggy,baggy,tailored,business,0.79,0.69,0.84,0.78,good
O01800,denim jacket,chinos,boots,green,white,green,slim,regular,tailored,business,0.95,0.81,0.41,0.75,good
O01801,tank top,cargo pants,loafers,beige,black,beige,regular,baggy,slim,streetwear,0.91,0.86,0.47,0.76,good
O01802,linen shirt,jeans,heels,black,navy,red,regular,slim,baggy,streetwear,0.63,0.91,0.63,0.71,average
O01803,black hoodie,trousers,sandals,gray,red,black,oversized,tailored,baggy,casual,0.84,0.85,0.71,0.8,good
O01804,graphic tee,shorts,sneakers,green,navy,red,tailored,oversized,regular,sport,0.37,0.88,0.68,0.62,average
O01805,graphic tee,jeans,sneakers,gray,white,gray,tailored,slim,tailored,sport,0.65,0.56,0.6,0.61,average
O01806,flannel,cargo pants,sneakers,gray,blue,beige,regular,oversized,slim,streetwear,0.35,0.74,0.83,0.61,average
O01807,graphic tee,trousers,sandals,brown,gray,blue,regular,tailored,baggy,minimal,0.91,0.48,0.41,0.63,average
O01808,turtleneck,jeans,sneakers,navy,brown,black,oversized,slim,regular,streetwear,0.8,0.61,0.53,0.66,average
O01809,turtleneck,shorts,heels,navy,red,red,baggy,tailored,baggy,minimal,0.86,0.69,0.58,0.73,good
O01810,white tee,skirt,boots,navy,red,beige,baggy,tailored,oversized,business,0.88,0.78,0.58,0.76,good
O01811,denim jacket,jeans,boots,brown,beige,navy,regular,baggy,oversized,minimal,0.41,0.63,0.6,0.53,bad
O01812,polo,jeans,sandals,green,white,black,baggy,oversized,regular,casual,0.4,0.55,0.61,0.51,bad
O01813,graphic tee,chinos,boots,blue,green,brown,baggy,regular,oversized,casual,0.54,0.71,0.41,0.55,bad
O01814,white tee,skirt,boots,gray,white,white,slim,baggy,regular,casual,0.55,0.42,0.69,0.55,bad
O01815,polo,jeans,loafers,white,black,brown,tailored,regular,regular,sport,0.5,0.74,0.51,0.58,average
O01816,black hoodie,cargo pants,heels,beige,gray,blue,baggy,slim,baggy,sport,0.76,0.69,0.63,0.7,average
O01817,sweater,trousers,sandals,black,beige,white,tailored,tailored,oversized,casual,0.92,0.68,0.44,0.7,average
O01818,linen shirt,track pants,loafers,blue,navy,navy,oversized,oversized,slim,streetwear,0.58,0.8,0.63,0.66,average
O01819,tank top,track pants,sneakers,beige,blue,green,regular,slim,slim,streetwear,0.61,0.43,0.51,0.53,bad
O01820,black hoodie,trousers,oxfords,gray,white,brown,oversized,slim,baggy,sport,0.86,0.89,0.89,0.88,good
O01821,black hoodie,skirt,oxfords,white,brown,brown,baggy,oversized,slim,sport,0.51,0.64,0.69,0.6,average
O01822,tank top,trousers,oxfords,navy,brown,black,oversized,regular,tailored,minimal,0.52,0.9,0.84,0.73,good
O01823,linen shirt,skirt,oxfords,white,blue,navy,tailored,slim,regular,minimal,0.55,0.64,0.72,0.63,average
O01824,tank top,track pants,oxfords,gray,brown,beige,tailored,oversized,slim,minimal,0.44,0.43,0.89,0.57,average
O01825,polo,track pants,sandals,gray,brown,red,oversized,oversized,oversized,streetwear,0.71,0.53,0.99,0.74,good
O01826,sweater,trousers,sandals,gray,brown,gray,tailored,slim,oversized,streetwear,0.6,0.66,0.85,0.69,average
O01827,navy blazer,shorts,oxfords,blue,brown,beige,slim,tailored,baggy,business,0.53,0.55,0.58,0.55,bad
O01828,navy blazer,shorts,oxfords,gray,brown,green,baggy,slim,tailored,streetwear,0.75,0.41,0.69,0.63,average
O01829,white tee,skirt,heels,beige,black,gray,slim,regular,baggy,casual,0.51,0.63,0.54,0.56,average
O01830,tank top,jeans,heels,gray,green,beige,baggy,tailored,tailored,streetwear,0.57,0.72,0.57,0.61,average
O01831,turtleneck,skirt,sneakers,white,beige,green,oversized,oversized,baggy,streetwear,0.5,0.94,0.62,0.67,average
O01832,black hoodie,jeans,boots,brown,navy,red,slim,regular,tailored,sport,0.34,0.58,0.4,0.43,bad
O01833,tank top,skirt,heels,brown,beige,red,regular,regular,baggy,sport,0.79,0.81,0.64,0.75,good
O01834,flannel,track pants,sandals,beige,blue,navy,tailored,regular,slim,minimal,0.56,0.84,0.88,0.74,good
O01835,turtleneck,skirt,sneakers,navy,gray,blue,baggy,tailored,tailored,business,0.38,0.73,0.75,0.6,average
O01836,linen shirt,track pants,heels,red,brown,red,regular,regular,slim,casual,0.6,0.58,0.44,0.55,bad
O01837,linen shirt,trousers,heels,gray,navy,black,baggy,tailored,regular,minimal,0.89,0.63,0.79,0.78,good
O01838,polo,trousers,heels,red,blue,gray,oversized,oversized,regular,business,0.76,0.67,0.49,0.65,average
O01839,black hoodie,cargo pants,oxfords,brown,black,beige,oversized,oversized,regular,business,0.34,0.83,0.46,0.52,bad
O01840,turtleneck,skirt,boots,blue,brown,black,oversized,regular,tailored,business,0.39,0.67,0.9,0.63,average
O01841,polo,cargo pants,loafers,red,gray,green,slim,oversized,regular,casual,0.78,0.75,0.69,0.74,good
O01842,navy blazer,shorts,boots,brown,brown,navy,oversized,baggy,regular,sport,0.76,0.48,0.5,0.6,average
O01843,sweater,chinos,heels,red,brown,beige,oversized,baggy,slim,streetwear,0.37,0.42,0.94,0.56,average
O01844,tank top,jeans,boots,red,brown,black,tailored,tailored,baggy,sport,0.62,0.62,0.46,0.57,average
O01845,linen shirt,jeans,heels,gray,black,red,oversized,tailored,oversized,streetwear,0.73,0.88,0.56,0.72,average
O01846,sweater,skirt,loafers,blue,beige,brown,oversized,tailored,oversized,sport,0.43,0.65,0.73,0.59,average
O01847,navy blazer,jeans,sandals,black,green,red,baggy,oversized,regular,casual,0.75,0.93,0.71,0.79,good
O01848,white tee,chinos,oxfords,red,beige,red,slim,regular,tailored,minimal,0.84,0.44,0.87,0.73,good
O01849,graphic tee,cargo pants,sneakers,gray,blue,brown,baggy,tailored,tailored,casual,0.85,0.67,0.83,0.79,good
O01850,graphic tee,cargo pants,heels,black,white,white,tailored,oversized,regular,casual,0.51,0.71,0.68,0.62,average
O01851,turtleneck,skirt,oxfords,green,blue,brown,tailored,regular,oversized,minimal,0.68,0.56,0.78,0.67,average
O01852,navy blazer,skirt,boots,black,brown,navy,tailored,oversized,baggy,minimal,0.54,0.48,0.83,0.61,average
O01853,white tee,shorts,heels,white,beige,brown,slim,tailored,baggy,streetwear,0.34,0.74,0.44,0.49,bad
O01854,black hoodie,shorts,sneakers,black,gray,green,regular,baggy,oversized,streetwear,0.93,0.78,0.94,0.89,good
O01855,white tee,track pants,sandals,brown,navy,blue,tailored,regular,oversized,streetwear,0.82,0.88,0.84,0.84,good
O01856,tank top,shorts,sneakers,black,beige,gray,baggy,regular,regular,streetwear,0.41,0.46,0.51,0.46,bad
O01857,graphic tee,trousers,sandals,blue,beige,beige,regular,tailored,regular,minimal,0.94,0.55,0.86,0.8,good
O01858,black hoodie,track pants,oxfords,brown,beige,navy,regular,tailored,oversized,streetwear,0.63,0.41,0.92,0.65,average
O01859,linen shirt,chinos,oxfords,brown,blue,white,slim,regular,regular,streetwear,0.47,0.48,0.55,0.5,bad
O01860,denim jacket,shorts,loafers,green,white,beige,baggy,regular,baggy,sport,0.79,0.42,0.51,0.6,average
O01861,tank top,trousers,heels,white,blue,green,regular,tailored,baggy,sport,0.57,0.88,0.6,0.67,average
O01862,navy blazer,skirt,sneakers,blue,black,gray,baggy,baggy,tailored,minimal,0.69,0.41,0.74,0.62,average
O01863,linen shirt,cargo pants,boots,blue,green,green,regular,tailored,oversized,business,0.82,0.86,0.41,0.71,average
O01864,tank top,cargo pants,oxfords,navy,blue,green,slim,slim,slim,minimal,0.82,0.46,0.75,0.69,average
O01865,turtleneck,chinos,loafers,blue,red,white,oversized,baggy,regular,casual,0.59,0.68,0.62,0.63,average
O01866,denim jacket,shorts,sneakers,brown,green,black,regular,regular,baggy,streetwear,0.38,0.81,0.85,0.65,average
O01867,navy blazer,chinos,heels,gray,green,gray,slim,baggy,regular,streetwear,0.9,0.46,0.67,0.7,average
O01868,graphic tee,skirt,sneakers,brown,white,red,baggy,slim,regular,streetwear,0.73,0.83,0.75,0.77,good
O01869,white tee,track pants,heels,black,red,gray,slim,baggy,baggy,sport,0.42,0.81,0.44,0.54,bad
O01870,navy blazer,jeans,loafers,black,gray,white,tailored,regular,tailored,sport,0.79,0.84,0.84,0.82,good
O01871,navy blazer,trousers,oxfords,red,red,navy,regular,tailored,baggy,streetwear,0.93,0.79,0.85,0.86,good
O01872,turtleneck,jeans,loafers,navy,gray,gray,baggy,slim,oversized,minimal,0.65,0.74,0.65,0.68,average
O01873,flannel,chinos,sneakers,beige,blue,white,tailored,regular,baggy,sport,0.44,0.41,0.8,0.54,bad
O01874,polo,shorts,loafers,brown,white,green,tailored,slim,regular,sport,0.77,0.46,0.41,0.57,average
O01875,sweater,chinos,loafers,brown,navy,red,slim,oversized,baggy,casual,0.79,0.68,0.91,0.79,good
O01876,sweater,trousers,oxfords,red,blue,navy,oversized,tailored,oversized,business,0.77,0.66,0.53,0.67,average
O01877,graphic tee,shorts,heels,red,black,white,baggy,baggy,oversized,business,0.8,0.5,0.66,0.67,average
O01878,black hoodie,skirt,sneakers,red,black,gray,slim,tailored,slim,minimal,0.34,0.83,0.84,0.64,average
O01879,flannel,jeans,boots,red,black,brown,tailored,regular,slim,sport,0.89,0.87,0.77,0.85,good
O01880,linen shirt,jeans,sandals,blue,black,black,tailored,slim,tailored,casual,0.82,0.52,0.85,0.74,good
O01881,white tee,jeans,sneakers,blue,brown,green,slim,slim,oversized,streetwear,0.62,0.95,0.47,0.67,average
O01882,white tee,jeans,sneakers,brown,navy,green,tailored,oversized,baggy,sport,0.43,0.45,0.73,0.53,bad
O01883,turtleneck,chinos,sandals,beige,brown,gray,tailored,regular,oversized,minimal,0.67,0.74,0.86,0.75,good
O01884,denim jacket,trousers,sandals,blue,blue,brown,tailored,oversized,tailored,sport,0.73,0.78,0.66,0.72,average
O01885,turtleneck,jeans,boots,navy,black,white,tailored,slim,baggy,business,0.6,0.53,0.67,0.6,average
O01886,linen shirt,skirt,oxfords,black,gray,red,regular,regular,tailored,sport,0.72,0.78,0.47,0.66,average
O01887,polo,cargo pants,heels,white,blue,black,regular,slim,baggy,sport,0.45,0.49,0.65,0.52,bad
O01888,flannel,trousers,sneakers,red,blue,red,baggy,baggy,tailored,minimal,0.67,0.45,0.89,0.67,average
O01889,tank top,trousers,heels,black,green,beige,tailored,tailored,regular,casual,0.92,0.5,0.69,0.72,average
O01890,sweater,cargo pants,sandals,navy,black,white,oversized,oversized,slim,casual,0.61,0.45,0.62,0.56,average
O01891,denim jacket,trousers,heels,blue,black,beige,tailored,slim,regular,business,0.89,0.77,0.45,0.72,average
O01892,sweater,cargo pants,oxfords,brown,blue,brown,slim,slim,regular,casual,0.69,0.51,0.58,0.6,average
O01893,graphic tee,skirt,loafers,white,blue,red,oversized,regular,tailored,streetwear,0.59,0.52,0.78,0.63,average
O01894,sweater,track pants,sandals,blue,navy,blue,baggy,tailored,baggy,business,0.45,0.78,0.73,0.63,average
O01895,sweater,cargo pants,sandals,blue,red,black,oversized,oversized,tailored,casual,0.59,0.86,0.88,0.76,good
O01896,graphic tee,cargo pants,loafers,brown,beige,white,regular,tailored,baggy,minimal,0.9,0.65,0.78,0.79,good
O01897,sweater,trousers,sandals,white,green,navy,regular,baggy,baggy,sport,0.79,0.51,0.91,0.74,good
O01898,flannel,skirt,heels,beige,brown,brown,slim,regular,baggy,sport,0.44,0.7,0.47,0.53,bad
O01899,turtleneck,shorts,sneakers,black,white,white,regular,baggy,tailored,casual,0.36,0.42,0.57,0.44,bad
O01900,black hoodie,shorts,loafers,navy,green,navy,slim,oversized,oversized,minimal,0.31,0.49,0.9,0.54,bad
O01901,linen shirt,jeans,loafers,navy,blue,gray,baggy,tailored,slim,minimal,0.86,0.49,0.66,0.69,average
O01902,graphic tee,skirt,loafers,red,red,navy,slim,regular,oversized,streetwear,0.91,0.59,0.79,0.78,good
O01903,navy blazer,skirt,oxfords,white,gray,navy,tailored,tailored,slim,sport,0.47,0.76,0.66,0.61,average
O01904,graphic tee,shorts,heels,gray,red,brown,oversized,baggy,slim,minimal,0.42,0.41,0.86,0.55,bad
O01905,white tee,track pants,heels,beige,red,white,baggy,baggy,oversized,business,0.8,0.44,0.8,0.69,average
O01906,tank top,jeans,boots,white,green,white,oversized,regular,regular,sport,0.41,0.41,0.41,0.41,bad
O01907,turtleneck,trousers,sneakers,brown,beige,beige,tailored,tailored,regular,casual,0.5,0.7,0.5,0.56,average
O01908,graphic tee,shorts,sandals,green,beige,red,tailored,tailored,oversized,minimal,0.67,0.87,0.51,0.68,average
O01909,linen shirt,chinos,sneakers,navy,green,red,slim,baggy,regular,business,0.57,0.84,0.68,0.68,average
O01910,navy blazer,track pants,oxfords,green,gray,blue,oversized,regular,oversized,streetwear,0.91,0.58,0.4,0.66,average
O01911,graphic tee,track pants,heels,brown,gray,red,baggy,regular,baggy,sport,0.6,0.74,0.77,0.69,average
O01912,black hoodie,shorts,boots,red,gray,white,tailored,regular,oversized,minimal,0.75,0.85,0.49,0.7,average
O01913,graphic tee,track pants,oxfords,blue,navy,black,regular,tailored,oversized,business,0.54,0.72,0.45,0.57,average
O01914,linen shirt,skirt,heels,red,green,black,slim,oversized,slim,streetwear,0.69,0.8,0.94,0.8,good
O01915,navy blazer,skirt,oxfords,gray,green,red,slim,tailored,tailored,casual,0.75,0.65,0.79,0.73,good
O01916,tank top,track pants,heels,red,brown,beige,oversized,regular,slim,business,0.62,0.93,0.67,0.73,good
O01917,linen shirt,track pants,sneakers,brown,red,red,oversized,regular,regular,casual,0.63,0.41,0.94,0.66,average
O01918,sweater,cargo pants,sneakers,white,gray,green,oversized,oversized,baggy,business,0.9,0.55,0.47,0.67,average
O01919,sweater,chinos,sneakers,brown,red,navy,tailored,tailored,slim,sport,0.78,0.71,0.85,0.78,good
O01920,flannel,jeans,sandals,black,red,white,slim,baggy,baggy,sport,0.83,0.92,0.44,0.74,good
O01921,denim jacket,trousers,oxfords,green,blue,brown,regular,slim,slim,business,0.77,0.54,0.8,0.71,average
O01922,flannel,track pants,sneakers,gray,red,blue,oversized,tailored,regular,casual,0.44,0.75,0.7,0.61,average
O01923,graphic tee,shorts,loafers,white,white,beige,slim,regular,slim,streetwear,0.92,0.47,0.4,0.63,average
O01924,white tee,chinos,sandals,green,white,brown,tailored,tailored,regular,casual,0.35,0.5,0.68,0.49,bad
O01925,sweater,cargo pants,loafers,navy,gray,red,baggy,baggy,slim,streetwear,0.53,0.78,0.92,0.72,average
O01926,denim jacket,track pants,sneakers,red,black,blue,regular,regular,oversized,business,0.55,0.9,0.7,0.7,average
O01927,linen shirt,trousers,oxfords,navy,white,blue,oversized,regular,regular,streetwear,0.43,0.48,0.81,0.56,average
O01928,black hoodie,chinos,oxfords,black,gray,beige,baggy,slim,slim,minimal,0.93,0.67,0.83,0.82,good
O01929,white tee,chinos,sandals,gray,navy,navy,baggy,tailored,oversized,sport,0.85,0.74,0.67,0.76,good
O01930,polo,chinos,boots,brown,red,navy,slim,oversized,baggy,business,0.53,0.51,0.94,0.65,average
O01931,navy blazer,track pants,heels,green,red,gray,regular,oversized,oversized,sport,0.92,0.74,0.82,0.84,good
O01932,denim jacket,skirt,heels,green,brown,brown,regular,slim,baggy,streetwear,0.81,0.84,0.83,0.83,good
O01933,tank top,trousers,sandals,beige,red,black,oversized,regular,regular,casual,0.66,0.54,0.43,0.56,average
O01934,tank top,shorts,heels,navy,green,gray,tailored,slim,regular,sport,0.57,0.81,0.67,0.67,average
O01935,polo,jeans,loafers,white,gray,navy,oversized,baggy,tailored,streetwear,0.61,0.63,0.46,0.57,average
O01936,navy blazer,track pants,sneakers,blue,green,beige,tailored,regular,baggy,business,0.71,0.57,0.51,0.61,average
O01937,turtleneck,trousers,heels,navy,red,beige,slim,oversized,slim,sport,0.43,0.6,0.53,0.51,bad
O01938,white tee,shorts,sandals,green,gray,white,baggy,regular,slim,minimal,0.92,0.56,0.41,0.66,average
O01939,linen shirt,jeans,sneakers,blue,navy,red,oversized,oversized,slim,casual,0.4,0.73,0.58,0.55,bad
O01940,sweater,chinos,sandals,black,beige,navy,regular,regular,baggy,minimal,0.85,0.47,0.46,0.62,average
O01941,black hoodie,chinos,sandals,white,gray,black,oversized,regular,slim,casual,0.9,0.72,0.59,0.75,good
O01942,white tee,chinos,boots,blue,blue,beige,baggy,regular,baggy,sport,0.88,0.76,0.8,0.82,good
O01943,polo,jeans,sneakers,green,black,red,regular,oversized,baggy,sport,0.71,0.55,0.5,0.6,average
O01944,graphic tee,jeans,boots,red,brown,green,regular,regular,tailored,sport,0.87,0.57,0.71,0.73,good
O01945,linen shirt,cargo pants,sneakers,gray,white,white,baggy,oversized,oversized,business,0.67,0.75,0.82,0.74,good
O01946,sweater,trousers,sandals,beige,gray,beige,oversized,baggy,oversized,streetwear,0.46,0.66,0.47,0.52,bad
O01947,denim jacket,chinos,loafers,navy,gray,green,oversized,regular,tailored,sport,0.57,0.81,0.87,0.73,good
O01948,turtleneck,trousers,oxfords,green,brown,brown,baggy,baggy,oversized,sport,0.37,0.68,0.7,0.56,average
O01949,turtleneck,cargo pants,sandals,black,brown,beige,slim,tailored,oversized,sport,0.89,0.48,0.55,0.67,average
O01950,polo,chinos,sneakers,red,gray,beige,oversized,tailored,baggy,streetwear,0.63,0.58,0.74,0.65,average
O01951,black hoodie,shorts,loafers,red,navy,brown,baggy,regular,oversized,casual,0.86,0.81,0.66,0.78,good
O01952,denim jacket,shorts,heels,red,gray,gray,tailored,regular,baggy,streetwear,0.65,0.43,0.81,0.63,average
O01953,linen shirt,chinos,loafers,gray,brown,white,regular,baggy,slim,streetwear,0.94,0.71,0.54,0.75,good
O01954,sweater,trousers,oxfords,gray,navy,green,baggy,tailored,regular,business,0.39,0.62,0.79,0.58,average
O01955,white tee,skirt,loafers,red,white,red,tailored,regular,baggy,business,0.33,0.41,0.52,0.41,bad
O01956,graphic tee,track pants,sandals,navy,beige,black,tailored,regular,slim,streetwear,0.5,0.68,0.78,0.64,average
O01957,navy blazer,skirt,loafers,navy,black,black,tailored,slim,oversized,sport,0.93,0.41,0.73,0.71,average
O01958,graphic tee,cargo pants,sneakers,beige,navy,gray,baggy,slim,regular,streetwear,0.7,0.73,0.46,0.64,average
O01959,navy blazer,trousers,boots,gray,gray,gray,baggy,slim,slim,sport,0.49,0.91,0.72,0.69,average
O01960,tank top,cargo pants,boots,white,blue,gray,slim,slim,baggy,business,0.65,0.95,0.49,0.69,average
O01961,denim jacket,trousers,oxfords,white,red,blue,slim,slim,oversized,business,0.34,0.92,0.47,0.55,bad
O01962,navy blazer,chinos,boots,red,white,navy,baggy,baggy,regular,sport,0.55,0.47,0.62,0.55,bad
O01963,graphic tee,skirt,heels,red,white,blue,slim,tailored,slim,sport,0.71,0.73,0.41,0.63,average
O01964,graphic tee,trousers,sneakers,brown,gray,blue,baggy,baggy,slim,streetwear,0.61,0.72,0.44,0.59,average
O01965,turtleneck,skirt,oxfords,beige,green,black,baggy,regular,tailored,business,0.83,0.65,0.64,0.72,average
O01966,navy blazer,chinos,oxfords,blue,blue,gray,regular,baggy,tailored,casual,0.93,0.76,0.59,0.78,good
O01967,denim jacket,shorts,sneakers,gray,beige,green,tailored,tailored,slim,casual,0.85,0.9,0.83,0.86,good
O01968,flannel,chinos,sandals,beige,green,black,regular,baggy,slim,business,0.41,0.65,0.9,0.63,average
O01969,linen shirt,cargo pants,heels,black,navy,blue,oversized,regular,baggy,business,0.93,0.6,0.77,0.78,good
O01970,graphic tee,trousers,oxfords,green,black,white,regular,oversized,oversized,sport,0.85,0.53,0.45,0.63,average
O01971,polo,trousers,sneakers,brown,brown,beige,regular,baggy,slim,business,0.79,0.65,0.56,0.68,average
O01972,sweater,chinos,loafers,navy,brown,green,baggy,slim,baggy,sport,0.88,0.73,0.94,0.85,good
O01973,navy blazer,skirt,heels,navy,green,red,regular,oversized,tailored,sport,0.66,0.7,0.53,0.63,average
O01974,flannel,chinos,heels,blue,black,white,tailored,slim,oversized,streetwear,0.67,0.75,0.94,0.77,good
O01975,sweater,skirt,heels,gray,green,gray,slim,regular,slim,casual,0.35,0.68,0.59,0.52,bad
O01976,denim jacket,jeans,sandals,blue,red,brown,baggy,tailored,tailored,business,0.43,0.8,0.42,0.54,bad
O01977,denim jacket,jeans,boots,blue,red,beige,oversized,tailored,regular,business,0.63,0.93,0.6,0.71,average
O01978,tank top,shorts,sandals,blue,black,blue,regular,regular,oversized,business,0.4,0.88,0.48,0.57,average
O01979,linen shirt,skirt,boots,green,black,gray,regular,oversized,tailored,sport,0.86,0.43,0.69,0.68,average
O01980,graphic tee,track pants,loafers,brown,green,red,slim,slim,slim,minimal,0.82,0.48,0.98,0.77,good
O01981,white tee,cargo pants,oxfords,navy,navy,white,slim,regular,regular,sport,0.57,0.62,0.55,0.58,average
O01982,sweater,track pants,heels,gray,black,navy,regular,tailored,regular,sport,0.79,0.55,0.64,0.67,average
O01983,tank top,cargo pants,boots,navy,blue,navy,slim,slim,slim,streetwear,0.64,0.74,0.96,0.77,good
O01984,sweater,trousers,sandals,red,white,brown,baggy,baggy,tailored,casual,0.65,0.71,0.76,0.7,average
O01985,tank top,jeans,sneakers,red,brown,green,oversized,regular,oversized,streetwear,0.66,0.45,0.41,0.52,bad
O01986,white tee,shorts,heels,green,green,black,tailored,slim,tailored,sport,0.35,0.9,0.42,0.54,bad
O01987,black hoodie,jeans,sandals,green,white,white,oversized,tailored,baggy,business,0.9,0.66,0.58,0.73,good
O01988,denim jacket,jeans,sandals,red,white,navy,slim,baggy,regular,business,0.5,0.62,0.5,0.54,bad
O01989,turtleneck,jeans,heels,green,gray,brown,regular,oversized,tailored,business,0.8,0.89,0.58,0.76,good
O01990,tank top,track pants,loafers,brown,beige,red,oversized,tailored,slim,minimal,0.81,0.73,0.84,0.8,good
O01991,navy blazer,track pants,heels,gray,beige,red,tailored,tailored,baggy,business,0.91,0.92,0.45,0.78,good
O01992,navy blazer,jeans,heels,navy,beige,brown,slim,regular,baggy,casual,0.85,0.63,0.79,0.77,good
O01993,navy blazer,skirt,oxfords,white,white,gray,regular,tailored,regular,sport,0.54,0.42,0.48,0.49,bad
O01994,tank top,track pants,sneakers,navy,gray,green,oversized,oversized,slim,sport,0.84,0.82,0.49,0.73,good
O01995,sweater,trousers,oxfords,brown,blue,gray,oversized,oversized,baggy,business,0.78,0.49,0.56,0.63,average
O01996,graphic tee,trousers,loafers,black,navy,navy,regular,tailored,tailored,sport,0.74,0.52,0.48,0.6,average
O01997,black hoodie,cargo pants,oxfords,navy,navy,green,tailored,oversized,tailored,sport,0.5,0.9,0.68,0.67,average
O01998,turtleneck,trousers,sandals,blue,blue,navy,regular,slim,tailored,casual,0.78,0.63,0.74,0.72,average
O01999,polo,shorts,heels,black,white,black,baggy,tailored,baggy,minimal,0.33,0.47,0.46,0.41,bad
O02000,tank top,chinos,sandals,brown,green,blue,oversized,oversized,slim,sport,0.31,0.69,0.86,0.59,average
O02001,navy blazer,cargo pants,oxfords,navy,black,red,tailored,slim,regular,sport,0.8,0.48,0.51,0.62,average
O02002,turtleneck,jeans,loafers,brown,navy,green,tailored,baggy,tailored,business,0.82,0.54,0.43,0.62,average
O02003,graphic tee,cargo pants,heels,brown,green,blue,slim,oversized,slim,sport,0.4,0.44,0.48,0.44,bad
O02004,denim jacket,shorts,boots,red,navy,blue,tailored,oversized,slim,minimal,0.73,0.93,0.69,0.78,good
O02005,white tee,shorts,heels,green,gray,navy,oversized,tailored,tailored,streetwear,0.89,0.78,0.84,0.84,good
O02006,denim jacket,skirt,loafers,brown,beige,green,baggy,oversized,baggy,streetwear,0.7,0.86,0.78,0.77,good
O02007,flannel,skirt,oxfords,black,navy,beige,baggy,slim,regular,minimal,0.88,0.48,0.8,0.74,good
O02008,white tee,cargo pants,loafers,gray,brown,white,baggy,slim,slim,sport,0.62,0.73,0.69,0.67,average
O02009,polo,jeans,loafers,white,brown,gray,baggy,baggy,slim,streetwear,0.47,0.52,0.82,0.59,average
O02010,polo,chinos,loafers,blue,brown,white,oversized,baggy,tailored,sport,0.53,0.5,0.8,0.6,average
O02011,black hoodie,shorts,sandals,white,navy,gray,oversized,tailored,slim,casual,0.55,0.65,0.67,0.62,average
O02012,tank top,cargo pants,heels,black,navy,blue,baggy,baggy,baggy,business,0.48,0.85,0.82,0.69,average
O02013,polo,trousers,loafers,gray,navy,white,tailored,regular,regular,sport,0.66,0.6,0.93,0.72,average
O02014,white tee,skirt,sandals,white,blue,black,slim,tailored,tailored,streetwear,0.44,0.41,0.81,0.54,bad
O02015,graphic tee,chinos,sneakers,white,gray,red,tailored,tailored,oversized,sport,0.74,0.42,0.86,0.68,average
O02016,graphic tee,shorts,sandals,blue,brown,brown,oversized,regular,tailored,streetwear,0.34,0.71,0.42,0.47,bad
O02017,flannel,chinos,sandals,beige,gray,gray,baggy,oversized,baggy,streetwear,0.87,0.6,0.65,0.72,average
O02018,graphic tee,chinos,sandals,blue,brown,blue,oversized,baggy,slim,minimal,0.68,0.84,0.92,0.8,good
O02019,denim jacket,track pants,oxfords,black,blue,gray,slim,slim,oversized,business,0.83,0.91,0.71,0.82,good
O02020,flannel,jeans,loafers,beige,white,red,regular,slim,baggy,sport,0.71,0.65,0.65,0.67,average
O02021,white tee,track pants,boots,brown,beige,navy,oversized,oversized,oversized,streetwear,0.41,0.41,0.55,0.45,bad
O02022,black hoodie,trousers,heels,gray,white,gray,oversized,oversized,oversized,casual,0.32,0.42,0.82,0.5,bad
O02023,polo,track pants,boots,green,beige,navy,slim,regular,baggy,casual,0.7,0.74,0.72,0.72,average
O02024,white tee,trousers,heels,navy,navy,navy,tailored,baggy,slim,streetwear,0.38,0.79,0.92,0.67,average
O02025,navy blazer,skirt,sandals,gray,navy,blue,baggy,regular,regular,casual,0.82,0.68,0.63,0.72,average
O02026,sweater,trousers,loafers,white,white,beige,tailored,tailored,baggy,casual,0.42,0.49,0.6,0.49,bad
O02027,sweater,trousers,boots,gray,navy,black,baggy,regular,slim,streetwear,0.31,0.67,0.87,0.59,average
O02028,navy blazer,shorts,oxfords,navy,green,green,regular,slim,slim,streetwear,0.35,0.48,0.42,0.41,bad
O02029,polo,trousers,sandals,red,brown,brown,baggy,oversized,tailored,casual,0.76,0.6,0.56,0.65,average
O02030,denim jacket,jeans,boots,brown,beige,blue,regular,oversized,baggy,streetwear,0.5,0.81,0.68,0.65,average
O02031,navy blazer,track pants,sandals,blue,red,green,slim,slim,regular,minimal,0.64,0.42,0.64,0.57,average
O02032,flannel,jeans,sneakers,navy,gray,navy,oversized,regular,tailored,business,0.66,0.72,0.84,0.73,good
O02033,denim jacket,track pants,oxfords,brown,black,red,regular,tailored,tailored,minimal,0.38,0.79,0.55,0.55,bad
O02034,white tee,skirt,heels,red,gray,navy,slim,baggy,regular,streetwear,0.9,0.61,0.65,0.74,good
O02035,polo,cargo pants,sandals,brown,black,beige,slim,regular,tailored,casual,0.46,0.65,0.7,0.59,average
O02036,navy blazer,jeans,heels,navy,blue,black,oversized,oversized,slim,minimal,0.66,0.9,0.53,0.69,average
O02037,graphic tee,jeans,heels,red,red,navy,tailored,oversized,tailored,streetwear,0.43,0.92,0.84,0.7,average
O02038,navy blazer,track pants,sneakers,blue,beige,white,slim,baggy,tailored,business,0.75,0.82,0.78,0.78,good
O02039,black hoodie,chinos,loafers,navy,black,white,baggy,oversized,baggy,streetwear,0.36,0.85,0.49,0.55,bad
O02040,denim jacket,skirt,loafers,gray,blue,gray,regular,baggy,tailored,business,0.51,0.54,0.61,0.55,bad
O02041,flannel,cargo pants,sandals,gray,navy,brown,tailored,oversized,tailored,business,0.76,0.58,0.54,0.64,average
O02042,graphic tee,skirt,oxfords,brown,brown,brown,regular,baggy,slim,business,0.35,0.65,0.47,0.48,bad
O02043,graphic tee,track pants,sandals,navy,green,brown,tailored,oversized,oversized,business,0.66,0.84,0.75,0.74,good
O02044,denim jacket,cargo pants,oxfords,brown,black,black,baggy,baggy,baggy,minimal,0.3,0.69,0.56,0.49,bad
O02045,flannel,trousers,sneakers,white,brown,blue,oversized,slim,baggy,casual,0.93,0.58,0.5,0.7,average
O02046,black hoodie,cargo pants,loafers,navy,navy,gray,oversized,tailored,regular,minimal,0.9,0.88,0.51,0.78,good
O02047,flannel,track pants,sneakers,green,beige,navy,baggy,oversized,baggy,streetwear,0.68,0.9,0.72,0.76,good
O02048,graphic tee,shorts,boots,beige,green,navy,tailored,regular,slim,streetwear,0.41,0.72,0.79,0.62,average
O02049,black hoodie,skirt,loafers,gray,blue,green,slim,regular,tailored,business,0.68,0.85,0.41,0.65,average
O02050,graphic tee,track pants,oxfords,blue,white,blue,baggy,slim,oversized,business,0.43,0.82,0.41,0.54,bad
O02051,sweater,chinos,heels,brown,white,brown,slim,slim,slim,sport,0.58,0.79,0.86,0.73,good
O02052,linen shirt,skirt,boots,brown,brown,brown,slim,regular,baggy,streetwear,0.38,0.83,0.55,0.57,average
O02053,linen shirt,trousers,sneakers,blue,gray,black,tailored,slim,oversized,sport,0.45,0.7,0.68,0.59,average
O02054,sweater,track pants,heels,green,beige,black,regular,regular,baggy,casual,0.39,0.54,0.93,0.6,average
O02055,polo,shorts,sneakers,gray,blue,brown,oversized,baggy,tailored,minimal,0.34,0.56,0.56,0.47,bad
O02056,navy blazer,cargo pants,sandals,navy,beige,beige,oversized,baggy,oversized,casual,0.82,0.7,0.64,0.73,good
O02057,white tee,chinos,oxfords,blue,white,blue,baggy,baggy,oversized,business,0.79,0.5,0.66,0.66,average
O02058,graphic tee,trousers,boots,gray,black,white,regular,tailored,slim,minimal,0.32,0.52,0.49,0.43,bad
O02059,black hoodie,track pants,oxfords,red,navy,blue,baggy,tailored,baggy,sport,0.57,0.49,0.65,0.57,average
O02060,linen shirt,trousers,loafers,gray,gray,blue,slim,regular,baggy,casual,0.33,0.66,0.44,0.46,bad
O02061,tank top,cargo pants,heels,black,green,brown,tailored,regular,slim,casual,0.46,0.47,0.49,0.47,bad
O02062,graphic tee,skirt,sandals,white,brown,white,slim,oversized,slim,minimal,0.47,0.65,0.77,0.61,average
O02063,graphic tee,skirt,loafers,beige,blue,navy,tailored,oversized,slim,business,0.73,0.82,0.69,0.74,good
O02064,sweater,jeans,sandals,gray,red,black,tailored,baggy,tailored,business,0.66,0.85,0.8,0.76,good
O02065,turtleneck,shorts,oxfords,green,gray,beige,oversized,regular,slim,business,0.3,0.84,0.7,0.58,average
O02066,white tee,chinos,sneakers,gray,black,navy,oversized,baggy,regular,casual,0.42,0.78,0.75,0.63,average
O02067,sweater,jeans,heels,red,gray,green,slim,baggy,oversized,business,0.76,0.83,0.84,0.81,good
O02068,turtleneck,track pants,sneakers,beige,navy,beige,oversized,oversized,regular,minimal,0.54,0.71,0.66,0.63,average
O02069,tank top,shorts,loafers,black,blue,navy,baggy,regular,slim,business,0.87,0.85,0.78,0.84,good
O02070,graphic tee,chinos,sneakers,white,red,white,regular,slim,regular,streetwear,0.92,0.69,0.85,0.83,good
O02071,navy blazer,trousers,oxfords,gray,brown,gray,regular,tailored,regular,minimal,0.91,0.47,0.49,0.65,average
O02072,sweater,skirt,sandals,green,beige,brown,regular,baggy,slim,business,0.9,0.65,0.67,0.76,good
O02073,denim jacket,jeans,sandals,gray,green,red,tailored,slim,tailored,sport,0.56,0.56,0.64,0.58,average
O02074,polo,chinos,sneakers,brown,blue,black,oversized,oversized,oversized,streetwear,0.76,0.51,0.78,0.69,average
O02075,sweater,trousers,boots,black,black,red,baggy,regular,slim,business,0.68,0.66,0.76,0.7,average
O02076,flannel,cargo pants,loafers,gray,white,green,tailored,regular,slim,casual,0.65,0.92,0.93,0.82,good
O02077,flannel,shorts,sneakers,gray,gray,black,regular,tailored,oversized,business,0.35,0.89,0.67,0.61,average
O02078,denim jacket,cargo pants,heels,navy,blue,red,tailored,baggy,tailored,casual,0.64,0.65,0.69,0.66,average
O02079,polo,chinos,boots,green,green,black,baggy,regular,tailored,streetwear,0.82,0.45,0.61,0.65,average
O02080,white tee,shorts,sneakers,gray,brown,black,oversized,tailored,tailored,minimal,0.8,0.41,0.44,0.58,average
O02081,graphic tee,cargo pants,oxfords,navy,green,brown,slim,regular,regular,casual,0.67,0.64,0.41,0.58,average
O02082,graphic tee,chinos,oxfords,green,gray,navy,slim,slim,slim,minimal,0.39,0.53,0.96,0.6,average
O02083,white tee,cargo pants,sandals,blue,beige,red,tailored,regular,regular,business,0.62,0.46,0.55,0.55,bad
O02084,sweater,chinos,loafers,navy,black,red,regular,regular,oversized,business,0.87,0.53,0.66,0.71,average
O02085,turtleneck,shorts,boots,green,green,green,oversized,regular,tailored,streetwear,0.79,0.6,0.84,0.75,good
O02086,sweater,jeans,heels,brown,brown,red,slim,regular,oversized,casual,0.41,0.79,0.46,0.54,bad
O02087,linen shirt,shorts,heels,brown,red,black,tailored,tailored,oversized,casual,0.93,0.71,0.43,0.71,average
O02088,graphic tee,jeans,loafers,green,black,red,oversized,oversized,regular,casual,0.92,0.75,0.52,0.75,good
O02089,linen shirt,skirt,sneakers,blue,blue,beige,oversized,regular,tailored,minimal,0.62,0.49,0.54,0.56,average
O02090,polo,shorts,loafers,green,white,navy,regular,tailored,baggy,minimal,0.77,0.79,0.91,0.82,good
O02091,tank top,chinos,oxfords,brown,beige,green,baggy,slim,oversized,streetwear,0.56,0.85,0.84,0.73,good
O02092,flannel,chinos,sandals,black,red,beige,slim,oversized,oversized,minimal,0.88,0.86,0.75,0.84,good
O02093,sweater,jeans,boots,black,navy,gray,slim,baggy,regular,sport,0.89,0.62,0.72,0.76,good
O02094,tank top,cargo pants,sandals,brown,navy,beige,baggy,baggy,oversized,minimal,0.54,0.94,0.93,0.78,good
O02095,graphic tee,chinos,boots,blue,gray,navy,regular,baggy,oversized,minimal,0.58,0.66,0.55,0.59,average
O02096,white tee,trousers,sneakers,brown,navy,white,slim,slim,oversized,minimal,0.41,0.85,0.62,0.6,average
O02097,white tee,shorts,boots,brown,red,blue,regular,slim,regular,sport,0.67,0.46,0.46,0.54,bad
O02098,graphic tee,chinos,sandals,brown,beige,brown,oversized,slim,slim,sport,0.6,0.5,0.72,0.61,average
O02099,turtleneck,jeans,sandals,blue,red,white,regular,slim,slim,business,0.86,0.83,0.78,0.83,good
O02100,tank top,track pants,oxfords,navy,black,blue,oversized,tailored,tailored,streetwear,0.87,0.88,0.47,0.75,good
O02101,navy blazer,trousers,sandals,green,gray,blue,oversized,regular,baggy,casual,0.59,0.58,0.82,0.66,average
O02102,linen shirt,chinos,loafers,blue,green,navy,tailored,oversized,regular,casual,0.85,0.54,0.41,0.62,average
O02103,graphic tee,cargo pants,boots,brown,beige,gray,oversized,regular,baggy,streetwear,0.67,0.72,0.6,0.66,average
O02104,denim jacket,trousers,heels,black,gray,black,slim,tailored,regular,minimal,0.55,0.52,0.83,0.62,average
O02105,linen shirt,jeans,boots,red,red,brown,baggy,tailored,baggy,casual,0.42,0.72,0.79,0.62,average
O02106,black hoodie,jeans,sandals,blue,blue,white,oversized,regular,slim,casual,0.7,0.54,0.53,0.6,average
O02107,white tee,jeans,loafers,white,gray,green,tailored,regular,oversized,minimal,0.75,0.75,0.86,0.78,good
O02108,graphic tee,skirt,sandals,beige,green,blue,tailored,oversized,slim,minimal,0.31,0.86,0.81,0.62,average
O02109,linen shirt,shorts,loafers,blue,beige,navy,slim,tailored,oversized,casual,0.84,0.9,0.9,0.88,good
O02110,denim jacket,track pants,sandals,black,gray,white,slim,tailored,oversized,business,0.76,0.7,0.51,0.67,average
O02111,denim jacket,skirt,loafers,gray,navy,gray,tailored,slim,oversized,streetwear,0.65,0.5,0.45,0.55,bad
O02112,turtleneck,skirt,boots,black,green,brown,regular,slim,oversized,business,0.71,0.65,0.72,0.69,average
O02113,flannel,chinos,sneakers,brown,blue,brown,oversized,regular,baggy,streetwear,0.31,0.49,0.44,0.4,bad
O02114,denim jacket,skirt,oxfords,red,black,red,regular,regular,regular,minimal,0.33,0.5,0.53,0.44,bad
O02115,linen shirt,track pants,boots,navy,blue,blue,regular,oversized,tailored,casual,0.37,0.9,0.81,0.66,average
O02116,linen shirt,jeans,loafers,red,red,beige,tailored,slim,tailored,minimal,0.52,0.66,0.95,0.69,average
O02117,linen shirt,chinos,boots,black,navy,green,regular,baggy,regular,minimal,0.8,0.95,0.57,0.78,good
O02118,black hoodie,trousers,sneakers,white,black,green,slim,oversized,slim,sport,0.87,0.82,0.71,0.81,good
O02119,denim jacket,jeans,oxfords,brown,brown,navy,regular,baggy,regular,minimal,0.36,0.79,0.83,0.63,average
O02120,black hoodie,track pants,oxfords,green,blue,blue,oversized,slim,tailored,streetwear,0.38,0.71,0.91,0.64,average
O02121,sweater,skirt,loafers,navy,blue,white,baggy,oversized,baggy,streetwear,0.35,0.67,0.64,0.53,bad
O02122,denim jacket,skirt,sandals,beige,blue,beige,oversized,slim,regular,streetwear,0.49,0.61,0.56,0.55,bad
O02123,white tee,skirt,oxfords,navy,green,white,slim,tailored,slim,sport,0.41,0.48,0.68,0.51,bad
O02124,polo,shorts,loafers,navy,navy,red,baggy,slim,tailored,sport,0.51,0.41,0.43,0.46,bad
O02125,turtleneck,jeans,sneakers,brown,gray,green,oversized,oversized,regular,minimal,0.73,0.47,0.63,0.62,average
O02126,sweater,skirt,oxfords,blue,green,beige,baggy,slim,tailored,sport,0.75,0.74,0.43,0.65,average
O02127,white tee,trousers,sandals,white,black,green,slim,tailored,baggy,business,0.4,0.77,0.64,0.58,average
O02128,flannel,cargo pants,sandals,white,red,brown,slim,regular,regular,casual,0.55,0.67,0.62,0.61,average
O02129,sweater,cargo pants,loafers,white,brown,white,slim,baggy,slim,sport,0.6,0.46,0.63,0.57,average
O02130,turtleneck,trousers,oxfords,white,navy,white,regular,oversized,regular,casual,0.9,0.88,0.69,0.83,good
O02131,graphic tee,jeans,boots,navy,white,green,oversized,regular,regular,casual,0.83,0.87,0.95,0.88,good
O02132,polo,jeans,oxfords,navy,black,white,slim,slim,slim,business,0.71,0.58,0.76,0.69,average
O02133,navy blazer,chinos,sneakers,white,black,black,slim,regular,slim,sport,0.37,0.75,0.49,0.52,bad
O02134,denim jacket,chinos,loafers,blue,beige,white,regular,tailored,oversized,casual,0.75,0.89,0.56,0.74,good
O02135,black hoodie,cargo pants,sneakers,navy,gray,red,tailored,slim,regular,minimal,0.45,0.85,0.48,0.58,average
O02136,navy blazer,shorts,sneakers,gray,beige,green,regular,oversized,tailored,casual,0.49,0.83,0.89,0.71,average
O02137,flannel,track pants,boots,navy,white,black,baggy,baggy,oversized,business,0.8,0.47,0.56,0.63,average
O02138,denim jacket,trousers,sandals,black,beige,beige,oversized,tailored,regular,sport,0.86,0.43,0.59,0.65,average
O02139,denim jacket,track pants,heels,brown,white,red,baggy,regular,baggy,sport,0.72,0.54,0.46,0.59,average
O02140,black hoodie,jeans,sneakers,blue,blue,gray,baggy,tailored,oversized,minimal,0.56,0.63,0.5,0.56,average
O02141,black hoodie,shorts,loafers,navy,blue,red,tailored,baggy,slim,business,0.57,0.83,0.47,0.62,average
O02142,black hoodie,skirt,heels,blue,brown,navy,oversized,oversized,slim,casual,0.81,0.61,0.66,0.71,average
O02143,linen shirt,jeans,loafers,blue,navy,red,regular,oversized,slim,streetwear,0.48,0.63,0.4,0.5,bad
O02144,flannel,shorts,sneakers,blue,red,white,slim,regular,regular,casual,0.32,0.57,0.93,0.58,average
O02145,graphic tee,skirt,loafers,green,blue,brown,baggy,baggy,baggy,sport,0.4,0.67,0.6,0.54,bad
O02146,navy blazer,skirt,sneakers,navy,red,beige,baggy,oversized,baggy,business,0.8,0.43,0.61,0.63,average
O02147,flannel,chinos,sneakers,navy,green,navy,baggy,oversized,oversized,streetwear,0.72,0.42,0.43,0.54,bad
O02148,tank top,chinos,boots,black,gray,green,slim,tailored,regular,streetwear,0.33,0.49,0.91,0.55,bad
O02149,black hoodie,trousers,sandals,white,beige,gray,baggy,tailored,regular,sport,0.56,0.84,0.48,0.62,average
O02150,black hoodie,skirt,heels,beige,navy,red,baggy,baggy,baggy,streetwear,0.69,0.52,0.47,0.57,average
O02151,white tee,jeans,loafers,brown,white,white,tailored,oversized,oversized,casual,0.7,0.94,0.91,0.83,good
O02152,linen shirt,chinos,boots,gray,navy,brown,baggy,oversized,baggy,minimal,0.53,0.59,0.85,0.64,average
O02153,denim jacket,jeans,sneakers,black,blue,black,tailored,regular,baggy,casual,0.46,0.47,0.65,0.52,bad
O02154,turtleneck,jeans,sandals,navy,blue,white,regular,baggy,tailored,minimal,0.38,0.93,0.83,0.68,average
O02155,flannel,trousers,sneakers,green,green,black,slim,baggy,tailored,streetwear,0.36,0.87,0.69,0.61,average
O02156,navy blazer,jeans,heels,brown,navy,green,regular,regular,regular,streetwear,0.58,0.94,0.54,0.68,average
O02157,denim jacket,track pants,boots,green,green,blue,slim,tailored,baggy,minimal,0.57,0.72,0.48,0.59,average
O02158,denim jacket,cargo pants,loafers,gray,brown,gray,baggy,regular,tailored,minimal,0.65,0.52,0.61,0.6,average
O02159,white tee,skirt,sandals,gray,gray,blue,baggy,slim,oversized,minimal,0.38,0.55,0.8,0.56,average
O02160,white tee,shorts,sandals,navy,beige,red,oversized,baggy,slim,sport,0.87,0.77,0.8,0.82,good
O02161,navy blazer,jeans,heels,navy,white,black,regular,baggy,regular,sport,0.47,0.59,0.93,0.64,average
O02162,navy blazer,trousers,loafers,white,blue,beige,tailored,regular,regular,minimal,0.69,0.51,0.73,0.65,average
O02163,denim jacket,shorts,loafers,blue,navy,beige,slim,regular,slim,minimal,0.76,0.62,0.48,0.63,average
O02164,navy blazer,shorts,heels,black,navy,navy,baggy,slim,baggy,streetwear,0.66,0.72,0.51,0.63,average
O02165,white tee,shorts,boots,black,green,white,baggy,baggy,tailored,streetwear,0.72,0.89,0.87,0.82,good
O02166,sweater,jeans,loafers,white,beige,green,tailored,oversized,slim,minimal,0.57,0.7,0.83,0.69,average
O02167,navy blazer,shorts,sneakers,gray,red,blue,tailored,regular,tailored,sport,0.53,0.72,0.48,0.57,average
O02168,linen shirt,trousers,sandals,red,black,brown,slim,baggy,baggy,minimal,0.67,0.74,0.79,0.73,good
O02169,polo,jeans,boots,red,beige,green,oversized,tailored,baggy,minimal,0.62,0.88,0.44,0.64,average
O02170,navy blazer,cargo pants,heels,brown,brown,gray,baggy,regular,baggy,business,0.33,0.57,0.72,0.52,bad
O02171,white tee,trousers,sneakers,green,gray,blue,tailored,regular,baggy,casual,0.92,0.54,0.56,0.7,average
O02172,denim jacket,trousers,boots,white,gray,green,oversized,regular,baggy,casual,0.87,0.55,0.93,0.79,good
O02173,black hoodie,trousers,sandals,brown,brown,brown,oversized,baggy,slim,business,0.31,0.75,0.55,0.51,bad
O02174,black hoodie,skirt,sneakers,navy,green,brown,baggy,regular,oversized,minimal,0.36,0.77,0.5,0.53,bad
O02175,denim jacket,chinos,boots,gray,green,beige,oversized,tailored,slim,streetwear,0.9,0.47,0.55,0.67,average
O02176,sweater,cargo pants,heels,navy,brown,green,baggy,oversized,slim,minimal,0.51,0.67,0.61,0.59,average
O02177,polo,track pants,boots,gray,green,navy,baggy,tailored,slim,business,0.48,0.64,0.73,0.6,average
O02178,sweater,trousers,sneakers,blue,navy,brown,slim,oversized,tailored,business,0.88,0.45,0.5,0.64,average
O02179,white tee,shorts,boots,black,navy,brown,baggy,regular,tailored,minimal,0.7,0.83,0.49,0.68,average
O02180,black hoodie,chinos,heels,beige,black,red,tailored,slim,slim,business,0.71,0.93,0.69,0.77,good
O02181,denim jacket,shorts,heels,gray,blue,navy,tailored,tailored,tailored,streetwear,0.56,0.61,0.61,0.59,average
O02182,turtleneck,shorts,oxfords,green,beige,black,oversized,slim,tailored,minimal,0.79,0.93,0.46,0.73,good
O02183,tank top,cargo pants,sneakers,red,brown,blue,regular,slim,oversized,sport,0.87,0.79,0.47,0.73,good
O02184,tank top,shorts,heels,gray,navy,blue,slim,baggy,baggy,business,0.82,0.53,0.68,0.69,average
O02185,white tee,skirt,sandals,beige,red,beige,regular,tailored,baggy,casual,0.56,0.66,0.65,0.62,average
O02186,black hoodie,shorts,sneakers,beige,gray,green,oversized,regular,regular,business,0.75,0.86,0.7,0.77,good
O02187,sweater,jeans,sandals,beige,blue,black,baggy,slim,regular,casual,0.71,0.4,0.87,0.67,average
O02188,linen shirt,track pants,sandals,red,green,gray,tailored,regular,tailored,sport,0.9,0.78,0.61,0.78,good
O02189,navy blazer,jeans,sneakers,green,red,black,oversized,tailored,slim,minimal,0.8,0.66,0.52,0.67,average
O02190,flannel,track pants,oxfords,navy,gray,brown,oversized,oversized,tailored,minimal,0.58,0.71,0.48,0.59,average
O02191,white tee,shorts,sandals,red,brown,gray,tailored,tailored,baggy,casual,0.63,0.95,0.78,0.77,good
O02192,linen shirt,skirt,heels,gray,brown,gray,slim,tailored,slim,streetwear,0.53,0.9,0.5,0.63,average
O02193,turtleneck,skirt,heels,brown,beige,navy,baggy,oversized,slim,streetwear,0.87,0.74,0.76,0.8,good
O02194,sweater,shorts,sandals,gray,red,green,oversized,tailored,slim,business,0.69,0.44,0.41,0.53,bad
O02195,graphic tee,trousers,boots,black,red,brown,baggy,tailored,slim,business,0.48,0.9,0.83,0.71,average
O02196,sweater,trousers,sneakers,green,white,white,oversized,tailored,slim,business,0.35,0.8,0.76,0.61,average
O02197,black hoodie,skirt,loafers,white,blue,blue,tailored,baggy,regular,casual,0.32,0.61,0.84,0.56,average
O02198,graphic tee,chinos,boots,navy,blue,black,oversized,oversized,oversized,minimal,0.72,0.48,0.45,0.57,average
O02199,navy blazer,shorts,loafers,navy,white,navy,slim,baggy,oversized,business,0.43,0.53,0.72,0.55,bad
O02200,polo,trousers,sandals,gray,navy,green,baggy,oversized,regular,business,0.92,0.78,0.69,0.81,good
O02201,linen shirt,shorts,heels,blue,white,navy,oversized,oversized,regular,streetwear,0.8,0.82,0.7,0.78,good
O02202,linen shirt,cargo pants,sneakers,white,white,green,regular,baggy,baggy,casual,0.93,0.77,0.66,0.8,good
O02203,white tee,jeans,heels,black,green,green,tailored,tailored,regular,casual,0.73,0.62,0.47,0.62,average
O02204,white tee,shorts,boots,black,brown,black,baggy,baggy,baggy,minimal,0.76,0.58,0.86,0.74,good
O02205,linen shirt,jeans,heels,brown,gray,beige,regular,slim,regular,streetwear,0.55,0.72,0.48,0.58,average
O02206,sweater,shorts,sandals,gray,red,black,baggy,slim,oversized,sport,0.92,0.65,0.72,0.78,good
O02207,navy blazer,jeans,heels,green,black,gray,oversized,regular,slim,streetwear,0.31,0.73,0.73,0.56,average
O02208,white tee,track pants,boots,gray,beige,beige,regular,slim,baggy,business,0.94,0.94,0.87,0.92,good
O02209,turtleneck,trousers,sneakers,red,green,black,slim,oversized,baggy,sport,0.47,0.65,0.79,0.62,average
O02210,polo,shorts,loafers,brown,gray,white,regular,regular,oversized,sport,0.31,0.71,0.94,0.62,average
O02211,black hoodie,skirt,loafers,black,beige,green,regular,baggy,tailored,business,0.45,0.93,0.75,0.68,average
O02212,sweater,track pants,oxfords,beige,beige,black,tailored,oversized,oversized,streetwear,0.75,0.79,0.8,0.78,good
O02213,graphic tee,track pants,oxfords,white,gray,beige,regular,tailored,slim,casual,0.89,0.81,0.79,0.84,good
O02214,graphic tee,skirt,sneakers,black,green,green,oversized,slim,regular,minimal,0.63,0.55,0.68,0.62,average
O02215,tank top,skirt,sneakers,navy,brown,navy,slim,tailored,baggy,sport,0.42,0.82,0.77,0.65,average
O02216,denim jacket,cargo pants,sandals,beige,blue,red,baggy,regular,baggy,business,0.33,0.9,0.91,0.68,average
O02217,denim jacket,cargo pants,oxfords,black,black,beige,baggy,tailored,baggy,business,0.95,0.7,0.71,0.8,good
O02218,graphic tee,cargo pants,heels,beige,brown,red,oversized,regular,baggy,business,0.47,0.82,0.94,0.72,average
O02219,navy blazer,jeans,sneakers,gray,beige,navy,tailored,baggy,baggy,business,0.46,0.72,0.76,0.63,average
O02220,linen shirt,jeans,heels,black,black,blue,baggy,baggy,slim,streetwear,0.47,0.49,0.48,0.48,bad
O02221,flannel,shorts,sandals,gray,gray,navy,slim,oversized,tailored,business,0.72,0.54,0.92,0.73,good
O02222,flannel,skirt,oxfords,beige,gray,green,tailored,oversized,oversized,business,0.92,0.83,0.92,0.89,good
O02223,turtleneck,chinos,oxfords,gray,navy,brown,regular,oversized,tailored,sport,0.63,0.83,0.54,0.66,average
O02224,sweater,track pants,loafers,brown,green,brown,regular,tailored,regular,minimal,0.46,0.53,0.79,0.58,average
O02225,black hoodie,track pants,heels,red,beige,beige,tailored,oversized,regular,sport,0.71,0.87,0.46,0.68,average
O02226,denim jacket,shorts,oxfords,black,gray,gray,regular,slim,slim,streetwear,0.3,0.46,0.52,0.41,bad
O02227,polo,trousers,sneakers,red,brown,brown,regular,baggy,baggy,minimal,0.91,0.87,0.59,0.8,good
O02228,tank top,shorts,oxfords,navy,white,green,baggy,baggy,regular,minimal,0.87,0.5,0.93,0.78,good
O02229,graphic tee,cargo pants,sandals,navy,white,navy,slim,baggy,regular,minimal,0.88,0.78,0.82,0.83,good
O02230,tank top,jeans,oxfords,blue,gray,blue,baggy,regular,regular,casual,0.59,0.6,0.94,0.7,average
O02231,sweater,chinos,sneakers,navy,beige,beige,regular,tailored,baggy,casual,0.32,0.53,0.86,0.55,bad
O02232,tank top,shorts,sandals,blue,white,beige,slim,baggy,tailored,business,0.39,0.83,0.65,0.6,average
O02233,turtleneck,cargo pants,loafers,white,white,red,regular,regular,regular,minimal,0.56,0.49,0.87,0.63,average
O02234,navy blazer,chinos,boots,red,red,navy,baggy,tailored,regular,casual,0.73,0.91,0.84,0.82,good
O02235,flannel,skirt,sandals,green,blue,white,slim,baggy,baggy,casual,0.78,0.48,0.5,0.61,average
O02236,navy blazer,jeans,loafers,navy,green,brown,oversized,tailored,baggy,minimal,0.78,0.56,0.88,0.74,good
O02237,polo,shorts,loafers,green,brown,black,regular,slim,slim,streetwear,0.67,0.42,0.5,0.54,bad
O02238,black hoodie,jeans,sandals,red,blue,red,baggy,tailored,regular,business,0.44,0.51,0.56,0.5,bad
O02239,polo,chinos,sneakers,white,navy,brown,baggy,slim,oversized,business,0.69,0.67,0.56,0.65,average
O02240,navy blazer,track pants,sandals,black,blue,green,oversized,regular,oversized,streetwear,0.66,0.73,0.71,0.7,average
O02241,polo,shorts,sandals,green,blue,black,slim,oversized,tailored,sport,0.8,0.7,0.54,0.69,average
O02242,linen shirt,chinos,sandals,blue,brown,blue,slim,baggy,baggy,business,0.46,0.53,0.79,0.58,average
O02243,polo,track pants,sneakers,green,black,beige,tailored,baggy,slim,casual,0.7,0.48,0.92,0.7,average
O02244,white tee,skirt,oxfords,red,black,brown,oversized,slim,slim,business,0.39,0.62,0.89,0.61,average
O02245,polo,chinos,heels,white,beige,red,baggy,regular,regular,business,0.79,0.69,0.46,0.66,average
O02246,flannel,cargo pants,oxfords,gray,black,navy,tailored,tailored,slim,streetwear,0.93,0.84,0.52,0.78,good
O02247,flannel,jeans,sandals,black,beige,brown,oversized,baggy,baggy,sport,0.39,0.49,0.92,0.58,average
O02248,graphic tee,track pants,loafers,red,beige,black,regular,tailored,regular,streetwear,0.85,0.87,0.46,0.74,good
O02249,flannel,track pants,boots,beige,brown,blue,tailored,slim,oversized,streetwear,0.72,0.55,0.82,0.7,average
O02250,flannel,cargo pants,heels,navy,white,green,baggy,baggy,baggy,streetwear,0.57,0.45,0.93,0.64,average
O02251,graphic tee,trousers,oxfords,green,black,white,tailored,slim,slim,sport,0.64,0.9,0.43,0.66,average
O02252,flannel,jeans,sneakers,gray,red,beige,slim,tailored,tailored,business,0.38,0.68,0.59,0.53,bad
O02253,black hoodie,chinos,loafers,gray,red,black,slim,oversized,regular,casual,0.44,0.53,0.4,0.46,bad
O02254,turtleneck,jeans,loafers,blue,green,navy,tailored,regular,slim,casual,0.63,0.51,0.57,0.58,average
O02255,denim jacket,skirt,boots,red,white,beige,oversized,baggy,slim,casual,0.41,0.95,0.74,0.67,average
O02256,linen shirt,chinos,oxfords,blue,blue,black,tailored,oversized,regular,sport,0.95,0.43,0.85,0.76,good
O02257,white tee,skirt,loafers,navy,red,blue,regular,slim,regular,casual,0.95,0.54,0.47,0.68,average
O02258,tank top,cargo pants,loafers,brown,gray,black,slim,slim,slim,streetwear,0.57,0.58,0.94,0.68,average
O02259,tank top,track pants,sandals,green,green,green,oversized,slim,tailored,casual,0.9,0.49,0.57,0.68,average
O02260,tank top,skirt,oxfords,green,red,black,oversized,oversized,tailored,minimal,0.53,0.56,0.72,0.6,average
O02261,white tee,track pants,boots,beige,brown,blue,oversized,oversized,oversized,casual,0.65,0.63,0.91,0.72,average
O02262,sweater,jeans,sandals,blue,black,blue,oversized,baggy,tailored,business,0.39,0.49,0.72,0.52,bad
O02263,polo,chinos,loafers,blue,brown,black,tailored,slim,baggy,business,0.43,0.94,0.64,0.65,average
O02264,black hoodie,jeans,boots,brown,green,blue,oversized,baggy,slim,business,0.81,0.64,0.61,0.7,average
O02265,sweater,jeans,sneakers,blue,gray,white,regular,oversized,tailored,minimal,0.76,0.79,0.63,0.73,good
O02266,flannel,shorts,oxfords,white,beige,gray,slim,oversized,baggy,minimal,0.46,0.88,0.57,0.62,average
O02267,linen shirt,trousers,loafers,gray,beige,red,tailored,regular,slim,minimal,0.85,0.92,0.53,0.78,good
O02268,tank top,skirt,oxfords,beige,brown,white,baggy,oversized,oversized,business,0.81,0.64,0.88,0.78,good
O02269,turtleneck,chinos,loafers,green,navy,green,tailored,baggy,regular,minimal,0.35,0.41,0.81,0.51,bad
O02270,linen shirt,skirt,boots,black,red,blue,baggy,oversized,oversized,business,0.9,0.8,0.59,0.78,good
O02271,tank top,track pants,sandals,blue,green,beige,regular,regular,tailored,business,0.44,0.92,0.86,0.71,average
O02272,graphic tee,cargo pants,heels,blue,beige,red,baggy,oversized,regular,streetwear,0.65,0.59,0.7,0.65,average
O02273,denim jacket,shorts,sneakers,brown,red,gray,baggy,slim,slim,sport,0.88,0.48,0.63,0.69,average
O02274,black hoodie,trousers,sneakers,white,white,green,regular,slim,tailored,casual,0.82,0.49,0.47,0.62,average
O02275,turtleneck,cargo pants,sneakers,red,navy,gray,baggy,slim,tailored,sport,0.44,0.72,0.77,0.62,average
O02276,polo,trousers,sneakers,red,navy,navy,regular,regular,regular,minimal,0.86,0.57,0.68,0.72,average
O02277,graphic tee,cargo pants,sandals,beige,green,navy,slim,baggy,baggy,streetwear,0.72,0.48,0.84,0.68,average
O02278,flannel,cargo pants,oxfords,navy,white,white,baggy,oversized,tailored,casual,0.75,0.89,0.79,0.8,good
O02279,graphic tee,skirt,loafers,brown,beige,blue,tailored,slim,slim,sport,0.61,0.45,0.45,0.51,bad
O02280,flannel,trousers,boots,navy,navy,navy,tailored,tailored,tailored,business,0.39,0.89,0.74,0.65,average
O02281,navy blazer,shorts,sandals,brown,brown,white,oversized,baggy,slim,minimal,0.65,0.6,0.64,0.63,average
O02282,linen shirt,cargo pants,sandals,brown,blue,blue,tailored,baggy,oversized,sport,0.9,0.59,0.48,0.68,average
O02283,navy blazer,cargo pants,oxfords,navy,red,navy,oversized,slim,oversized,streetwear,0.48,0.65,0.51,0.54,bad
O02284,navy blazer,trousers,loafers,beige,blue,navy,slim,tailored,oversized,sport,0.65,0.59,0.55,0.6,average
O02285,polo,skirt,boots,blue,black,beige,baggy,tailored,regular,business,0.5,0.46,0.63,0.53,bad
O02286,white tee,cargo pants,loafers,white,green,green,baggy,slim,baggy,minimal,0.83,0.87,0.67,0.79,good
O02287,navy blazer,trousers,heels,white,beige,navy,regular,oversized,slim,streetwear,0.58,0.57,0.67,0.6,average
O02288,navy blazer,chinos,oxfords,blue,navy,navy,slim,slim,oversized,sport,0.43,0.91,0.45,0.58,average
O02289,white tee,shorts,boots,navy,red,red,slim,tailored,baggy,business,0.61,0.79,0.51,0.63,average
O02290,graphic tee,chinos,heels,navy,beige,black,regular,oversized,tailored,business,0.7,0.45,0.67,0.62,average
O02291,denim jacket,trousers,loafers,brown,navy,brown,oversized,regular,baggy,minimal,0.9,0.57,0.41,0.65,average
O02292,flannel,jeans,loafers,black,brown,navy,slim,baggy,regular,business,0.66,0.94,0.73,0.77,good
O02293,navy blazer,skirt,sneakers,green,black,black,tailored,tailored,tailored,casual,0.74,0.45,0.58,0.6,average
O02294,polo,track pants,sandals,brown,navy,red,slim,baggy,oversized,sport,0.41,0.41,0.44,0.42,bad
O02295,linen shirt,skirt,loafers,beige,gray,blue,oversized,regular,tailored,casual,0.36,0.52,0.65,0.49,bad
O02296,tank top,skirt,heels,gray,black,gray,regular,slim,tailored,casual,0.41,0.74,0.66,0.58,average
O02297,sweater,trousers,oxfords,navy,blue,blue,tailored,baggy,oversized,streetwear,0.71,0.93,0.62,0.75,good
O02298,flannel,trousers,sneakers,green,beige,brown,slim,tailored,baggy,casual,0.94,0.56,0.53,0.7,average
O02299,denim jacket,track pants,oxfords,red,red,white,slim,tailored,tailored,business,0.36,0.48,0.59,0.46,bad
O02300,flannel,cargo pants,oxfords,green,blue,gray,oversized,regular,tailored,casual,0.89,0.81,0.65,0.79,good
O02301,linen shirt,track pants,sneakers,navy,black,white,regular,tailored,oversized,sport,0.34,0.54,0.43,0.43,bad
O02302,tank top,cargo pants,heels,white,blue,beige,oversized,regular,baggy,minimal,0.47,0.57,0.48,0.5,bad
O02303,flannel,track pants,loafers,gray,black,black,regular,oversized,slim,business,0.92,0.49,0.7,0.72,average
O02304,navy blazer,cargo pants,oxfords,white,beige,blue,baggy,baggy,slim,business,0.94,0.5,0.66,0.72,average
O02305,navy blazer,chinos,loafers,green,navy,black,tailored,oversized,slim,minimal,0.52,0.49,0.63,0.54,bad
O02306,sweater,track pants,sneakers,blue,white,blue,baggy,slim,slim,sport,0.94,0.75,0.52,0.76,good
O02307,polo,chinos,sneakers,white,brown,black,slim,slim,baggy,sport,0.31,0.53,0.75,0.51,bad
O02308,navy blazer,cargo pants,boots,navy,white,red,regular,regular,regular,business,0.74,0.8,0.99,0.83,good
O02309,denim jacket,track pants,sandals,blue,navy,beige,tailored,slim,slim,sport,0.7,0.66,0.41,0.6,average
O02310,flannel,track pants,sandals,green,black,green,slim,oversized,slim,casual,0.49,0.69,0.76,0.63,average
O02311,linen shirt,chinos,boots,gray,brown,navy,slim,baggy,oversized,minimal,0.37,0.59,0.85,0.58,average
O02312,navy blazer,jeans,loafers,brown,brown,black,oversized,baggy,baggy,sport,0.73,0.42,0.56,0.59,average
O02313,flannel,shorts,loafers,black,black,navy,oversized,tailored,oversized,minimal,0.71,0.58,0.93,0.74,good
O02314,navy blazer,jeans,sandals,brown,black,black,regular,regular,baggy,casual,0.66,0.9,0.61,0.72,average
O02315,denim jacket,jeans,loafers,beige,blue,green,oversized,tailored,baggy,business,0.6,0.53,0.61,0.58,average
O02316,navy blazer,trousers,boots,red,beige,brown,tailored,tailored,regular,sport,0.34,0.78,0.48,0.51,bad
O02317,polo,shorts,sneakers,white,navy,blue,slim,oversized,baggy,sport,0.66,0.56,0.58,0.61,average
O02318,linen shirt,shorts,sandals,brown,white,blue,regular,baggy,tailored,sport,0.91,0.86,0.94,0.9,good
O02319,white tee,cargo pants,boots,red,gray,red,slim,tailored,tailored,sport,0.9,0.5,0.77,0.74,good
O02320,navy blazer,skirt,loafers,blue,red,white,regular,baggy,regular,business,0.8,0.77,0.91,0.82,good
O02321,flannel,jeans,loafers,white,black,brown,regular,tailored,tailored,sport,0.31,0.41,0.48,0.39,bad
O02322,white tee,track pants,loafers,beige,beige,navy,oversized,tailored,baggy,casual,0.65,0.41,0.94,0.67,average
O02323,flannel,shorts,sandals,red,brown,black,regular,regular,oversized,business,0.67,0.46,0.95,0.69,average
O02324,black hoodie,skirt,loafers,navy,blue,blue,slim,regular,baggy,casual,0.61,0.89,0.9,0.78,good
O02325,denim jacket,cargo pants,heels,green,beige,brown,baggy,regular,oversized,casual,0.55,0.77,0.74,0.67,average
O02326,graphic tee,skirt,heels,black,brown,gray,tailored,baggy,regular,casual,0.53,0.46,0.85,0.6,average
O02327,navy blazer,track pants,loafers,red,gray,brown,slim,slim,tailored,sport,0.57,0.63,0.63,0.61,average
O02328,tank top,cargo pants,heels,green,blue,beige,slim,tailored,slim,streetwear,0.87,0.85,0.55,0.77,good
O02329,white tee,jeans,sneakers,green,blue,green,oversized,tailored,slim,minimal,0.63,0.63,0.9,0.71,average
O02330,tank top,jeans,boots,navy,brown,beige,tailored,oversized,oversized,sport,0.6,0.7,0.92,0.73,good
O02331,denim jacket,jeans,sneakers,navy,gray,navy,regular,slim,regular,minimal,0.64,0.5,0.74,0.63,average
O02332,navy blazer,jeans,oxfords,gray,blue,beige,slim,tailored,oversized,business,0.62,0.41,0.84,0.62,average
O02333,turtleneck,skirt,loafers,green,brown,red,regular,slim,oversized,streetwear,0.76,0.64,0.85,0.75,good
O02334,denim jacket,track pants,oxfords,green,navy,navy,tailored,regular,baggy,streetwear,0.71,0.88,0.88,0.81,good
O02335,tank top,jeans,oxfords,beige,gray,beige,slim,regular,tailored,casual,0.64,0.74,0.53,0.64,average
O02336,polo,chinos,boots,white,green,blue,tailored,tailored,tailored,minimal,0.53,0.51,0.83,0.61,average
O02337,sweater,chinos,sandals,blue,gray,green,oversized,oversized,slim,sport,0.88,0.89,0.9,0.89,good
O02338,tank top,track pants,oxfords,beige,green,white,regular,regular,slim,casual,0.41,0.88,0.49,0.58,average
O02339,polo,skirt,heels,red,white,navy,tailored,regular,oversized,minimal,0.62,0.95,0.88,0.8,good
O02340,flannel,trousers,sneakers,gray,black,white,slim,slim,baggy,casual,0.61,0.65,0.46,0.58,average
O02341,white tee,shorts,sneakers,green,gray,white,regular,regular,tailored,sport,0.89,0.92,0.8,0.87,good
O02342,flannel,track pants,oxfords,white,white,gray,baggy,baggy,slim,sport,0.31,0.79,0.51,0.51,bad
O02343,denim jacket,trousers,boots,blue,red,white,oversized,slim,tailored,minimal,0.88,0.5,0.45,0.64,average
O02344,turtleneck,cargo pants,oxfords,red,white,blue,regular,regular,regular,business,0.78,0.93,0.81,0.83,good
O02345,navy blazer,track pants,sandals,blue,beige,gray,slim,oversized,slim,minimal,0.95,0.83,0.59,0.81,good
O02346,turtleneck,track pants,loafers,blue,brown,black,tailored,slim,regular,sport,0.71,0.57,0.59,0.63,average
O02347,linen shirt,cargo pants,sneakers,brown,black,brown,oversized,regular,slim,minimal,0.47,0.47,0.4,0.45,bad
O02348,linen shirt,shorts,sneakers,black,red,green,regular,slim,regular,business,0.6,0.83,0.66,0.69,average
O02349,turtleneck,jeans,loafers,green,beige,navy,regular,slim,oversized,streetwear,0.44,0.42,0.54,0.46,bad
O02350,polo,cargo pants,oxfords,green,brown,brown,tailored,slim,slim,minimal,0.43,0.87,0.84,0.69,average
O02351,navy blazer,skirt,loafers,black,white,brown,baggy,slim,slim,casual,0.36,0.89,0.44,0.54,bad
O02352,turtleneck,trousers,boots,red,white,white,regular,tailored,baggy,casual,0.71,0.47,0.81,0.67,average
O02353,tank top,chinos,loafers,beige,beige,navy,slim,tailored,slim,sport,0.73,0.86,0.63,0.74,good
O02354,flannel,track pants,heels,black,white,red,slim,slim,slim,sport,0.58,0.47,0.86,0.63,average
O02355,black hoodie,trousers,sneakers,beige,white,white,regular,slim,tailored,sport,0.6,0.44,0.64,0.56,average
O02356,tank top,track pants,heels,navy,green,gray,oversized,regular,tailored,business,0.69,0.52,0.65,0.63,average
O02357,turtleneck,chinos,loafers,white,green,blue,tailored,baggy,slim,streetwear,0.72,0.9,0.77,0.79,good
O02358,turtleneck,chinos,oxfords,beige,beige,blue,tailored,regular,tailored,business,0.54,0.47,0.46,0.49,bad
O02359,white tee,skirt,sneakers,green,black,red,regular,baggy,baggy,business,0.68,0.75,0.81,0.74,good
O02360,tank top,trousers,sandals,blue,black,brown,baggy,slim,oversized,sport,0.78,0.5,0.86,0.72,average
O02361,denim jacket,chinos,boots,green,gray,green,oversized,oversized,oversized,sport,0.82,0.56,0.91,0.77,good
O02362,polo,trousers,sneakers,brown,beige,gray,baggy,slim,tailored,business,0.42,0.7,0.63,0.57,average
O02363,denim jacket,shorts,oxfords,blue,navy,red,regular,slim,baggy,business,0.93,0.47,0.79,0.75,good
O02364,linen shirt,shorts,sneakers,gray,blue,blue,slim,tailored,slim,minimal,0.71,0.66,0.5,0.63,average
O02365,white tee,trousers,sneakers,white,red,red,tailored,regular,baggy,minimal,0.32,0.73,0.57,0.52,bad
O02366,black hoodie,track pants,sneakers,gray,red,brown,oversized,regular,slim,streetwear,0.82,0.64,0.8,0.76,good
O02367,linen shirt,skirt,heels,red,black,blue,tailored,baggy,tailored,business,0.48,0.77,0.59,0.6,average
O02368,sweater,chinos,boots,red,brown,navy,tailored,baggy,slim,streetwear,0.74,0.91,0.81,0.81,good
O02369,tank top,shorts,heels,green,brown,brown,baggy,baggy,tailored,streetwear,0.33,0.72,0.61,0.53,bad
O02370,tank top,skirt,heels,blue,green,white,baggy,regular,baggy,business,0.92,0.68,0.87,0.83,good
O02371,black hoodie,shorts,boots,navy,white,navy,oversized,oversized,slim,minimal,0.59,0.9,0.48,0.65,average
O02372,sweater,cargo pants,sneakers,red,navy,beige,oversized,regular,oversized,sport,0.44,0.47,0.77,0.55,bad
O02373,turtleneck,track pants,heels,beige,navy,gray,oversized,regular,slim,business,0.69,0.54,0.66,0.64,average
O02374,flannel,jeans,sandals,red,navy,navy,baggy,regular,regular,minimal,0.77,0.78,0.67,0.74,good
O02375,polo,shorts,sneakers,beige,white,gray,regular,regular,slim,sport,0.94,0.9,0.85,0.9,good
O02376,turtleneck,cargo pants,heels,black,white,red,regular,slim,tailored,minimal,0.56,0.53,0.72,0.6,average
O02377,navy blazer,jeans,sandals,beige,beige,white,regular,tailored,oversized,business,0.33,0.8,0.72,0.59,average
O02378,graphic tee,jeans,sandals,beige,red,green,baggy,tailored,baggy,casual,0.5,0.5,0.78,0.58,average
O02379,black hoodie,track pants,heels,black,white,blue,baggy,baggy,oversized,streetwear,0.69,0.63,0.44,0.6,average
O02380,polo,trousers,loafers,gray,brown,navy,oversized,regular,tailored,casual,0.39,0.43,0.89,0.55,bad
O02381,sweater,skirt,loafers,navy,beige,black,tailored,regular,slim,business,0.31,0.75,0.6,0.53,bad
O02382,navy blazer,track pants,loafers,green,blue,navy,slim,oversized,slim,minimal,0.42,0.92,0.47,0.59,average
O02383,tank top,shorts,boots,green,navy,blue,slim,baggy,tailored,casual,0.92,0.68,0.81,0.82,good
O02384,turtleneck,shorts,oxfords,brown,white,blue,regular,baggy,slim,streetwear,0.34,0.89,0.42,0.53,bad
O02385,white tee,trousers,heels,red,brown,gray,regular,oversized,oversized,business,0.74,0.78,0.77,0.76,good
O02386,flannel,chinos,loafers,green,blue,blue,oversized,slim,slim,streetwear,0.77,0.59,0.62,0.67,average
O02387,black hoodie,cargo pants,sandals,black,black,brown,oversized,oversized,baggy,streetwear,0.81,0.91,0.79,0.83,good
O02388,navy blazer,skirt,loafers,black,black,black,tailored,regular,baggy,streetwear,0.62,0.66,0.76,0.67,average
O02389,navy blazer,chinos,oxfords,brown,gray,beige,regular,oversized,regular,streetwear,0.42,0.77,0.47,0.54,bad
O02390,turtleneck,shorts,oxfords,blue,beige,white,tailored,tailored,slim,streetwear,0.66,0.84,0.6,0.7,average
O02391,denim jacket,jeans,loafers,red,black,gray,regular,regular,regular,streetwear,0.34,0.9,0.97,0.7,average
O02392,denim jacket,shorts,sneakers,beige,brown,brown,regular,slim,regular,business,0.73,0.84,0.41,0.67,average
O02393,navy blazer,trousers,boots,gray,blue,beige,regular,oversized,oversized,sport,0.48,0.51,0.63,0.53,bad
O02394,denim jacket,trousers,sneakers,navy,blue,brown,slim,baggy,slim,sport,0.65,0.88,0.78,0.76,good
O02395,navy blazer,track pants,sandals,gray,red,brown,baggy,oversized,baggy,streetwear,0.37,0.83,0.67,0.6,average
O02396,flannel,jeans,loafers,white,gray,red,regular,oversized,regular,sport,0.87,0.52,0.55,0.67,average
O02397,linen shirt,track pants,heels,blue,white,red,oversized,regular,oversized,sport,0.61,0.78,0.86,0.74,good
O02398,linen shirt,jeans,sandals,black,beige,green,oversized,oversized,regular,streetwear,0.58,0.87,0.63,0.68,average
O02399,sweater,chinos,boots,brown,brown,beige,regular,baggy,slim,business,0.77,0.66,0.48,0.65,average
O02400,polo,shorts,loafers,red,brown,brown,baggy,tailored,baggy,streetwear,0.34,0.8,0.48,0.52,bad
O02401,navy blazer,chinos,sneakers,red,red,red,tailored,slim,oversized,sport,0.84,0.73,0.71,0.77,good
O02402,black hoodie,shorts,sneakers,navy,gray,navy,regular,baggy,oversized,streetwear,0.47,0.6,0.49,0.52,bad
O02403,linen shirt,skirt,boots,brown,white,beige,baggy,oversized,slim,minimal,0.38,0.49,0.88,0.56,average
O02404,turtleneck,chinos,heels,blue,green,green,baggy,tailored,slim,streetwear,0.39,0.73,0.7,0.58,average
O02405,sweater,shorts,boots,green,blue,beige,oversized,slim,tailored,business,0.48,0.47,0.81,0.58,average
O02406,white tee,trousers,loafers,white,red,brown,regular,slim,slim,casual,0.61,0.8,0.58,0.66,average
O02407,white tee,trousers,oxfords,beige,white,brown,regular,slim,oversized,business,0.77,0.58,0.81,0.73,good
O02408,denim jacket,trousers,loafers,red,red,navy,baggy,oversized,oversized,minimal,0.35,0.67,0.55,0.51,bad
O02409,tank top,shorts,sneakers,navy,gray,beige,baggy,slim,regular,casual,0.86,0.89,0.59,0.79,good
O02410,tank top,trousers,boots,green,red,navy,tailored,tailored,slim,sport,0.52,0.66,0.94,0.69,average
O02411,turtleneck,shorts,sandals,gray,red,white,oversized,regular,oversized,sport,0.7,0.65,0.75,0.7,average
O02412,tank top,track pants,loafers,navy,blue,beige,oversized,oversized,baggy,minimal,0.82,0.4,0.56,0.62,average
O02413,black hoodie,cargo pants,loafers,white,green,blue,regular,oversized,tailored,business,0.79,0.73,0.48,0.68,average
O02414,tank top,trousers,boots,gray,blue,red,oversized,baggy,slim,casual,0.67,0.66,0.83,0.71,average
O02415,navy blazer,trousers,heels,green,brown,red,regular,baggy,slim,minimal,0.52,0.42,0.46,0.47,bad
O02416,tank top,trousers,sandals,navy,beige,black,oversized,baggy,tailored,casual,0.41,0.41,0.83,0.54,bad
O02417,black hoodie,chinos,oxfords,navy,blue,red,oversized,slim,baggy,streetwear,0.87,0.63,0.91,0.81,good
O02418,polo,shorts,boots,beige,brown,white,baggy,tailored,oversized,minimal,0.31,0.48,0.71,0.48,bad
O02419,denim jacket,jeans,sandals,beige,white,gray,slim,tailored,tailored,casual,0.61,0.69,0.42,0.58,average
O02420,flannel,track pants,oxfords,white,white,blue,oversized,slim,regular,sport,0.93,0.87,0.52,0.79,good
O02421,turtleneck,cargo pants,sandals,gray,black,navy,baggy,tailored,tailored,minimal,0.87,0.6,0.55,0.69,average
O02422,linen shirt,skirt,loafers,beige,green,black,baggy,slim,regular,streetwear,0.37,0.61,0.67,0.53,bad
O02423,flannel,chinos,sandals,beige,black,black,baggy,slim,tailored,sport,0.71,0.69,0.62,0.68,average
O02424,black hoodie,trousers,loafers,navy,navy,blue,slim,regular,tailored,casual,0.4,0.85,0.72,0.63,average
O02425,graphic tee,jeans,heels,beige,blue,navy,regular,baggy,slim,business,0.73,0.52,0.53,0.61,average
O02426,graphic tee,skirt,oxfords,red,blue,green,tailored,baggy,regular,sport,0.36,0.5,0.46,0.43,bad
O02427,graphic tee,cargo pants,loafers,black,white,beige,tailored,baggy,tailored,casual,0.85,0.58,0.65,0.71,average
O02428,tank top,skirt,sneakers,navy,black,brown,oversized,tailored,tailored,sport,0.46,0.88,0.55,0.61,average
O02429,polo,trousers,sandals,white,beige,green,slim,baggy,tailored,streetwear,0.62,0.92,0.54,0.69,average
O02430,denim jacket,cargo pants,boots,green,white,red,oversized,oversized,slim,minimal,0.67,0.79,0.68,0.71,average
O02431,polo,shorts,boots,green,gray,gray,baggy,tailored,regular,sport,0.41,0.88,0.4,0.55,bad
O02432,navy blazer,trousers,sandals,white,black,green,baggy,tailored,regular,streetwear,0.36,0.89,0.91,0.68,average
O02433,white tee,skirt,heels,red,gray,gray,baggy,oversized,tailored,casual,0.45,0.71,0.73,0.61,average
O02434,graphic tee,chinos,heels,navy,gray,beige,tailored,tailored,tailored,sport,0.34,0.69,0.78,0.58,average
O02435,graphic tee,chinos,boots,green,beige,black,oversized,tailored,slim,business,0.6,0.8,0.72,0.7,average
O02436,navy blazer,jeans,oxfords,black,green,gray,tailored,regular,baggy,sport,0.82,0.67,0.77,0.76,good
O02437,turtleneck,chinos,boots,navy,navy,brown,slim,tailored,oversized,minimal,0.66,0.68,0.63,0.66,average
O02438,white tee,skirt,boots,blue,gray,black,baggy,baggy,regular,minimal,0.94,0.69,0.64,0.77,good
O02439,polo,skirt,boots,brown,red,white,baggy,oversized,slim,streetwear,0.69,0.81,0.88,0.78,good
O02440,navy blazer,chinos,sneakers,brown,gray,brown,oversized,slim,oversized,business,0.6,0.54,0.78,0.64,average
O02441,polo,skirt,sandals,red,blue,white,slim,oversized,slim,business,0.91,0.83,0.46,0.75,good
O02442,white tee,jeans,loafers,navy,brown,white,baggy,oversized,oversized,minimal,0.94,0.95,0.69,0.87,good
O02443,white tee,chinos,oxfords,green,red,navy,slim,regular,oversized,business,0.48,0.71,0.5,0.56,average
O02444,flannel,trousers,loafers,black,beige,navy,baggy,oversized,slim,sport,0.87,0.81,0.65,0.79,good
O02445,polo,jeans,heels,black,brown,red,oversized,regular,oversized,casual,0.55,0.95,0.75,0.73,good
O02446,white tee,chinos,loafers,white,gray,navy,oversized,regular,tailored,sport,0.56,0.57,0.72,0.61,average
O02447,white tee,shorts,sneakers,green,brown,red,slim,oversized,tailored,casual,0.77,0.59,0.48,0.63,average
O02448,turtleneck,cargo pants,sneakers,blue,black,red,baggy,tailored,baggy,sport,0.78,0.93,0.55,0.76,good
O02449,flannel,cargo pants,sneakers,green,green,red,regular,slim,oversized,casual,0.36,0.87,0.54,0.57,average
O02450,turtleneck,shorts,sneakers,blue,blue,navy,slim,regular,regular,sport,0.34,0.57,0.44,0.44,bad
O02451,white tee,jeans,boots,black,white,black,slim,tailored,baggy,sport,0.7,0.45,0.5,0.56,average
O02452,graphic tee,track pants,boots,blue,blue,navy,oversized,slim,baggy,business,0.44,0.6,0.77,0.59,average
O02453,graphic tee,trousers,heels,red,white,black,tailored,slim,oversized,minimal,0.69,0.91,0.66,0.75,good
O02454,turtleneck,track pants,sandals,navy,navy,beige,oversized,regular,regular,casual,0.7,0.62,0.63,0.66,average
O02455,sweater,jeans,boots,beige,green,beige,regular,baggy,oversized,business,0.74,0.42,0.73,0.64,average
O02456,linen shirt,shorts,sandals,black,green,beige,slim,regular,oversized,casual,0.63,0.67,0.87,0.71,average
O02457,tank top,jeans,sneakers,navy,blue,green,slim,regular,baggy,minimal,0.38,0.42,0.63,0.47,bad
O02458,white tee,trousers,sandals,beige,red,brown,tailored,slim,slim,streetwear,0.81,0.7,0.43,0.66,average
O02459,flannel,trousers,loafers,gray,black,beige,baggy,tailored,slim,streetwear,0.37,0.71,0.72,0.58,average
O02460,tank top,shorts,sneakers,green,blue,white,regular,slim,slim,minimal,0.73,0.7,0.45,0.64,average
O02461,flannel,trousers,sandals,beige,navy,beige,baggy,baggy,tailored,business,0.83,0.42,0.83,0.71,average
O02462,sweater,track pants,loafers,green,beige,black,oversized,slim,baggy,streetwear,0.71,0.84,0.54,0.7,average
O02463,graphic tee,track pants,boots,green,brown,red,tailored,slim,baggy,sport,0.63,0.93,0.88,0.8,good
O02464,white tee,skirt,sneakers,brown,white,navy,oversized,baggy,baggy,streetwear,0.77,0.44,0.49,0.59,average
O02465,turtleneck,shorts,sandals,green,blue,green,regular,tailored,regular,streetwear,0.3,0.49,0.85,0.52,bad
O02466,black hoodie,chinos,oxfords,green,gray,blue,baggy,slim,baggy,business,0.48,0.54,0.43,0.48,bad
O02467,sweater,cargo pants,sneakers,gray,beige,navy,oversized,regular,tailored,business,0.43,0.41,0.85,0.55,bad
O02468,flannel,cargo pants,loafers,beige,gray,gray,baggy,regular,oversized,minimal,0.92,0.49,0.89,0.78,good
O02469,turtleneck,shorts,sneakers,beige,gray,white,baggy,tailored,oversized,business,0.52,0.94,0.58,0.66,average
O02470,turtleneck,trousers,sneakers,brown,green,blue,oversized,tailored,tailored,sport,0.58,0.85,0.44,0.62,average
O02471,navy blazer,chinos,boots,gray,brown,green,baggy,slim,oversized,sport,0.45,0.51,0.62,0.52,bad
O02472,graphic tee,chinos,sandals,green,red,blue,baggy,baggy,regular,sport,0.3,0.52,0.7,0.49,bad
O02473,navy blazer,skirt,oxfords,blue,blue,red,regular,regular,tailored,sport,0.48,0.67,0.69,0.6,average
O02474,flannel,cargo pants,boots,red,navy,white,tailored,oversized,tailored,business,0.86,0.4,0.58,0.64,average
O02475,navy blazer,trousers,heels,navy,brown,gray,baggy,slim,slim,minimal,0.71,0.62,0.71,0.68,average
O02476,tank top,chinos,boots,white,gray,beige,baggy,tailored,tailored,casual,0.42,0.72,0.83,0.63,average
O02477,white tee,chinos,heels,black,blue,blue,tailored,baggy,slim,casual,0.9,0.42,0.48,0.63,average
O02478,polo,trousers,oxfords,black,gray,navy,regular,regular,oversized,minimal,0.82,0.44,0.91,0.73,good
O02479,tank top,jeans,sneakers,black,brown,blue,regular,regular,tailored,sport,0.57,0.41,0.82,0.6,average
O02480,navy blazer,skirt,sneakers,black,gray,navy,baggy,oversized,regular,casual,0.6,0.85,0.51,0.65,average
O02481,polo,cargo pants,loafers,navy,gray,black,oversized,baggy,oversized,minimal,0.31,0.68,0.63,0.52,bad
O02482,white tee,trousers,sandals,navy,blue,brown,regular,oversized,slim,sport,0.81,0.88,0.79,0.83,good
O02483,polo,track pants,oxfords,gray,gray,gray,baggy,baggy,regular,minimal,0.66,0.52,0.69,0.63,average
O02484,white tee,track pants,heels,red,red,black,baggy,regular,regular,casual,0.52,0.48,0.94,0.63,average
O02485,navy blazer,shorts,loafers,beige,navy,black,baggy,slim,regular,minimal,0.56,0.8,0.5,0.61,average
O02486,graphic tee,skirt,sandals,white,green,blue,tailored,tailored,regular,streetwear,0.41,0.74,0.68,0.59,average
O02487,black hoodie,trousers,loafers,blue,green,gray,baggy,regular,slim,sport,0.76,0.86,0.44,0.69,average
O02488,flannel,jeans,heels,gray,green,gray,tailored,slim,baggy,minimal,0.32,0.62,0.7,0.52,bad
O02489,denim jacket,trousers,boots,blue,blue,gray,regular,baggy,tailored,minimal,0.76,0.92,0.94,0.86,good
O02490,black hoodie,track pants,sandals,white,white,black,oversized,oversized,oversized,streetwear,0.67,0.87,0.46,0.67,average
O02491,denim jacket,jeans,heels,green,gray,blue,oversized,oversized,regular,minimal,0.34,0.92,0.61,0.59,average
O02492,denim jacket,shorts,sneakers,red,gray,red,oversized,oversized,regular,streetwear,0.51,0.64,0.86,0.65,average
O02493,turtleneck,chinos,sneakers,brown,brown,beige,tailored,regular,oversized,business,0.3,0.95,0.52,0.56,average
O02494,polo,skirt,oxfords,brown,gray,white,oversized,oversized,regular,minimal,0.79,0.7,0.71,0.74,good
O02495,graphic tee,trousers,oxfords,gray,white,black,tailored,regular,baggy,sport,0.47,0.7,0.68,0.6,average
O02496,linen shirt,jeans,heels,green,red,beige,tailored,slim,regular,sport,0.34,0.76,0.77,0.59,average
O02497,tank top,cargo pants,boots,blue,black,gray,slim,regular,tailored,streetwear,0.95,0.67,0.8,0.82,good
O02498,white tee,chinos,sneakers,red,beige,brown,regular,slim,regular,minimal,0.46,0.65,0.87,0.64,average
O02499,graphic tee,trousers,boots,red,red,brown,tailored,regular,baggy,business,0.74,0.66,0.86,0.75,good
O02500,flannel,shorts,loafers,black,gray,white,regular,tailored,oversized,casual,0.93,0.44,0.61,0.69,average
O02501,linen shirt,jeans,heels,white,gray,gray,oversized,slim,oversized,minimal,0.73,0.82,0.47,0.68,average
O02502,flannel,trousers,oxfords,white,blue,gray,tailored,tailored,regular,sport,0.78,0.55,0.69,0.68,average
O02503,black hoodie,shorts,sneakers,green,blue,navy,baggy,slim,tailored,casual,0.59,0.81,0.83,0.73,good
O02504,turtleneck,track pants,heels,gray,gray,gray,slim,oversized,oversized,minimal,0.57,0.57,0.93,0.68,average
O02505,polo,cargo pants,loafers,white,black,gray,tailored,oversized,oversized,casual,0.45,0.68,0.87,0.65,average
O02506,flannel,cargo pants,heels,green,white,navy,regular,oversized,regular,sport,0.78,0.72,0.86,0.79,good
O02507,polo,skirt,boots,blue,beige,white,oversized,tailored,oversized,casual,0.61,0.67,0.85,0.7,average
O02508,sweater,shorts,boots,beige,beige,brown,regular,oversized,slim,business,0.49,0.47,0.55,0.5,bad
O02509,navy blazer,trousers,boots,gray,brown,red,oversized,slim,tailored,casual,0.45,0.92,0.82,0.7,average
O02510,flannel,jeans,loafers,red,green,green,regular,oversized,oversized,sport,0.79,0.94,0.57,0.77,good
O02511,flannel,cargo pants,loafers,brown,beige,green,oversized,oversized,slim,streetwear,0.87,0.59,0.68,0.73,good
O02512,black hoodie,skirt,heels,gray,blue,black,oversized,slim,oversized,sport,0.89,0.93,0.82,0.88,good
O02513,graphic tee,cargo pants,sneakers,black,beige,beige,oversized,baggy,tailored,business,0.31,0.85,0.92,0.66,average
O02514,turtleneck,jeans,boots,white,beige,blue,oversized,oversized,tailored,casual,0.63,0.52,0.4,0.53,bad
O02515,sweater,chinos,oxfords,navy,green,gray,regular,regular,regular,streetwear,0.78,0.84,0.46,0.7,average
O02516,linen shirt,jeans,sneakers,gray,beige,gray,slim,oversized,tailored,minimal,0.43,0.45,0.82,0.55,bad
O02517,tank top,cargo pants,sandals,black,red,white,slim,slim,baggy,minimal,0.33,0.76,0.65,0.55,bad
O02518,polo,jeans,oxfords,navy,red,blue,slim,tailored,oversized,streetwear,0.55,0.5,0.41,0.49,bad
O02519,white tee,shorts,sneakers,brown,green,navy,regular,baggy,baggy,casual,0.71,0.75,0.89,0.78,good
O02520,sweater,shorts,sneakers,brown,beige,black,tailored,slim,baggy,streetwear,0.8,0.5,0.74,0.69,average
O02521,white tee,jeans,oxfords,gray,navy,black,regular,regular,slim,business,0.48,0.86,0.59,0.63,average
O02522,linen shirt,shorts,sandals,blue,brown,beige,slim,baggy,baggy,sport,0.41,0.53,0.69,0.53,bad
O02523,white tee,skirt,oxfords,brown,beige,beige,oversized,oversized,slim,sport,0.75,0.49,0.92,0.72,average
O02524,graphic tee,jeans,sneakers,blue,green,beige,regular,slim,baggy,business,0.71,0.91,0.92,0.83,good
O02525,turtleneck,shorts,boots,navy,green,green,regular,baggy,baggy,streetwear,0.9,0.55,0.82,0.77,good
O02526,graphic tee,track pants,boots,brown,red,green,oversized,tailored,slim,minimal,0.7,0.77,0.47,0.65,average
O02527,white tee,jeans,oxfords,navy,white,red,oversized,baggy,regular,business,0.34,0.91,0.6,0.59,average
O02528,turtleneck,track pants,sandals,black,red,red,oversized,baggy,baggy,sport,0.84,0.57,0.49,0.65,average
O02529,white tee,chinos,sneakers,black,navy,brown,baggy,slim,regular,minimal,0.32,0.41,0.75,0.48,bad
O02530,navy blazer,cargo pants,boots,green,gray,green,slim,slim,regular,casual,0.89,0.41,0.5,0.63,average
O02531,flannel,cargo pants,loafers,beige,green,red,baggy,slim,regular,streetwear,0.37,0.62,0.58,0.51,bad
O02532,graphic tee,trousers,loafers,blue,beige,navy,regular,tailored,baggy,streetwear,0.42,0.67,0.94,0.65,average
O02533,sweater,chinos,loafers,navy,green,white,tailored,oversized,slim,minimal,0.81,0.92,0.95,0.89,good
O02534,denim jacket,jeans,heels,black,green,navy,slim,slim,oversized,sport,0.7,0.52,0.62,0.62,average
O02535,flannel,cargo pants,oxfords,red,gray,white,baggy,regular,oversized,minimal,0.34,0.87,0.73,0.62,average
O02536,linen shirt,jeans,sandals,blue,beige,black,slim,slim,tailored,casual,0.91,0.49,0.62,0.7,average
O02537,graphic tee,shorts,boots,navy,white,black,slim,oversized,regular,minimal,0.58,0.67,0.62,0.62,average
O02538,tank top,cargo pants,oxfords,beige,gray,black,slim,tailored,baggy,sport,0.31,0.42,0.42,0.38,bad
O02539,denim jacket,jeans,heels,navy,gray,black,regular,slim,slim,business,0.83,0.82,0.7,0.79,good
O02540,black hoodie,skirt,sneakers,brown,blue,beige,slim,regular,oversized,business,0.51,0.79,0.79,0.68,average
O02541,turtleneck,jeans,sneakers,blue,beige,black,oversized,baggy,oversized,sport,0.89,0.51,0.74,0.73,good
O02542,black hoodie,track pants,heels,blue,gray,gray,slim,slim,regular,sport,0.84,0.65,0.46,0.67,average
O02543,turtleneck,chinos,loafers,red,gray,navy,tailored,regular,tailored,business,0.77,0.78,0.65,0.74,good
O02544,turtleneck,chinos,boots,white,black,gray,slim,baggy,oversized,minimal,0.6,0.86,0.82,0.74,good
O02545,polo,jeans,boots,gray,black,beige,tailored,tailored,slim,minimal,0.66,0.84,0.43,0.65,average
O02546,navy blazer,jeans,boots,navy,red,white,regular,baggy,slim,sport,0.81,0.65,0.94,0.8,good
O02547,graphic tee,track pants,sandals,blue,gray,brown,tailored,oversized,tailored,casual,0.6,0.89,0.94,0.79,good
O02548,polo,trousers,oxfords,navy,red,green,tailored,regular,baggy,streetwear,0.63,0.48,0.94,0.68,average
O02549,turtleneck,jeans,heels,brown,green,brown,baggy,slim,tailored,business,0.37,0.71,0.6,0.54,bad
O02550,linen shirt,jeans,sandals,gray,black,red,slim,regular,regular,minimal,0.53,0.92,0.51,0.64,average
O02551,black hoodie,jeans,boots,black,navy,beige,regular,baggy,baggy,casual,0.84,0.65,0.92,0.81,good
O02552,turtleneck,shorts,sandals,blue,white,red,tailored,tailored,tailored,streetwear,0.5,0.67,0.95,0.69,average
O02553,linen shirt,chinos,sandals,beige,navy,green,baggy,baggy,baggy,sport,0.42,0.55,0.52,0.49,bad
O02554,polo,skirt,sandals,gray,beige,black,slim,slim,regular,sport,0.74,0.58,0.6,0.65,average
O02555,turtleneck,jeans,sandals,beige,white,beige,oversized,tailored,tailored,streetwear,0.31,0.45,0.84,0.51,bad
O02556,navy blazer,skirt,sneakers,blue,gray,beige,slim,regular,slim,casual,0.5,0.7,0.53,0.57,average
O02557,white tee,chinos,boots,gray,navy,white,baggy,regular,tailored,streetwear,0.64,0.45,0.68,0.59,average
O02558,white tee,skirt,oxfords,blue,blue,brown,slim,oversized,oversized,sport,0.62,0.63,0.92,0.71,average
O02559,denim jacket,track pants,loafers,black,white,black,regular,oversized,oversized,minimal,0.51,0.88,0.6,0.65,average
O02560,white tee,shorts,oxfords,white,blue,beige,oversized,baggy,tailored,business,0.34,0.41,0.51,0.41,bad
O02561,linen shirt,track pants,sneakers,red,white,green,tailored,oversized,slim,casual,0.35,0.55,0.9,0.57,average
O02562,denim jacket,trousers,sneakers,brown,red,gray,oversized,tailored,slim,minimal,0.74,0.55,0.52,0.62,average
O02563,tank top,chinos,sneakers,blue,brown,green,slim,slim,regular,sport,0.66,0.63,0.66,0.65,average
O02564,tank top,track pants,oxfords,beige,beige,brown,regular,baggy,regular,sport,0.43,0.91,0.48,0.59,average
O02565,navy blazer,cargo pants,boots,navy,white,blue,tailored,slim,slim,streetwear,0.54,0.56,0.83,0.63,average
O02566,graphic tee,cargo pants,oxfords,gray,black,brown,tailored,slim,baggy,business,0.59,0.91,0.77,0.74,good
O02567,turtleneck,cargo pants,sneakers,brown,blue,green,slim,oversized,regular,business,0.39,0.65,0.58,0.53,bad
O02568,tank top,jeans,loafers,white,beige,gray,tailored,regular,regular,streetwear,0.51,0.58,0.52,0.53,bad
O02569,white tee,track pants,boots,navy,beige,gray,slim,regular,regular,sport,0.62,0.55,0.65,0.61,average
O02570,linen shirt,jeans,heels,black,brown,gray,oversized,oversized,baggy,business,0.76,0.72,0.55,0.69,average
O02571,tank top,track pants,sneakers,beige,blue,gray,baggy,regular,oversized,minimal,0.48,0.8,0.74,0.65,average
O02572,white tee,jeans,boots,blue,navy,beige,baggy,regular,tailored,casual,0.68,0.6,0.69,0.66,average
O02573,flannel,skirt,loafers,navy,blue,black,tailored,regular,oversized,casual,0.78,0.44,0.72,0.66,average
O02574,turtleneck,track pants,loafers,green,gray,red,regular,tailored,regular,minimal,0.55,0.4,0.57,0.51,bad
O02575,navy blazer,shorts,boots,white,black,blue,tailored,oversized,oversized,casual,0.64,0.58,0.55,0.59,average
O02576,linen shirt,chinos,loafers,gray,green,beige,oversized,oversized,regular,sport,0.89,0.64,0.77,0.78,good
O02577,denim jacket,cargo pants,sneakers,blue,red,black,tailored,slim,oversized,casual,0.79,0.5,0.8,0.71,average
O02578,polo,track pants,heels,blue,navy,green,tailored,baggy,regular,business,0.45,0.53,0.85,0.59,average
O02579,denim jacket,chinos,oxfords,navy,beige,gray,baggy,baggy,tailored,casual,0.89,0.93,0.59,0.81,good
O02580,flannel,cargo pants,heels,black,white,gray,slim,slim,slim,casual,0.81,0.8,0.57,0.74,good
O02581,white tee,cargo pants,boots,blue,blue,blue,regular,regular,slim,streetwear,0.63,0.77,0.67,0.68,average
O02582,tank top,skirt,oxfords,brown,gray,navy,regular,slim,baggy,streetwear,0.86,0.7,0.73,0.77,good
O02583,linen shirt,shorts,loafers,black,white,green,regular,tailored,regular,sport,0.71,0.47,0.67,0.63,average
O02584,sweater,jeans,boots,brown,beige,brown,oversized,slim,regular,minimal,0.32,0.63,0.63,0.51,bad
O02585,denim jacket,track pants,sneakers,red,blue,red,slim,slim,tailored,business,0.52,0.63,0.4,0.52,bad
O02586,graphic tee,shorts,loafers,red,black,white,oversized,regular,slim,minimal,0.54,0.57,0.92,0.66,average
O02587,white tee,track pants,oxfords,beige,navy,navy,baggy,regular,baggy,casual,0.75,0.85,0.89,0.82,good
O02588,graphic tee,chinos,oxfords,blue,white,green,oversized,baggy,regular,business,0.88,0.56,0.79,0.76,good
O02589,graphic tee,shorts,sandals,red,gray,green,slim,regular,tailored,business,0.94,0.55,0.66,0.74,good
O02590,white tee,skirt,heels,green,white,black,slim,regular,tailored,minimal,0.51,0.73,0.73,0.64,average
O02591,tank top,cargo pants,sneakers,brown,black,beige,tailored,oversized,baggy,streetwear,0.32,0.9,0.53,0.56,average
O02592,flannel,cargo pants,sneakers,black,brown,red,oversized,tailored,oversized,minimal,0.7,0.87,0.85,0.8,good
O02593,denim jacket,chinos,heels,blue,navy,white,regular,tailored,regular,streetwear,0.41,0.92,0.72,0.66,average
O02594,navy blazer,trousers,heels,blue,red,white,baggy,oversized,tailored,sport,0.77,0.43,0.84,0.69,average
O02595,white tee,jeans,sneakers,navy,beige,beige,regular,regular,baggy,casual,0.39,0.89,0.79,0.66,average
O02596,tank top,cargo pants,boots,white,white,brown,slim,regular,tailored,business,0.49,0.66,0.91,0.67,average
O02597,black hoodie,track pants,oxfords,black,blue,black,regular,baggy,regular,casual,0.92,0.48,0.64,0.7,average
O02598,linen shirt,chinos,sandals,brown,green,black,tailored,tailored,regular,business,0.5,0.79,0.82,0.68,average
O02599,flannel,cargo pants,oxfords,gray,black,navy,baggy,regular,regular,minimal,0.47,0.67,0.73,0.61,average
O02600,graphic tee,trousers,boots,red,black,gray,oversized,oversized,baggy,minimal,0.72,0.95,0.58,0.75,good
O02601,polo,chinos,heels,gray,brown,red,oversized,tailored,tailored,casual,0.85,0.72,0.75,0.78,good
O02602,white tee,cargo pants,sandals,blue,red,red,baggy,oversized,oversized,minimal,0.75,0.75,0.74,0.75,good
O02603,polo,cargo pants,heels,black,black,green,slim,oversized,baggy,minimal,0.91,0.46,0.7,0.71,average
O02604,polo,track pants,sandals,brown,brown,brown,baggy,slim,slim,business,0.94,0.94,0.49,0.8,good
O02605,sweater,jeans,sandals,brown,gray,blue,baggy,oversized,slim,casual,0.65,0.62,0.7,0.66,average
O02606,navy blazer,shorts,sneakers,black,green,gray,oversized,oversized,regular,casual,0.63,0.54,0.63,0.6,average
O02607,polo,chinos,oxfords,black,black,green,oversized,regular,slim,minimal,0.81,0.63,0.94,0.8,good
O02608,denim jacket,chinos,oxfords,gray,navy,brown,baggy,oversized,baggy,minimal,0.64,0.61,0.46,0.58,average
O02609,polo,shorts,sandals,red,blue,blue,baggy,slim,oversized,sport,0.79,0.77,0.48,0.69,average
O02610,sweater,shorts,oxfords,blue,gray,white,baggy,baggy,regular,business,0.34,0.65,0.91,0.6,average
O02611,white tee,jeans,sandals,white,green,blue,oversized,oversized,baggy,minimal,0.64,0.65,0.9,0.72,average
O02612,linen shirt,cargo pants,heels,red,green,brown,regular,tailored,regular,minimal,0.32,0.51,0.82,0.53,bad
O02613,white tee,trousers,loafers,gray,brown,white,oversized,baggy,tailored,sport,0.59,0.64,0.67,0.63,average
O02614,flannel,jeans,sneakers,beige,gray,white,regular,baggy,regular,sport,0.44,0.58,0.58,0.52,bad
O02615,sweater,chinos,boots,beige,beige,navy,tailored,regular,baggy,sport,0.86,0.85,0.7,0.81,good
O02616,flannel,jeans,loafers,gray,blue,blue,baggy,regular,slim,sport,0.38,0.69,0.84,0.61,average
O02617,polo,shorts,sandals,blue,navy,red,slim,regular,baggy,casual,0.7,0.46,0.74,0.64,average
O02618,graphic tee,trousers,oxfords,navy,beige,gray,slim,oversized,slim,casual,0.56,0.6,0.81,0.65,average
O02619,turtleneck,chinos,oxfords,black,beige,gray,baggy,oversized,oversized,minimal,0.49,0.88,0.65,0.66,average
O02620,tank top,chinos,heels,white,beige,brown,baggy,tailored,regular,casual,0.78,0.43,0.57,0.61,average
O02621,denim jacket,track pants,sandals,white,blue,white,regular,regular,oversized,business,0.41,0.48,0.61,0.49,bad
O02622,white tee,track pants,heels,gray,gray,beige,slim,oversized,regular,casual,0.75,0.89,0.91,0.84,good
O02623,white tee,jeans,sneakers,brown,brown,blue,slim,tailored,slim,business,0.46,0.67,0.69,0.59,average
O02624,polo,chinos,sneakers,blue,white,white,regular,regular,regular,minimal,0.43,0.71,0.52,0.54,bad
O02625,linen shirt,jeans,heels,navy,white,white,baggy,tailored,tailored,streetwear,0.72,0.56,0.5,0.61,average
O02626,denim jacket,trousers,oxfords,white,beige,beige,tailored,tailored,slim,casual,0.63,0.41,0.57,0.55,bad
O02627,linen shirt,track pants,boots,brown,red,gray,slim,tailored,tailored,casual,0.92,0.74,0.64,0.78,good
O02628,tank top,track pants,sneakers,beige,white,black,baggy,oversized,baggy,casual,0.38,0.6,0.73,0.55,bad
O02629,denim jacket,trousers,heels,green,green,navy,slim,baggy,oversized,streetwear,0.34,0.54,0.89,0.57,average
O02630,graphic tee,jeans,sandals,red,white,blue,regular,tailored,baggy,sport,0.37,0.69,0.48,0.5,bad
O02631,linen shirt,trousers,sneakers,gray,beige,beige,slim,oversized,slim,casual,0.61,0.52,0.56,0.57,average
O02632,denim jacket,track pants,sandals,brown,green,black,baggy,tailored,tailored,sport,0.94,0.49,0.86,0.78,good
O02633,sweater,trousers,boots,white,navy,white,regular,slim,regular,minimal,0.52,0.7,0.45,0.55,bad
O02634,graphic tee,skirt,heels,green,black,black,regular,regular,regular,casual,0.81,0.78,0.99,0.85,good
O02635,graphic tee,shorts,oxfords,gray,black,white,tailored,baggy,slim,minimal,0.57,0.77,0.62,0.65,average
O02636,white tee,shorts,sandals,white,blue,red,baggy,regular,oversized,sport,0.69,0.67,0.81,0.72,average
O02637,tank top,jeans,sandals,navy,green,brown,baggy,slim,baggy,streetwear,0.33,0.84,0.54,0.55,bad
O02638,black hoodie,shorts,oxfords,red,navy,red,baggy,tailored,tailored,streetwear,0.78,0.93,0.87,0.85,good
O02639,tank top,chinos,oxfords,black,brown,black,tailored,slim,oversized,business,0.89,0.73,0.7,0.79,good
O02640,polo,shorts,heels,blue,brown,red,slim,regular,baggy,casual,0.55,0.61,0.84,0.66,average
O02641,tank top,jeans,boots,green,gray,beige,baggy,baggy,baggy,business,0.82,0.7,0.47,0.68,average
O02642,navy blazer,skirt,boots,white,gray,red,slim,oversized,regular,business,0.41,0.47,0.62,0.49,bad
O02643,white tee,skirt,sneakers,black,white,navy,regular,regular,slim,casual,0.35,0.48,0.68,0.49,bad
O02644,linen shirt,shorts,sneakers,black,brown,black,tailored,tailored,oversized,casual,0.91,0.65,0.79,0.8,good
O02645,polo,chinos,sneakers,white,red,red,tailored,baggy,regular,streetwear,0.66,0.61,0.69,0.65,average
O02646,navy blazer,track pants,sneakers,gray,white,red,slim,slim,regular,streetwear,0.92,0.86,0.42,0.75,good
O02647,turtleneck,chinos,sandals,red,blue,brown,oversized,baggy,regular,casual,0.95,0.63,0.69,0.78,good
O02648,sweater,chinos,boots,beige,gray,green,regular,regular,slim,minimal,0.51,0.86,0.93,0.74,good
O02649,polo,jeans,oxfords,white,navy,navy,slim,regular,tailored,business,0.86,0.44,0.54,0.64,average
O02650,linen shirt,chinos,sandals,gray,gray,gray,oversized,regular,baggy,casual,0.47,0.65,0.82,0.63,average
O02651,tank top,shorts,heels,white,white,black,slim,slim,baggy,casual,0.51,0.52,0.77,0.59,average
O02652,black hoodie,skirt,sandals,gray,beige,black,tailored,baggy,slim,business,0.55,0.4,0.78,0.57,average
O02653,tank top,track pants,boots,gray,red,brown,oversized,baggy,regular,casual,0.92,0.61,0.53,0.71,average
O02654,sweater,trousers,oxfords,red,red,green,slim,slim,oversized,casual,0.47,0.61,0.67,0.57,average
O02655,flannel,skirt,heels,beige,navy,blue,tailored,oversized,regular,minimal,0.48,0.51,0.46,0.48,bad
O02656,graphic tee,chinos,loafers,brown,green,gray,tailored,oversized,regular,streetwear,0.53,0.51,0.56,0.53,bad
O02657,flannel,cargo pants,sandals,brown,beige,navy,baggy,regular,oversized,minimal,0.72,0.62,0.74,0.7,average
O02658,sweater,jeans,sandals,red,brown,white,baggy,baggy,oversized,casual,0.37,0.59,0.83,0.57,average
O02659,white tee,shorts,oxfords,black,green,white,baggy,regular,slim,minimal,0.65,0.53,0.85,0.67,average
O02660,denim jacket,cargo pants,oxfords,beige,black,black,oversized,regular,regular,minimal,0.63,0.66,0.85,0.71,average
O02661,graphic tee,trousers,loafers,blue,navy,brown,baggy,tailored,slim,business,0.63,0.44,0.72,0.6,average
O02662,graphic tee,track pants,boots,blue,beige,red,slim,slim,baggy,minimal,0.67,0.46,0.74,0.63,average
O02663,linen shirt,shorts,heels,brown,red,beige,baggy,oversized,baggy,business,0.55,0.48,0.64,0.56,average
O02664,white tee,chinos,oxfords,beige,white,navy,oversized,slim,slim,casual,0.32,0.4,0.92,0.52,bad
O02665,tank top,jeans,sneakers,navy,beige,white,baggy,slim,tailored,casual,0.64,0.55,0.56,0.59,average
O02666,denim jacket,chinos,loafers,beige,red,navy,tailored,slim,regular,sport,0.82,0.53,0.92,0.76,good
O02667,navy blazer,trousers,sneakers,white,green,white,slim,oversized,regular,sport,0.38,0.68,0.61,0.54,bad
O02668,tank top,cargo pants,heels,blue,black,white,slim,oversized,oversized,business,0.69,0.5,0.82,0.67,average
O02669,turtleneck,cargo pants,sneakers,red,gray,blue,regular,baggy,oversized,sport,0.77,0.8,0.53,0.71,average
O02670,navy blazer,jeans,loafers,white,gray,brown,tailored,regular,slim,casual,0.46,0.77,0.68,0.62,average
O02671,linen shirt,trousers,sandals,blue,red,gray,baggy,tailored,slim,sport,0.62,0.41,0.78,0.6,average
O02672,tank top,chinos,heels,navy,gray,brown,slim,tailored,oversized,sport,0.7,0.46,0.71,0.63,average
O02673,turtleneck,skirt,oxfords,beige,gray,navy,oversized,tailored,slim,sport,0.6,0.69,0.82,0.69,average
O02674,white tee,trousers,heels,blue,white,black,slim,baggy,oversized,casual,0.45,0.54,0.84,0.59,average
O02675,tank top,jeans,sandals,gray,white,red,regular,oversized,baggy,casual,0.88,0.73,0.85,0.83,good
O02676,navy blazer,trousers,sneakers,beige,beige,green,baggy,regular,slim,casual,0.93,0.94,0.76,0.88,good
O02677,tank top,shorts,heels,brown,green,black,oversized,oversized,slim,casual,0.55,0.56,0.64,0.58,average
O02678,white tee,shorts,boots,gray,green,brown,regular,slim,regular,business,0.81,0.47,0.73,0.68,average
O02679,flannel,track pants,oxfords,gray,navy,beige,oversized,slim,oversized,casual,0.46,0.52,0.78,0.57,average
O02680,graphic tee,chinos,heels,white,brown,navy,slim,tailored,baggy,business,0.51,0.59,0.81,0.62,average
O02681,turtleneck,cargo pants,oxfords,black,gray,green,tailored,slim,oversized,minimal,0.77,0.83,0.8,0.8,good
O02682,sweater,jeans,loafers,green,beige,navy,oversized,oversized,tailored,sport,0.94,0.59,0.51,0.71,average
O02683,denim jacket,cargo pants,sneakers,navy,red,brown,baggy,slim,tailored,business,0.44,0.64,0.47,0.51,bad
O02684,polo,chinos,boots,red,red,red,oversized,tailored,baggy,streetwear,0.81,0.56,0.68,0.7,average
O02685,navy blazer,cargo pants,heels,blue,beige,gray,baggy,slim,regular,casual,0.55,0.56,0.55,0.55,bad
O02686,linen shirt,skirt,boots,black,blue,blue,oversized,baggy,regular,casual,0.79,0.94,0.49,0.75,good
O02687,white tee,skirt,loafers,navy,white,beige,oversized,oversized,slim,sport,0.35,0.72,0.6,0.54,bad
O02688,graphic tee,cargo pants,loafers,gray,navy,red,slim,regular,slim,minimal,0.81,0.91,0.6,0.78,good
O02689,turtleneck,shorts,oxfords,green,gray,green,baggy,oversized,slim,sport,0.67,0.88,0.58,0.71,average
O02690,flannel,track pants,sandals,white,beige,black,tailored,baggy,regular,casual,0.34,0.58,0.51,0.46,bad
O02691,linen shirt,jeans,boots,white,green,brown,slim,regular,oversized,business,0.75,0.55,0.83,0.71,average
O02692,black hoodie,cargo pants,heels,beige,green,beige,slim,regular,baggy,casual,0.53,0.49,0.54,0.52,bad
O02693,linen shirt,track pants,sneakers,white,brown,blue,slim,tailored,baggy,business,0.57,0.72,0.58,0.62,average
O02694,graphic tee,skirt,boots,beige,white,brown,regular,regular,oversized,sport,0.73,0.7,0.76,0.73,good
O02695,tank top,track pants,oxfords,green,green,brown,tailored,slim,slim,sport,0.75,0.82,0.5,0.7,average
O02696,white tee,skirt,loafers,blue,blue,beige,baggy,regular,tailored,minimal,0.81,0.61,0.7,0.72,average
O02697,graphic tee,chinos,boots,navy,gray,navy,tailored,regular,baggy,business,0.73,0.63,0.41,0.6,average
O02698,graphic tee,cargo pants,sandals,white,gray,blue,regular,tailored,tailored,minimal,0.43,0.72,0.89,0.66,average
O02699,black hoodie,jeans,boots,black,green,brown,tailored,regular,baggy,minimal,0.71,0.45,0.65,0.61,average
O02700,black hoodie,cargo pants,boots,black,beige,gray,regular,baggy,tailored,minimal,0.65,0.8,0.62,0.69,average
O02701,linen shirt,trousers,sneakers,white,beige,green,tailored,regular,baggy,casual,0.64,0.4,0.58,0.55,bad
O02702,white tee,cargo pants,sneakers,black,green,gray,baggy,baggy,tailored,casual,0.76,0.7,0.94,0.8,good
O02703,navy blazer,skirt,sneakers,white,gray,black,oversized,tailored,regular,business,0.57,0.57,0.67,0.6,average
O02704,white tee,shorts,oxfords,red,red,navy,regular,slim,slim,sport,0.65,0.56,0.45,0.56,average
O02705,linen shirt,chinos,sneakers,red,blue,white,tailored,baggy,slim,business,0.87,0.68,0.51,0.71,average
O02706,white tee,cargo pants,sneakers,gray,green,green,baggy,regular,tailored,minimal,0.66,0.53,0.93,0.7,average
O02707,tank top,cargo pants,heels,beige,blue,navy,regular,baggy,tailored,sport,0.4,0.76,0.47,0.53,bad
O02708,linen shirt,trousers,heels,brown,blue,gray,slim,tailored,oversized,sport,0.43,0.45,0.53,0.47,bad
O02709,flannel,skirt,loafers,gray,blue,navy,oversized,regular,slim,business,0.59,0.68,0.69,0.65,average
O02710,navy blazer,jeans,boots,black,beige,blue,tailored,tailored,slim,business,0.3,0.89,0.54,0.55,bad
O02711,flannel,shorts,sandals,brown,beige,navy,slim,regular,slim,sport,0.69,0.61,0.55,0.62,average
O02712,linen shirt,chinos,boots,brown,gray,navy,tailored,oversized,tailored,sport,0.86,0.91,0.62,0.8,good
O02713,white tee,jeans,boots,brown,brown,black,slim,baggy,slim,business,0.7,0.78,0.47,0.66,average
O02714,tank top,track pants,sandals,blue,blue,black,baggy,regular,baggy,business,0.38,0.45,0.59,0.46,bad
O02715,graphic tee,trousers,sandals,black,blue,navy,regular,regular,slim,sport,0.73,0.5,0.88,0.71,average
O02716,white tee,jeans,sneakers,green,blue,blue,oversized,regular,oversized,business,0.8,0.75,0.42,0.67,average
O02717,linen shirt,cargo pants,oxfords,green,beige,white,regular,oversized,oversized,casual,0.71,0.73,0.65,0.7,average
O02718,tank top,skirt,heels,red,blue,brown,regular,slim,tailored,sport,0.38,0.62,0.57,0.51,bad
O02719,black hoodie,chinos,heels,black,brown,gray,baggy,tailored,regular,casual,0.41,0.84,0.67,0.62,average
O02720,polo,cargo pants,boots,black,green,white,slim,regular,oversized,sport,0.68,0.57,0.57,0.61,average
O02721,polo,track pants,boots,beige,navy,gray,oversized,tailored,slim,minimal,0.69,0.79,0.65,0.71,average
O02722,polo,track pants,oxfords,navy,green,red,regular,regular,slim,casual,0.36,0.81,0.45,0.52,bad
O02723,graphic tee,track pants,sneakers,blue,white,gray,baggy,regular,regular,minimal,0.42,0.9,0.44,0.57,average
O02724,polo,trousers,heels,green,white,black,baggy,oversized,regular,business,0.46,0.67,0.53,0.54,bad
O02725,sweater,trousers,sandals,beige,black,blue,baggy,oversized,oversized,casual,0.94,0.76,0.51,0.76,good
O02726,navy blazer,jeans,oxfords,white,brown,gray,tailored,slim,oversized,streetwear,0.49,0.87,0.48,0.6,average
O02727,flannel,chinos,heels,gray,beige,navy,oversized,baggy,slim,streetwear,0.45,0.42,0.59,0.48,bad
O02728,white tee,shorts,sneakers,beige,white,blue,slim,tailored,oversized,sport,0.87,0.5,0.87,0.76,good
O02729,black hoodie,jeans,sneakers,white,navy,gray,tailored,baggy,tailored,sport,0.36,0.5,0.56,0.46,bad
O02730,graphic tee,cargo pants,boots,gray,gray,white,oversized,baggy,regular,casual,0.62,0.45,0.69,0.59,average
O02731,navy blazer,shorts,sandals,black,gray,blue,slim,regular,slim,minimal,0.88,0.75,0.43,0.71,average
O02732,black hoodie,jeans,oxfords,white,brown,white,tailored,slim,slim,business,0.8,0.85,0.74,0.8,good
O02733,sweater,track pants,sneakers,red,gray,navy,slim,regular,tailored,sport,0.64,0.53,0.54,0.58,average
O02734,sweater,skirt,sandals,navy,green,green,regular,oversized,oversized,business,0.89,0.61,0.83,0.79,good
O02735,navy blazer,jeans,loafers,black,beige,white,baggy,regular,oversized,streetwear,0.85,0.84,0.76,0.82,good
O02736,flannel,cargo pants,heels,green,gray,red,tailored,tailored,baggy,casual,0.8,0.54,0.81,0.73,good
O02737,linen shirt,trousers,loafers,red,red,black,oversized,oversized,regular,minimal,0.82,0.65,0.73,0.74,good
O02738,linen shirt,track pants,heels,red,white,white,oversized,baggy,slim,casual,0.66,0.53,0.77,0.65,average
O02739,sweater,cargo pants,boots,blue,brown,red,slim,baggy,regular,business,0.41,0.4,0.55,0.45,bad
O02740,navy blazer,chinos,sandals,white,beige,navy,oversized,tailored,baggy,business,0.65,0.94,0.48,0.69,average
O02741,denim jacket,shorts,loafers,navy,green,red,slim,slim,oversized,streetwear,0.59,0.81,0.62,0.67,average
O02742,black hoodie,track pants,oxfords,black,navy,gray,baggy,slim,slim,casual,0.49,0.57,0.6,0.55,bad
O02743,linen shirt,skirt,loafers,navy,white,brown,tailored,baggy,baggy,business,0.58,0.44,0.66,0.56,average
O02744,black hoodie,cargo pants,oxfords,blue,beige,green,tailored,oversized,oversized,casual,0.73,0.87,0.68,0.76,good
O02745,flannel,cargo pants,loafers,blue,white,green,tailored,tailored,baggy,streetwear,0.83,0.64,0.65,0.72,average
O02746,black hoodie,skirt,oxfords,white,beige,red,slim,regular,slim,sport,0.8,0.82,0.77,0.8,good
O02747,black hoodie,trousers,sneakers,navy,white,navy,slim,tailored,oversized,streetwear,0.51,0.68,0.85,0.66,average
O02748,denim jacket,skirt,sandals,red,beige,navy,oversized,baggy,oversized,business,0.52,0.75,0.6,0.61,average
O02749,navy blazer,skirt,heels,brown,green,beige,slim,regular,tailored,minimal,0.86,0.84,0.53,0.76,good
O02750,tank top,skirt,heels,beige,black,white,regular,tailored,oversized,minimal,0.9,0.52,0.89,0.78,good
O02751,black hoodie,track pants,oxfords,white,green,green,oversized,oversized,oversized,streetwear,0.92,0.88,0.82,0.88,good
O02752,navy blazer,trousers,sandals,beige,white,beige,regular,tailored,tailored,sport,0.42,0.77,0.75,0.62,average
O02753,denim jacket,skirt,sneakers,blue,gray,white,tailored,baggy,regular,minimal,0.33,0.84,0.51,0.54,bad
O02754,sweater,skirt,oxfords,red,red,red,slim,tailored,oversized,sport,0.31,1.0,0.67,0.62,average
O02755,graphic tee,shorts,sneakers,beige,red,red,slim,regular,slim,casual,0.49,0.62,0.43,0.51,bad
O02756,linen shirt,cargo pants,sneakers,blue,gray,brown,slim,slim,regular,sport,0.71,0.43,0.68,0.62,average
O02757,polo,shorts,heels,red,blue,blue,slim,oversized,baggy,streetwear,0.38,0.65,0.72,0.56,average
O02758,graphic tee,chinos,sandals,green,blue,navy,regular,tailored,baggy,business,0.37,0.68,0.47,0.49,bad
O02759,white tee,cargo pants,sneakers,brown,black,gray,tailored,slim,baggy,sport,0.37,0.62,0.91,0.61,average
O02760,denim jacket,trousers,sandals,navy,red,navy,oversized,tailored,slim,casual,0.74,0.86,0.86,0.81,good
O02761,graphic tee,shorts,sandals,red,red,navy,regular,tailored,regular,casual,0.78,0.79,0.88,0.81,good
O02762,tank top,jeans,boots,white,black,brown,slim,oversized,oversized,minimal,0.47,0.5,0.57,0.51,bad
O02763,polo,trousers,sandals,gray,beige,navy,regular,regular,regular,minimal,0.32,0.73,0.5,0.5,bad
O02764,graphic tee,track pants,heels,gray,green,brown,regular,slim,slim,minimal,0.88,0.59,0.92,0.81,good
O02765,denim jacket,track pants,heels,brown,blue,red,baggy,baggy,regular,streetwear,0.47,0.82,0.51,0.59,average
O02766,linen shirt,cargo pants,sandals,navy,brown,brown,oversized,regular,baggy,minimal,0.44,0.45,0.85,0.57,average
O02767,linen shirt,cargo pants,heels,white,beige,beige,regular,slim,oversized,business,0.6,0.72,0.62,0.64,average
O02768,navy blazer,track pants,boots,beige,black,black,tailored,regular,slim,streetwear,0.52,0.8,0.52,0.6,average
O02769,linen shirt,shorts,sneakers,navy,gray,white,regular,regular,slim,streetwear,0.34,0.83,0.49,0.53,bad
O02770,navy blazer,skirt,oxfords,black,green,black,oversized,regular,oversized,streetwear,0.89,0.49,0.51,0.66,average
O02771,polo,cargo pants,oxfords,navy,brown,green,regular,oversized,regular,sport,0.82,0.95,0.7,0.82,good
O02772,sweater,skirt,sandals,black,gray,brown,oversized,tailored,regular,business,0.83,0.89,0.52,0.76,good
O02773,sweater,trousers,heels,beige,green,brown,slim,regular,regular,casual,0.51,0.43,0.44,0.47,bad
O02774,black hoodie,track pants,sandals,green,white,navy,tailored,regular,slim,business,0.37,0.7,0.85,0.61,average
O02775,linen shirt,chinos,sandals,red,black,brown,regular,oversized,oversized,streetwear,0.94,0.61,0.51,0.71,average
O02776,black hoodie,track pants,sandals,white,blue,gray,slim,slim,regular,minimal,0.69,0.54,0.59,0.61,average
O02777,flannel,jeans,oxfords,black,navy,navy,tailored,oversized,tailored,casual,0.71,0.55,0.61,0.63,average
O02778,linen shirt,track pants,oxfords,beige,beige,navy,baggy,tailored,slim,streetwear,0.9,0.59,0.73,0.76,good
O02779,denim jacket,trousers,heels,blue,beige,red,regular,regular,oversized,casual,0.31,0.77,0.87,0.62,average
O02780,tank top,shorts,oxfords,red,beige,red,baggy,tailored,baggy,casual,0.92,0.75,0.64,0.78,good
O02781,flannel,shorts,sneakers,brown,navy,beige,oversized,baggy,tailored,casual,0.4,0.51,0.88,0.58,average
O02782,linen shirt,trousers,boots,brown,green,green,baggy,baggy,baggy,minimal,0.35,0.91,0.5,0.56,average
O02783,flannel,chinos,oxfords,black,gray,gray,slim,oversized,baggy,minimal,0.49,0.86,0.76,0.68,average
O02784,white tee,skirt,loafers,brown,green,blue,baggy,slim,slim,streetwear,0.36,0.71,0.86,0.61,average
O02785,flannel,track pants,sandals,beige,black,black,slim,baggy,oversized,business,0.64,0.77,0.6,0.67,average
O02786,sweater,trousers,sneakers,white,blue,gray,baggy,regular,tailored,sport,0.87,0.74,0.9,0.84,good
O02787,graphic tee,track pants,sandals,brown,blue,beige,slim,slim,regular,business,0.72,0.44,0.81,0.66,average
O02788,graphic tee,trousers,oxfords,brown,red,gray,regular,oversized,regular,business,0.77,0.49,0.42,0.58,average
O02789,flannel,jeans,sneakers,green,brown,white,tailored,tailored,regular,minimal,0.81,0.65,0.5,0.67,average
O02790,turtleneck,jeans,sandals,beige,gray,white,slim,regular,tailored,minimal,0.45,0.9,0.77,0.68,average
O02791,linen shirt,skirt,sandals,beige,gray,green,regular,regular,oversized,minimal,0.57,0.74,0.95,0.73,good
O02792,graphic tee,cargo pants,heels,white,white,black,regular,baggy,baggy,minimal,0.92,0.78,0.71,0.82,good
O02793,denim jacket,chinos,boots,white,black,brown,tailored,slim,oversized,casual,0.87,0.45,0.46,0.62,average
O02794,turtleneck,cargo pants,sneakers,red,gray,green,slim,regular,regular,sport,0.59,0.52,0.82,0.64,average
O02795,flannel,shorts,sneakers,white,green,navy,oversized,baggy,tailored,minimal,0.51,0.81,0.6,0.63,average
O02796,linen shirt,track pants,boots,red,white,black,regular,tailored,regular,casual,0.5,0.66,0.53,0.56,average
O02797,flannel,skirt,oxfords,red,white,white,tailored,tailored,oversized,business,0.79,0.41,0.58,0.61,average
O02798,denim jacket,trousers,heels,navy,red,brown,slim,slim,regular,casual,0.38,0.61,0.63,0.52,bad
O02799,black hoodie,track pants,oxfords,white,beige,green,oversized,regular,regular,minimal,0.83,0.74,0.44,0.69,average
O02800,sweater,chinos,oxfords,white,green,white,tailored,tailored,tailored,casual,0.72,0.72,0.82,0.75,good
O02801,black hoodie,skirt,loafers,red,blue,black,baggy,oversized,slim,sport,0.76,0.53,0.92,0.74,good
O02802,black hoodie,track pants,sandals,gray,green,black,tailored,oversized,oversized,minimal,0.73,0.84,0.42,0.67,average
O02803,black hoodie,cargo pants,loafers,white,black,green,oversized,oversized,oversized,business,0.85,0.69,0.46,0.69,average
O02804,flannel,cargo pants,sandals,navy,green,navy,regular,slim,baggy,business,0.47,0.94,0.62,0.66,average
O02805,sweater,track pants,sandals,white,black,beige,slim,oversized,tailored,business,0.95,0.9,0.89,0.92,good
O02806,turtleneck,jeans,boots,white,red,white,tailored,regular,slim,sport,0.56,0.62,0.57,0.58,average
O02807,black hoodie,chinos,loafers,green,blue,black,regular,regular,tailored,streetwear,0.33,0.71,0.7,0.55,bad
O02808,turtleneck,jeans,sneakers,brown,gray,gray,tailored,baggy,tailored,casual,0.71,0.56,0.78,0.69,average
O02809,navy blazer,skirt,oxfords,beige,blue,blue,baggy,regular,baggy,streetwear,0.86,0.86,0.63,0.79,good
O02810,linen shirt,chinos,loafers,black,green,white,oversized,tailored,regular,streetwear,0.39,0.61,0.49,0.49,bad
O02811,polo,chinos,heels,gray,black,blue,baggy,slim,slim,minimal,0.78,0.57,0.76,0.71,average
O02812,navy blazer,skirt,sneakers,red,gray,white,tailored,regular,oversized,minimal,0.6,0.48,0.78,0.62,average
O02813,navy blazer,track pants,heels,gray,beige,black,oversized,oversized,baggy,minimal,0.82,0.76,0.58,0.73,good
O02814,navy blazer,trousers,sneakers,brown,gray,blue,regular,baggy,regular,streetwear,0.86,0.5,0.62,0.68,average
O02815,flannel,jeans,oxfords,beige,gray,black,baggy,slim,tailored,minimal,0.46,0.84,0.9,0.71,average
O02816,tank top,shorts,loafers,blue,brown,blue,slim,baggy,baggy,business,0.85,0.58,0.88,0.78,good
O02817,flannel,trousers,heels,navy,blue,brown,oversized,slim,regular,minimal,0.82,0.63,0.7,0.73,good
O02818,white tee,chinos,heels,white,black,black,oversized,slim,baggy,business,0.57,0.65,0.8,0.66,average
O02819,flannel,skirt,boots,navy,brown,brown,oversized,regular,regular,minimal,0.59,0.8,0.79,0.71,average
O02820,white tee,cargo pants,heels,red,black,blue,baggy,tailored,slim,sport,0.52,0.65,0.6,0.58,average
O02821,flannel,track pants,loafers,green,black,blue,baggy,baggy,oversized,business,0.67,0.6,0.82,0.69,average
O02822,navy blazer,shorts,sneakers,gray,green,blue,tailored,baggy,oversized,streetwear,0.66,0.94,0.73,0.77,good
O02823,flannel,chinos,sandals,navy,brown,blue,baggy,regular,tailored,minimal,0.71,0.84,0.9,0.81,good
O02824,white tee,chinos,boots,black,white,black,oversized,tailored,slim,casual,0.35,0.66,0.91,0.61,average
O02825,navy blazer,cargo pants,oxfords,red,gray,navy,oversized,slim,baggy,casual,0.83,0.83,0.46,0.72,average
O02826,white tee,skirt,heels,brown,navy,beige,slim,oversized,slim,business,0.62,0.49,0.55,0.56,average
O02827,sweater,skirt,oxfords,green,beige,green,oversized,baggy,oversized,sport,0.89,0.73,0.77,0.81,good
O02828,sweater,cargo pants,loafers,blue,navy,red,oversized,oversized,tailored,casual,0.58,0.64,0.89,0.69,average
O02829,graphic tee,trousers,sneakers,white,red,black,baggy,slim,regular,streetwear,0.73,0.6,0.85,0.73,good
O02830,navy blazer,jeans,sneakers,navy,red,black,tailored,regular,oversized,streetwear,0.53,0.77,0.73,0.66,average
O02831,linen shirt,jeans,sneakers,green,black,black,baggy,baggy,slim,sport,0.49,0.84,0.7,0.66,average
O02832,white tee,skirt,sneakers,gray,gray,blue,regular,regular,slim,minimal,0.74,0.83,0.42,0.67,average
O02833,denim jacket,track pants,boots,gray,green,beige,oversized,baggy,oversized,casual,0.61,0.71,0.67,0.66,average
O02834,flannel,track pants,heels,gray,white,beige,regular,tailored,tailored,minimal,0.62,0.59,0.84,0.68,average
O02835,polo,skirt,sneakers,gray,navy,red,regular,regular,tailored,business,0.87,0.61,0.8,0.77,good
O02836,turtleneck,shorts,loafers,blue,green,white,slim,slim,baggy,casual,0.63,0.84,0.78,0.74,good
O02837,graphic tee,track pants,heels,white,black,blue,tailored,oversized,oversized,sport,0.62,0.95,0.61,0.72,average
O02838,white tee,jeans,heels,black,gray,brown,baggy,oversized,regular,minimal,0.3,0.77,0.94,0.63,average
O02839,flannel,shorts,loafers,green,brown,white,baggy,tailored,tailored,minimal,0.93,0.76,0.9,0.87,good
O02840,linen shirt,trousers,oxfords,black,beige,red,baggy,oversized,regular,casual,0.85,0.47,0.57,0.65,average
O02841,flannel,cargo pants,heels,green,white,blue,tailored,baggy,tailored,streetwear,0.83,0.84,0.59,0.76,good
O02842,sweater,chinos,oxfords,white,red,green,slim,slim,baggy,casual,0.79,0.84,0.8,0.81,good
O02843,denim jacket,skirt,loafers,blue,navy,white,slim,oversized,tailored,business,0.68,0.72,0.59,0.67,average
O02844,flannel,track pants,heels,gray,blue,green,baggy,slim,oversized,casual,0.46,0.65,0.69,0.59,average
O02845,graphic tee,jeans,loafers,beige,navy,black,slim,regular,oversized,business,0.54,0.72,0.57,0.6,average
O02846,turtleneck,shorts,loafers,red,red,white,tailored,baggy,oversized,streetwear,0.41,0.61,0.51,0.5,bad
O02847,polo,skirt,oxfords,black,white,white,slim,regular,baggy,streetwear,0.63,0.92,0.46,0.67,average
O02848,white tee,shorts,oxfords,blue,white,gray,regular,tailored,slim,business,0.58,0.95,0.79,0.75,good
O02849,black hoodie,skirt,oxfords,navy,red,green,slim,baggy,slim,sport,0.79,0.46,0.8,0.69,average
O02850,denim jacket,cargo pants,heels,navy,red,brown,baggy,tailored,tailored,streetwear,0.63,0.49,0.52,0.56,average
O02851,flannel,trousers,loafers,red,red,white,oversized,regular,regular,casual,0.4,0.65,0.44,0.49,bad
O02852,tank top,shorts,heels,beige,blue,green,baggy,slim,slim,business,0.73,0.52,0.75,0.67,average
O02853,linen shirt,skirt,heels,white,blue,red,slim,slim,slim,minimal,0.95,0.93,0.76,0.89,good
O02854,polo,trousers,heels,gray,white,black,tailored,slim,slim,casual,0.75,0.49,0.66,0.65,average
O02855,denim jacket,chinos,sneakers,navy,black,gray,baggy,tailored,oversized,casual,0.87,0.41,0.9,0.74,good
O02856,turtleneck,trousers,oxfords,brown,black,brown,baggy,oversized,regular,sport,0.47,0.49,0.61,0.52,bad
O02857,turtleneck,track pants,boots,blue,beige,navy,slim,regular,oversized,casual,0.91,0.41,0.49,0.63,average
O02858,navy blazer,track pants,loafers,red,red,white,tailored,baggy,oversized,streetwear,0.79,0.92,0.43,0.72,average
O02859,sweater,cargo pants,oxfords,navy,navy,blue,baggy,oversized,slim,minimal,0.55,0.77,0.62,0.64,average
O02860,tank top,shorts,sneakers,beige,blue,blue,baggy,baggy,oversized,sport,0.54,0.86,0.87,0.74,good
O02861,white tee,jeans,heels,beige,green,beige,baggy,baggy,tailored,minimal,0.69,0.92,0.95,0.84,good
O02862,polo,cargo pants,boots,navy,green,black,oversized,baggy,regular,business,0.52,0.72,0.84,0.68,average
O02863,denim jacket,skirt,sandals,green,brown,green,tailored,regular,regular,casual,0.56,0.84,0.89,0.74,good
O02864,navy blazer,jeans,sneakers,blue,blue,green,oversized,baggy,tailored,streetwear,0.5,0.66,0.75,0.62,average
O02865,linen shirt,cargo pants,boots,black,gray,red,baggy,baggy,tailored,minimal,0.36,0.65,0.8,0.58,average
O02866,polo,trousers,loafers,gray,white,navy,oversized,oversized,tailored,streetwear,0.75,0.7,0.92,0.79,good
O02867,turtleneck,skirt,boots,black,red,brown,slim,tailored,tailored,casual,0.62,0.8,0.66,0.69,average
O02868,linen shirt,shorts,heels,black,white,red,regular,oversized,baggy,sport,0.6,0.84,0.89,0.76,good
O02869,linen shirt,shorts,heels,gray,red,black,oversized,baggy,regular,streetwear,0.69,0.7,0.86,0.74,good
O02870,flannel,shorts,loafers,white,brown,navy,oversized,regular,regular,sport,0.82,0.42,0.71,0.67,average
O02871,polo,shorts,boots,gray,black,blue,oversized,slim,slim,casual,0.38,0.59,0.65,0.52,bad
O02872,denim jacket,skirt,loafers,red,black,green,oversized,tailored,regular,sport,0.7,0.57,0.42,0.58,average
O02873,sweater,chinos,sandals,black,green,brown,tailored,oversized,baggy,minimal,0.8,0.77,0.66,0.75,good
O02874,denim jacket,trousers,boots,gray,gray,blue,slim,slim,regular,minimal,0.64,0.53,0.82,0.66,average
O02875,linen shirt,track pants,oxfords,white,black,brown,slim,slim,oversized,minimal,0.49,0.66,0.69,0.6,average
O02876,tank top,shorts,oxfords,green,red,gray,tailored,oversized,slim,sport,0.84,0.68,0.87,0.8,good
O02877,denim jacket,skirt,sneakers,black,blue,gray,baggy,tailored,slim,business,0.92,0.78,0.67,0.8,good
O02878,turtleneck,jeans,boots,beige,gray,navy,tailored,baggy,slim,sport,0.46,0.94,0.58,0.64,average
O02879,tank top,shorts,boots,white,red,navy,slim,slim,baggy,minimal,0.52,0.65,0.45,0.54,bad
O02880,sweater,shorts,sandals,beige,gray,green,regular,baggy,tailored,streetwear,0.33,0.82,0.74,0.6,average
O02881,flannel,jeans,sneakers,green,red,gray,tailored,slim,oversized,business,0.56,0.73,0.42,0.57,average
O02882,flannel,skirt,sneakers,black,navy,beige,tailored,tailored,tailored,casual,0.63,0.47,0.83,0.64,average
O02883,navy blazer,trousers,sandals,green,green,brown,oversized,baggy,regular,minimal,0.59,0.68,0.43,0.57,average
O02884,white tee,skirt,sandals,black,beige,beige,slim,baggy,oversized,sport,0.66,0.54,0.86,0.68,average
O02885,polo,skirt,boots,beige,navy,gray,regular,tailored,oversized,casual,0.43,0.64,0.41,0.49,bad
O02886,linen shirt,chinos,boots,green,brown,navy,slim,tailored,slim,business,0.39,0.73,0.85,0.63,average
O02887,polo,trousers,sandals,brown,red,beige,regular,oversized,oversized,casual,0.49,0.64,0.89,0.66,average
O02888,black hoodie,chinos,sandals,gray,gray,blue,baggy,oversized,baggy,sport,0.91,0.41,0.92,0.76,good
O02889,navy blazer,chinos,oxfords,green,black,brown,oversized,slim,tailored,minimal,0.44,0.66,0.83,0.62,average
O02890,polo,trousers,sneakers,white,red,gray,regular,oversized,regular,casual,0.88,0.47,0.94,0.77,good
O02891,polo,track pants,sandals,white,navy,beige,regular,tailored,baggy,business,0.83,0.83,0.78,0.81,good
O02892,tank top,cargo pants,boots,black,beige,blue,slim,oversized,tailored,business,0.59,0.53,0.8,0.64,average
O02893,graphic tee,track pants,sandals,green,brown,brown,baggy,tailored,tailored,casual,0.68,0.77,0.61,0.69,average
O02894,linen shirt,jeans,loafers,black,beige,beige,tailored,tailored,tailored,streetwear,0.73,0.47,0.57,0.6,average
O02895,graphic tee,skirt,sneakers,red,red,navy,tailored,slim,regular,business,0.73,0.65,0.48,0.63,average
O02896,denim jacket,trousers,heels,blue,gray,black,baggy,baggy,oversized,minimal,0.31,0.8,0.57,0.53,bad
O02897,navy blazer,track pants,oxfords,black,beige,brown,regular,slim,tailored,casual,0.89,0.58,0.74,0.75,good
O02898,flannel,skirt,boots,gray,gray,green,oversized,regular,slim,streetwear,0.92,0.83,0.53,0.78,good
O02899,linen shirt,trousers,loafers,white,blue,beige,regular,regular,regular,sport,0.81,0.61,0.95,0.79,good
O02900,white tee,cargo pants,loafers,gray,black,gray,tailored,tailored,oversized,business,0.85,0.64,0.56,0.7,average
O02901,polo,track pants,heels,white,black,beige,baggy,oversized,tailored,streetwear,0.8,0.78,0.57,0.73,good
O02902,white tee,skirt,loafers,navy,green,black,baggy,baggy,baggy,minimal,0.5,0.46,0.47,0.48,bad
O02903,sweater,shorts,oxfords,green,white,black,tailored,regular,tailored,sport,0.43,0.59,0.71,0.56,average
O02904,graphic tee,cargo pants,oxfords,gray,blue,green,regular,oversized,baggy,sport,0.91,0.47,0.94,0.79,good
O02905,sweater,track pants,boots,blue,blue,red,baggy,baggy,regular,sport,0.89,0.48,0.48,0.64,average
O02906,tank top,jeans,sandals,green,red,navy,slim,regular,tailored,sport,0.92,0.75,0.81,0.84,good
O02907,turtleneck,skirt,sandals,brown,white,blue,slim,slim,baggy,casual,0.91,0.79,0.53,0.76,good
O02908,black hoodie,skirt,loafers,green,beige,black,slim,oversized,slim,minimal,0.58,0.9,0.49,0.65,average
O02909,tank top,trousers,oxfords,blue,blue,brown,tailored,regular,oversized,casual,0.66,0.73,0.91,0.76,good
O02910,flannel,skirt,heels,black,gray,black,baggy,oversized,regular,streetwear,0.85,0.73,0.81,0.8,good
O02911,flannel,shorts,heels,white,brown,red,tailored,slim,baggy,business,0.51,0.41,0.9,0.6,average
O02912,white tee,chinos,oxfords,blue,navy,red,tailored,baggy,regular,casual,0.83,0.53,0.64,0.68,average
O02913,flannel,jeans,loafers,black,navy,blue,slim,tailored,regular,minimal,0.4,0.44,0.81,0.54,bad
O02914,denim jacket,shorts,sneakers,red,brown,navy,baggy,slim,tailored,minimal,0.75,0.75,0.9,0.8,good
O02915,white tee,track pants,sandals,green,beige,beige,baggy,regular,oversized,casual,0.4,0.56,0.62,0.51,bad
O02916,denim jacket,jeans,sandals,white,brown,red,oversized,regular,slim,minimal,0.32,0.61,0.61,0.49,bad
O02917,navy blazer,trousers,sneakers,beige,green,brown,regular,baggy,oversized,streetwear,0.48,0.57,0.72,0.58,average
O02918,tank top,track pants,oxfords,green,red,black,slim,slim,regular,minimal,0.37,0.59,0.67,0.53,bad
O02919,denim jacket,cargo pants,oxfords,blue,beige,navy,slim,regular,oversized,minimal,0.38,0.95,0.93,0.72,average
O02920,tank top,track pants,loafers,brown,white,navy,tailored,oversized,regular,minimal,0.71,0.67,0.85,0.74,good
O02921,white tee,chinos,oxfords,red,blue,brown,baggy,regular,tailored,casual,0.58,0.79,0.61,0.65,average
O02922,denim jacket,skirt,boots,green,beige,white,tailored,slim,slim,minimal,0.32,0.63,0.61,0.5,bad
O02923,black hoodie,trousers,boots,green,gray,black,tailored,tailored,tailored,streetwear,0.9,0.84,0.93,0.89,good
O02924,linen shirt,shorts,boots,brown,blue,gray,slim,regular,oversized,streetwear,0.92,0.86,0.84,0.88,good
O02925,black hoodie,skirt,loafers,brown,navy,black,slim,oversized,oversized,business,0.88,0.47,0.48,0.64,average
O02926,flannel,trousers,heels,white,black,beige,baggy,regular,tailored,streetwear,0.31,0.57,0.51,0.45,bad
O02927,polo,track pants,oxfords,beige,red,navy,tailored,tailored,baggy,casual,0.81,0.7,0.76,0.76,good
O02928,linen shirt,jeans,sneakers,red,white,black,baggy,oversized,tailored,minimal,0.61,0.48,0.55,0.55,bad
O02929,polo,trousers,boots,black,navy,brown,slim,tailored,tailored,business,0.64,0.89,0.56,0.69,average
O02930,linen shirt,shorts,loafers,black,brown,green,regular,tailored,tailored,sport,0.43,0.94,0.91,0.73,good
O02931,polo,track pants,heels,gray,blue,beige,regular,regular,tailored,casual,0.66,0.44,0.73,0.61,average
O02932,denim jacket,chinos,oxfords,black,red,brown,oversized,baggy,regular,minimal,0.8,0.74,0.68,0.75,good
O02933,navy blazer,trousers,sneakers,white,green,white,tailored,tailored,tailored,casual,0.89,0.85,0.49,0.76,good
O02934,denim jacket,track pants,loafers,white,black,blue,oversized,baggy,oversized,streetwear,0.72,0.77,0.53,0.68,average
O02935,white tee,chinos,loafers,gray,blue,brown,baggy,baggy,regular,streetwear,0.73,0.86,0.87,0.81,good
O02936,graphic tee,shorts,oxfords,black,black,black,baggy,tailored,oversized,streetwear,0.44,0.59,0.55,0.52,bad
O02937,black hoodie,chinos,sneakers,white,gray,red,baggy,oversized,baggy,sport,0.53,0.63,0.54,0.56,average
O02938,black hoodie,skirt,heels,green,blue,beige,tailored,regular,baggy,streetwear,0.75,0.93,0.8,0.82,good
O02939,polo,shorts,heels,gray,black,blue,regular,oversized,tailored,streetwear,0.49,0.67,0.64,0.59,average
O02940,tank top,track pants,loafers,navy,beige,brown,regular,tailored,oversized,minimal,0.71,0.66,0.58,0.66,average
O02941,flannel,cargo pants,sneakers,gray,white,white,baggy,tailored,regular,sport,0.81,0.8,0.62,0.75,good
O02942,sweater,shorts,loafers,beige,green,gray,slim,tailored,regular,casual,0.76,0.86,0.63,0.75,good
O02943,graphic tee,track pants,heels,navy,black,navy,slim,tailored,slim,business,0.68,0.6,0.5,0.6,average
O02944,denim jacket,trousers,oxfords,brown,brown,gray,tailored,slim,baggy,casual,0.3,0.7,0.68,0.53,bad
O02945,flannel,trousers,boots,blue,gray,gray,tailored,baggy,tailored,casual,0.65,0.58,0.56,0.6,average
O02946,black hoodie,trousers,sneakers,black,beige,navy,oversized,tailored,oversized,casual,0.47,0.83,0.4,0.56,average
O02947,polo,cargo pants,sneakers,green,blue,blue,slim,baggy,slim,business,0.71,0.6,0.53,0.62,average
O02948,turtleneck,trousers,boots,beige,black,black,tailored,baggy,slim,casual,0.55,0.68,0.56,0.59,average
O02949,sweater,skirt,loafers,red,white,red,slim,regular,slim,sport,0.79,0.73,0.45,0.67,average
O02950,flannel,track pants,oxfords,brown,green,black,regular,slim,tailored,minimal,0.84,0.68,0.55,0.71,average
O02951,tank top,jeans,loafers,red,white,black,regular,slim,baggy,sport,0.52,0.8,0.82,0.69,average
O02952,linen shirt,skirt,sandals,green,black,red,oversized,oversized,oversized,casual,0.82,0.86,0.45,0.72,average
O02953,flannel,trousers,loafers,green,white,brown,slim,baggy,baggy,business,0.35,0.56,0.63,0.5,bad
O02954,tank top,cargo pants,oxfords,red,white,white,oversized,oversized,oversized,casual,0.45,0.55,0.5,0.49,bad
O02955,flannel,track pants,sneakers,red,white,navy,tailored,slim,tailored,business,0.88,0.71,0.49,0.71,average
O02956,navy blazer,chinos,heels,green,blue,gray,baggy,baggy,oversized,streetwear,0.54,0.79,0.55,0.62,average
O02957,denim jacket,jeans,sneakers,brown,beige,beige,oversized,slim,baggy,business,0.6,0.63,0.57,0.6,average
O02958,black hoodie,cargo pants,sandals,black,beige,navy,regular,tailored,baggy,casual,0.52,0.77,0.76,0.67,average
O02959,polo,skirt,sneakers,red,black,brown,tailored,baggy,tailored,sport,0.83,0.79,0.88,0.83,good
O02960,navy blazer,track pants,loafers,gray,red,gray,slim,slim,slim,sport,0.83,0.78,0.82,0.81,good
O02961,linen shirt,chinos,boots,blue,white,black,regular,slim,oversized,sport,0.61,0.58,0.49,0.56,average
O02962,linen shirt,cargo pants,sandals,brown,brown,brown,tailored,regular,slim,streetwear,0.77,0.67,0.71,0.72,average
O02963,turtleneck,skirt,sandals,beige,brown,brown,tailored,slim,oversized,casual,0.71,0.52,0.74,0.66,average
O02964,tank top,shorts,boots,beige,white,blue,oversized,tailored,slim,sport,0.88,0.41,0.47,0.62,average
O02965,tank top,shorts,oxfords,black,gray,gray,slim,tailored,tailored,sport,0.53,0.78,0.52,0.6,average
O02966,turtleneck,shorts,oxfords,gray,white,gray,regular,regular,regular,streetwear,0.82,0.64,0.68,0.72,average
O02967,tank top,cargo pants,heels,white,brown,green,oversized,slim,slim,streetwear,0.31,0.85,0.76,0.61,average
O02968,polo,chinos,heels,navy,blue,beige,regular,oversized,oversized,streetwear,0.4,0.74,0.66,0.58,average
O02969,tank top,shorts,boots,white,white,white,oversized,baggy,oversized,sport,0.4,0.63,0.85,0.6,average
O02970,polo,skirt,sneakers,white,brown,green,slim,slim,slim,minimal,0.85,0.44,0.99,0.77,good
O02971,flannel,chinos,heels,red,red,blue,baggy,slim,oversized,streetwear,0.63,0.88,0.56,0.68,average
O02972,tank top,jeans,loafers,black,green,white,regular,oversized,slim,casual,0.85,0.78,0.45,0.71,average
O02973,turtleneck,trousers,boots,black,navy,black,slim,slim,slim,casual,0.73,0.59,0.83,0.72,average
O02974,turtleneck,shorts,loafers,beige,red,navy,regular,tailored,slim,minimal,0.39,0.58,0.51,0.48,bad
O02975,tank top,trousers,sneakers,navy,black,black,regular,slim,regular,streetwear,0.51,0.92,0.57,0.65,average
O02976,graphic tee,jeans,loafers,black,beige,navy,oversized,slim,oversized,minimal,0.64,0.93,0.91,0.81,good
O02977,graphic tee,trousers,loafers,white,green,white,baggy,oversized,baggy,sport,0.31,0.6,0.5,0.45,bad
O02978,polo,shorts,oxfords,blue,green,green,oversized,tailored,oversized,casual,0.88,0.75,0.53,0.74,good
O02979,black hoodie,skirt,sandals,gray,brown,gray,baggy,regular,slim,streetwear,0.88,0.75,0.94,0.86,good
O02980,tank top,chinos,boots,green,navy,brown,tailored,regular,oversized,sport,0.79,0.71,0.63,0.72,average
O02981,denim jacket,jeans,sandals,brown,beige,red,baggy,oversized,baggy,business,0.53,0.6,0.62,0.58,average
O02982,navy blazer,track pants,sneakers,blue,white,gray,slim,tailored,tailored,business,0.59,0.68,0.54,0.6,average
O02983,flannel,cargo pants,sneakers,red,gray,red,regular,regular,slim,streetwear,0.69,0.41,0.8,0.64,average
O02984,sweater,trousers,boots,brown,green,black,tailored,oversized,baggy,minimal,0.62,0.72,0.73,0.68,average
O02985,tank top,jeans,boots,navy,navy,navy,oversized,oversized,regular,casual,0.44,0.52,0.84,0.58,average
O02986,denim jacket,skirt,sandals,green,green,brown,tailored,regular,regular,sport,0.76,0.79,0.44,0.67,average
O02987,linen shirt,cargo pants,sneakers,black,black,red,oversized,tailored,tailored,minimal,0.69,0.54,0.61,0.62,average
O02988,polo,shorts,sandals,green,navy,beige,baggy,oversized,baggy,minimal,0.57,0.68,0.62,0.62,average
O02989,black hoodie,trousers,loafers,beige,beige,gray,baggy,oversized,oversized,minimal,0.33,0.72,0.84,0.6,average
O02990,navy blazer,shorts,sneakers,white,black,brown,regular,oversized,regular,streetwear,0.91,0.47,0.57,0.68,average
O02991,graphic tee,jeans,sneakers,black,gray,black,oversized,baggy,regular,business,0.45,0.81,0.6,0.6,average
O02992,tank top,track pants,sandals,navy,green,white,oversized,tailored,tailored,business,0.56,0.7,0.85,0.69,average
O02993,black hoodie,shorts,oxfords,red,black,white,regular,tailored,oversized,minimal,0.59,0.73,0.69,0.66,average
O02994,sweater,skirt,boots,black,brown,navy,slim,regular,regular,minimal,0.81,0.52,0.89,0.75,good
O02995,white tee,cargo pants,sneakers,white,white,brown,slim,baggy,slim,streetwear,0.6,0.42,0.5,0.52,bad
O02996,white tee,track pants,loafers,brown,white,blue,oversized,tailored,oversized,sport,0.78,0.46,0.83,0.7,average
O02997,polo,cargo pants,oxfords,red,brown,navy,oversized,oversized,oversized,casual,0.42,0.5,0.54,0.48,bad
O02998,sweater,trousers,loafers,beige,navy,navy,baggy,regular,slim,business,0.88,0.54,0.56,0.68,average
O02999,polo,skirt,sneakers,white,red,gray,slim,regular,tailored,streetwear,0.66,0.87,0.62,0.71,average
O03000,tank top,cargo pants,boots,navy,white,white,regular,oversized,baggy,sport,0.56,0.78,0.88,0.72,average
